Symbol,Name,Last Sale,Net Change,% Change,Market Cap,Country,IPO Year,Volume,Sector,Industry
A,Agilent Technologies Inc. Common Stock,$146.36,-0.38,-0.259%,41493122496.00,United States,1999,1310513,Industrials,Biotechnology: Laboratory Analytical Instruments
AA,Alcoa Corporation Common Stock ,$38.79,1.47,3.939%,10045214801.00,United States,2016,5675940,Industrials,Aluminum
AACB,Artius II Acquisition Inc. Class A Ordinary Shares,$10.26,0.0103,0.10%,0.00,United States,2025,9959,,
AACBR,Artius II Acquisition Inc. Rights,$0.31,0.00,0.00%,0.00,United States,2025,67,,
AACBU,Artius II Acquisition Inc. Units,$10.49,0.00,0.00%,0.00,United States,2025,14,Finance,Blank Checks
AACG,ATA Creativity Global American Depositary Shares,$1.3176,0.1276,10.723%,42046444.00,China,2008,29045,Real Estate,Other Consumer Services
AAL,American Airlines Group Inc. Common Stock,$13.31,-0.34,-2.491%,8785751248.00,United States,,53798688,Consumer Discretionary,Air Freight/Delivery Services
AAM,AA Mission Acquisition Corp. Class A Ordinary Shares,$10.67,0.0299,0.281%,0.00,,2024,1188,,
AAME,Atlantic American Corporation Common Stock,$2.90,0.01,0.346%,59151961.00,United States,,18101,Finance,Life Insurance
AAMI,Acadian Asset Management Inc. Common Stock,$45.22,0.75,1.687%,1614766406.00,United Kingdom,2014,153284,Finance,Investment Managers
AAOI,Applied Optoelectronics Inc. Common Stock,$25.42,-3.15,-11.026%,1735637360.00,United States,2013,9289622,Technology,Semiconductors
AAON,AAON Inc. Common Stock,$105.79,0.26,0.246%,8636066996.00,United States,,1090695,Industrials,Industrial Machinery/Components
AAP,Advance Auto Parts Inc.,$47.55,-1.12,-2.301%,2854057750.00,United States,,1448283,Consumer Discretionary,Auto & Home Supply Stores
AAPG,Ascentage Pharma Group International American Depository Shares,$32.40,0.67,2.112%,2820959298.00,China,2025,3298,Health Care,Biotechnology: Pharmaceutical Preparations
AAPL,Apple Inc. Common Stock,$269.43,1.22,0.455%,3981192788790.00,United States,1980,41281174,Technology,Computer Manufacturing
AARD,Aardvark Therapeutics Inc. Common Stock,$10.44,0.30,2.959%,226515563.00,United States,2025,133524,Health Care,Biotechnology: Pharmaceutical Preparations
AAT,American Assets Trust Inc. Common Stock,$19.19,-0.13,-0.673%,1173517281.00,United States,2011,255680,Real Estate,Real Estate Investment Trusts
AAUC,Allied Gold Corporation Common Shares,$16.41,0.96,6.214%,2034840000.00,,2025,333932,,
AB,AllianceBernstein Holding L.P.  Units,$39.39,0.25,0.639%,3584224157.00,United States,,112644,Finance,Investment Managers
ABAT,American Battery Technology Company Common Stock,$4.28,-0.15,-3.386%,556271420.00,United States,,9285915,Basic Materials,Metal Mining
ABBV,AbbVie Inc. Common Stock,$218.71,-0.45,-0.205%,386544692865.00,United States,2012,4530758,Health Care,Biotechnology: Pharmaceutical Preparations
ABCB,Ameris Bancorp Common Stock,$73.85,0.17,0.231%,5065138725.00,United States,1994,379016,Finance,Major Banks
ABCL,AbCellera Biologics Inc. Common Shares,$4.03,0.12,3.069%,1187502094.00,Canada,2020,7160612,Health Care,Biotechnology: Pharmaceutical Preparations
ABEO,Abeona Therapeutics Inc. Common Stock,$4.23,0.03,0.714%,216908220.00,United States,,2451741,Health Care,Biotechnology: Pharmaceutical Preparations
ABEV,Ambev S.A. American Depositary Shares (Each representing 1 Common Share),$2.44,0.01,0.412%,38202004509.00,Brazil,2013,22335904,Consumer Staples,Beverages (Production/Distribution)
ABG,Asbury Automotive Group Inc Common Stock,$222.61,-4.00,-1.765%,4327662616.00,United States,2002,185959,Consumer Discretionary,Retail-Auto Dealers and Gas Stations
ABL,Abacus Global Management Inc. Class A Common Stock,$6.55,0.10,1.55%,633808287.00,United States,2020,1999313,Finance,Investment Managers
ABLLL,Abacus Global Management Inc. 9.875% Fixed Rate Senior Notes due 2028,$25.48,0.18,0.711%,1902116322.00,United States,,16431,Finance,Investment Managers
ABLV,Able View Global Inc. Class B Ordinary Shares,$0.788,-0.052,-6.19%,38919259.00,China,,7839,Consumer Discretionary,Other Consumer Services
ABLVW,Able View Global Inc. Warrant,$0.0237,-0.0005,-2.066%,1170541.00,China,,182364,Consumer Discretionary,Other Consumer Services
ABM,ABM Industries Incorporated Common Stock,$42.29,0.34,0.81%,2589581420.00,United States,,461084,Consumer Discretionary,Diversified Commercial Services
ABNB,Airbnb Inc. Class A Common Stock,$120.20,-0.68,-0.563%,73989080671.00,United States,2020,7480715,Consumer Discretionary,Diversified Commercial Services
ABOS,Acumen Pharmaceuticals Inc. Common Stock,$1.89,0.01,0.532%,114483773.00,United States,2021,122868,Health Care,Biotechnology: Biological Products (No Diagnostic Substances)
ABP,Abpro Holdings Inc Common Stock,$5.82,0.20,3.559%,15743100.00,United States,2022,29853,Health Care,Biotechnology: Pharmaceutical Preparations
ABPWW,Abpro Holdings Inc. Warrant,$0.019,0.0001,0.529%,51395.00,United States,2022,12918,Health Care,Biotechnology: Pharmaceutical Preparations
ABR,Arbor Realty Trust Common Stock,$9.25,0.02,0.217%,1810323374.00,United States,2004,5419651,Real Estate,Real Estate Investment Trusts
ABR^D,Arbor Realty Trust 6.375% Series D Cumulative Redeemable Preferred Stock Liquidation Preference $25.00 per Share,$17.72,0.01,0.056%,,United States,,16242,,
ABR^E,Arbor Realty Trust 6.25% Series E Cumulative Redeemable Preferred Stock,$17.30,0.1685,0.984%,,United States,,1724,,
ABR^F,Arbor Realty Trust 6.25% Series F Fixed-to-Floating Rate Cumulative Redeemable Preferred Stock Liquidation Preference $25.00 per share,$22.25,0.11,0.497%,,United States,,13255,,
ABSI,Absci Corporation Common Stock,$3.32,-0.015,-0.45%,496415188.00,United States,2021,3118439,Health Care,Biotechnology: Commercial Physical & Biological Resarch
ABT,Abbott Laboratories Common Stock,$125.89,-0.47,-0.372%,218906589408.00,United States,,4251615,Health Care,Biotechnology: Pharmaceutical Preparations
ABTC,American Bitcoin Corp. Class A Common Stock,$4.89,0.25,5.388%,4442996005.00,United States,2018,4154475,Technology,EDP Services
ABTS,Abits Group Inc Ordinary Shares,$6.18,0.23,3.866%,14647459.00,China,,31047,Technology,Computer Software: Programming Data Processing
ABUS,Arbutus Biopharma Corporation Common Stock,$4.59,0.09,2.00%,879897010.00,Canada,,997867,Health Care,Biotechnology: Pharmaceutical Preparations
ABVC,ABVC BioPharma Inc. Common Stock,$2.85,-0.06,-2.062%,69258104.00,United States,,48122,Health Care,Biotechnology: Pharmaceutical Preparations
ABVE,Above Food Ingredients Inc. Common Stock,$2.69,-0.04,-1.465%,137706071.00,Canada,,1911967,Consumer Staples,Packaged Foods
ABVEW,Above Food Ingredients Inc. Warrants,$0.9104,0.0552,6.455%,46605058.00,Canada,,56548,Consumer Staples,Packaged Foods
ABVX,Abivax SA American Depositary Shares,$106.12,0.85,0.807%,8245764150.00,France,2023,818259,Health Care,Biotechnology: Pharmaceutical Preparations
ACA,Arcosa Inc. Common Stock ,$100.05,0.97,0.979%,4906954751.00,United States,2018,137986,Industrials,Metal Fabrications
ACAD,ACADIA Pharmaceuticals Inc. Common Stock,$22.20,-0.37,-1.639%,3755836337.00,United States,1985,1431983,Health Care,Biotechnology: Pharmaceutical Preparations
ACB,Aurora Cannabis Inc. Common Shares,$4.67,0.12,2.637%,264806671.00,Canada,,1590046,Health Care, Medicinal Chemicals and Botanical Products 
ACCL,Acco Group Holdings Limited Ordinary Shares,$4.26,0.26,6.50%,59214000.00,Hong Kong,2025,28049,Consumer Discretionary,Professional Services
ACCO,Acco Brands Corporation Common Stock,$3.44,0.00,0.00%,310068298.00,United States,,821280,Consumer Discretionary,Publishing
ACCS,ACCESS Newswire Inc. Common Stock,$8.90,-0.1899,-2.089%,34432551.00,United States,,12472,Consumer Discretionary,Publishing
ACDC,ProFrac Holding Corp. Class A Common Stock,$4.015,-1.015,-20.179%,643524943.00,United States,2022,3751408,Energy,Oilfield Services/Equipment
ACEL,Accel Entertainment Inc. ,$10.41,0.23,2.259%,866194718.00,United States,2017,317418,Consumer Discretionary,Services-Misc. Amusement & Recreation
ACET,Adicet Bio Inc. Common Stock,$0.6569,0.0173,2.705%,100673591.00,United States,2018,1944486,Health Care,Biotechnology: Pharmaceutical Preparations
ACFN,Acorn Energy Inc. Common Stock,$15.87,0.74,4.891%,39748415.00,United States,,60272,Consumer Discretionary,Military/Government/Technical
ACGL,Arch Capital Group Ltd. Common Stock,$89.79,0.22,0.246%,32560182973.00,Bermuda,,2620098,Finance,Property-Casualty Insurers
ACGLN,Arch Capital Group Ltd. Depositary Shares each Representing a 1/1000th Interest in a 4.550% Non-Cumulative Preferred Share Series G,$17.57,0.12,0.688%,6371337731.00,Bermuda,,26816,Finance,Property-Casualty Insurers
ACGLO,Arch Capital Group Ltd. Depositary Shares Each Representing 1/1000th Interest in a Share of 5.45% Non-Cumulative Preferred Shares Series F,$21.13,-0.02,-0.095%,7662286070.00,Bermuda,,20395,Finance,Property-Casualty Insurers
ACHC,Acadia Healthcare Company Inc. Common Stock,$18.17,-1.34,-6.868%,1676330876.00,United States,,2521942,Health Care,Medical Specialities
ACHR,Archer Aviation Inc. Class A Common Stock,$8.45,0.27,3.301%,5503836038.00,United States,2020,69098501,Industrials,Aerospace
ACHV,Achieve Life Sciences Inc. Common Shares,$4.45,-0.14,-3.05%,236891247.00,United States,,605192,Health Care,Biotechnology: In Vitro & In Vivo Diagnostic Substances
ACI,Albertsons Companies Inc. Class A Common Stock,$17.48,-0.25,-1.41%,9601895624.00,United States,2020,10474438,Consumer Staples,Food Chains
ACIC,American Coastal Insurance Corporation Common Stock,$11.97,-0.17,-1.40%,583720665.00,United States,,196193,Finance,Property-Casualty Insurers
ACIU,AC Immune SA Common Stock,$3.35,0.05,1.515%,336374763.00,Switzerland,2016,102330,Health Care,Biotechnology: Pharmaceutical Preparations
ACIW,ACI Worldwide Inc. Common Stock,$47.48,-1.48,-3.023%,4894618525.00,United States,,885376,Technology,Computer Software: Prepackaged Software
ACLS,Axcelis Technologies Inc. Common Stock,$87.42,1.68,1.959%,2709944207.00,United States,2000,654528,Technology,Industrial Machinery/Components
ACLX,Arcellx Inc. Common Stock,$85.69,-0.86,-0.994%,4954841816.00,United States,2022,279597,Health Care,Biotechnology: Biological Products (No Diagnostic Substances)
ACM,AECOM Common Stock,$130.67,-0.08,-0.061%,17306732018.00,United States,2007,437384,Consumer Discretionary,Military/Government/Technical
ACMR,ACM Research Inc. Class A Common Stock,$32.95,1.85,5.949%,2137679060.00,United States,2017,2315766,Technology,Industrial Machinery/Components
ACN,Accenture plc Class A Ordinary Shares (Ireland),$244.55,-1.21,-0.492%,160955900973.00,Ireland,2001,2818519,Real Estate,Real Estate
ACNB,ACNB Corporation Common Stock,$47.89,0.91,1.937%,497328647.00,United States,,16759,Finance,Major Banks
ACNT,Ascent Industries Co. Common Stock,$12.69,0.00,0.00%,118839490.00,United States,,124772,Industrials,Steel/Iron Ore
ACOG,Alpha Cognition Inc. Common Stock,$6.26,0.54,9.441%,101166527.00,Canada,,56784,,
ACON,Aclarion Inc. Common Stock,$7.24,0.01,0.138%,4216366.00,United States,2022,20616,Health Care,Medical Specialities
ACONW,Aclarion Inc. Warrant,$0.0491,-0.001,-1.996%,28594.00,United States,2022,7541,Health Care,Medical Specialities
ACP,abrdn Income Credit Strategies Fund Common Shares,$5.50,-0.02,-0.362%,0.00,United States,2011,542223,Finance,Investment Managers
ACP^A,abrdn Income Credit Strategies Fund 5.250% Series A Perpetual Preferred Stock,$20.9799,0.0499,0.238%,,United States,,823,,
ACR,ACRES Commercial Realty Corp. Common Stock,$21.71,-0.28,-1.273%,158172113.00,United States,,17397,Real Estate,Real Estate Investment Trusts
ACR^C,ACRES Commercial Realty Corp. 8.625% Fixed-to-Floating Series C Cumulative Redeemable Preferred Stock ,$25.1399,0.0049,0.019%,,United States,,3470,,
ACR^D,ACRES Commercial Realty Corp. 7.875% Series D Cumulative Redeemable Preferred Stock,$22.20,0.07,0.316%,,United States,,1829,,
ACRE,Ares Commercial Real Estate Corporation Common Stock,$4.76,-0.30,-5.929%,261825480.00,United States,2012,948842,Real Estate,Real Estate Investment Trusts
ACRS,Aclaris Therapeutics Inc. Common Stock,$2.13,-0.19,-8.19%,230775359.00,United States,2015,1111393,Health Care,Biotechnology: Pharmaceutical Preparations
ACRV,Acrivon Therapeutics Inc. Common Stock,$2.03,0.15,7.979%,63854959.00,United States,2022,311576,Health Care,Biotechnology: Pharmaceutical Preparations
ACT,Enact Holdings Inc. Common Stock,$37.40,0.40,1.081%,5400401686.00,United States,2021,313426,Finance,Specialty Insurers
ACTG,Acacia Research Corporation (Acacia Tech) Common Stock,$3.65,0.09,2.528%,352080380.00,United States,,290586,Miscellaneous,Multi-Sector Companies
ACTU,Actuate Therapeutics Inc. Common stock,$5.90,-0.24,-3.909%,122396603.00,United States,2024,51870,Health Care,Biotechnology: Pharmaceutical Preparations
ACU,Acme United Corporation. Common Stock,$36.87,0.03,0.081%,140353914.00,United States,1988,6835,Consumer Discretionary,Industrial Machinery/Components
ACV,Virtus Diversified Income & Convertible Fund Common Shares of Beneficial Interest,$26.04,0.45,1.758%,269851322.00,United States,2015,34106,Finance,Finance/Investors Services
ACVA,ACV Auctions Inc. Class A Common Stock,$5.58,0.18,3.333%,960715436.00,United States,2025,9808285,Real Estate,Real Estate
ACXP,Acurx Pharmaceuticals Inc. Common Stock,$5.25,0.52,10.994%,8320069.00,United States,2021,67354,Health Care,Biotechnology: Pharmaceutical Preparations
AD,Array Digital Infrastructure Inc. Common Shares,$45.92,-0.44,-0.949%,3949120000.00,United States,1988,207997,Telecommunications,Telecommunications Equipment
ADAG,Adagene Inc. American Depositary Shares,$1.58,0.175,12.456%,74433097.00,China,2021,332360,Health Care,Biotechnology: Pharmaceutical Preparations
ADAM,Adamas Trust Inc. Common Stock,$7.03,0.03,0.429%,634863665.00,United States,,353194,Technology,Computer Software: Prepackaged Software
ADAMG,Adamas Trust Inc. 9.125% Senior Notes Due 2030,$25.20,0.01,0.04%,0.00,United States,,12814,Real Estate,Real Estate Investment Trusts
ADAMH,Adamas Trust Inc. 9.875% Senior Notes Due 2030,$25.56,0.14,0.551%,0.00,United States,,70675,Real Estate,Real Estate Investment Trusts
ADAMI,Adamas Trust Inc. 9.125% Senior Notes Due 2029,$25.14,0.015,0.06%,2277167348.00,United States,,11220,Real Estate,Real Estate Investment Trusts
ADAML,Adamas Trust Inc. 6.875% Series F Fixed-to-Floating Rate Cumulative Redeemable Preferred Stock $0.01 par value per share,$22.1895,-0.0105,-0.047%,2003884396.00,United States,,8367,Real Estate,Real Estate Investment Trusts
ADAMM,Adamas Trust Inc. 7.875% Series E Fixed-to-Floating Rate Cumulative Redeemable Preferred Stock,$25.07,-0.0399,-0.159%,2264015944.00,United States,,13384,Real Estate,Real Estate Investment Trusts
ADAMN,Adamas Trust Inc. 8.00% Series D Fixed-to-Floating Rate Cumulative Redeemable Preferred Stock,$21.7501,-0.0899,-0.412%,1964203159.00,United States,,2087,Real Estate,Real Estate Investment Trusts
ADAMZ,Adamas Trust Inc. 7.000% Series G Cumulative Redeemable Preferred Stock $0.01 par value per share,$18.83,0.02,0.106%,1700495422.00,United States,,10042,Real Estate,Real Estate Investment Trusts
ADBE,Adobe Inc. Common Stock,$328.85,1.90,0.581%,137656610000.00,United States,1986,3085587,Technology,Computer Software: Prepackaged Software
ADC,Agree Realty Corporation Common Stock,$73.43,0.02,0.027%,8126209740.00,United States,,689069,Real Estate,Real Estate Investment Trusts
ADC^A,Agree Realty Corporation Depositary Shares each representing 1/1000th of a 4.250% Series A Cumulative Redeemable Preferred Stock,$17.64,0.15,0.858%,,United States,,13942,,
ADCT,ADC Therapeutics SA Common Shares,$4.21,0.17,4.208%,473622453.00,Switzerland,2020,680731,Health Care,Biotechnology: Pharmaceutical Preparations
ADEA,Adeia Inc. Common Stock,$14.19,0.30,2.16%,1553949610.00,United States,2003,1056293,Technology,Computer Software: Prepackaged Software
ADGM,Adagio Medical Holdings Inc Common Stock,$0.861,-0.0492,-5.405%,13243527.00,United States,,93502,Health Care,Medical/Dental Instruments
ADI,Analog Devices Inc. Common Stock,$232.00,3.52,1.541%,114133661152.00,United States,,3264053,Technology,Semiconductors
ADIL,Adial Pharmaceuticals Inc Common Stock,$0.3233,-0.0023,-0.706%,7057062.00,United States,2018,235644,Health Care,Biotechnology: Pharmaceutical Preparations
ADM,Archer-Daniels-Midland Company Common Stock,$56.00,-0.98,-1.72%,26911905160.00,United States,,4063233,Consumer Staples,Packaged Foods
ADMA,ADMA Biologics Inc Common Stock,$14.71,0.19,1.309%,3500947123.00,United States,,3859569,Health Care,Biotechnology: Biological Products (No Diagnostic Substances)
ADNT,Adient plc Ordinary Shares ,$19.72,0.10,0.51%,1602169700.00,United States,2016,1371388,Consumer Discretionary,Auto Parts:O.E.M.
ADP,Automatic Data Processing Inc. Common Stock,$254.06,-0.10,-0.039%,102754247901.00,United States,,1735566,Industrials,Diversified Commercial Services
ADPT,Adaptive Biotechnologies Corporation Common Stock,$14.71,-0.08,-0.541%,2245704915.00,United States,2019,2747708,Health Care,Biotechnology: Biological Products (No Diagnostic Substances)
ADSE,ADS-TEC ENERGY PLC Ordinary Shares,$10.15,-0.10,-0.976%,556629218.00,Ireland,,6012,Consumer Discretionary,Industrial Specialties
ADSEW,ADS-TEC ENERGY PLC Warrant,$0.8205,0.0001,0.012%,44996480.00,Ireland,,263,Consumer Discretionary,Industrial Specialties
ADSK,Autodesk Inc. Common Stock,$298.72,1.54,0.518%,63627360000.00,United States,,1194215,Technology,Computer Software: Prepackaged Software
ADT,ADT Inc. Common Stock,$8.13,-0.14,-1.693%,6664671044.00,United States,2018,9319569,Consumer Discretionary,Diversified Commercial Services
ADTN,ADTRAN Holdings Inc. Common Stock,$8.02,0.05,0.627%,642530280.00,United States,1994,1255180,Utilities,Telecommunications Equipment
ADTX,Aditxt Inc. Common Stock,$5.71,0.38,7.129%,28416129.00,United States,2020,37453,Health Care,Biotechnology: Pharmaceutical Preparations
ADUR,Aduro Clean Technologies Inc. Common Stock,$11.815,-0.495,-4.021%,368551273.00,Canada,,305340,Industrials,Major Chemicals
ADUS,Addus HomeCare Corporation Common Stock,$112.83,-0.25,-0.221%,2085467467.00,United States,2009,161312,Health Care,Medical/Nursing Services
ADV,Advantage Solutions Inc. Class A Common Stock,$1.27,0.14,12.389%,414365332.00,United States,2019,1118381,Real Estate,Real Estate
ADVB,Advanced Biomed Inc. Common Stock,$0.4076,0.0016,0.394%,8820464.00,Taiwan,2025,135704,Health Care,Medical Specialities
ADVM,Adverum Biotechnologies Inc. Common Stock,$4.28,-0.04,-0.926%,89812209.00,United States,2014,198313,Health Care,Biotechnology: Biological Products (No Diagnostic Substances)
ADX,Adams Diversified Equity Fund Inc.,$23.17,0.38,1.667%,0.00,United States,,300420,Finance,Investment Managers
ADXN,Addex Therapeutics Ltd American Depositary Shares,$8.52,0.02,0.235%,9108800.00,Switzerland,,2133,Health Care,Biotechnology: Pharmaceutical Preparations
AEBI,Aebi Schmidt Holding AG Common Stock ,$10.73,-0.27,-2.455%,832641390.00,Switzerland,,138177,Industrials,Auto Manufacturing
AEC,Anfield Energy Inc. Common Shares,$7.29,0.53,7.84%,114063218.00,Canada,,173898,Basic Materials,Metal Mining
AEE,Ameren Corporation Common Stock,$104.34,-0.31,-0.296%,28223439535.00,United States,,1492688,Utilities,Power Generation
AEF,abrdn Emerging Markets ex-China Fund Inc. Common Stock,$6.87,0.10,1.477%,737580375.00,United States,,51633,Finance,Finance/Investors Services
AEFC,Aegon Funding Company LLC 5.10% Subordinated Notes due 2049,$20.22,0.14,0.697%,0.00,United States,2019,36104,,
AEG,Aegon Ltd. New York Registry Shares,$7.65,0.05,0.658%,15347317025.00,Netherlands,,5614532,Finance,Life Insurance
AEHL,Antelope Enterprise Holdings Limited Class A Ordinary Shares,$1.68,0.06,3.704%,5743564.00,China,,54039,Industrials,Building Materials
AEHR,Aehr Test Systems Common Stock,$24.59,0.11,0.449%,737862048.00,United States,1997,842483,Industrials,Electrical Products
AEI,Alset Inc. Common Stock (TX),$2.45,0.03,1.24%,96093106.00,United States,2020,15566,Finance,Real Estate
AEIS,Advanced Energy Industries Inc. Common Stock,$219.30,2.57,1.186%,8277585738.00,United States,1995,391478,Technology,Industrial Machinery/Components
AEM,Agnico Eagle Mines Limited Common Stock,$167.92,6.51,4.033%,84415805406.00,Canada,,2914801,Basic Materials,Precious Metals
AEMD,Aethlon Medical Inc. Common Stock,$4.35,0.16,3.819%,3311264.00,United States,,52085,Health Care,Medical/Dental Instruments
AENT,Alliance Entertainment Holding Corporation Class A Common Stock,$6.75,0.205,3.132%,343962248.00,United States,,90819,Consumer Discretionary,Durable Goods
AENTW,Alliance Entertainment Holding Corporation Warrants,$0.87,0.0851,10.842%,44332912.00,United States,,9117,Consumer Discretionary,Durable Goods
AEO,American Eagle Outfitters Inc. Common Stock,$17.78,0.68,3.977%,3010844611.00,United States,,8224101,Consumer Discretionary,Clothing/Shoe/Accessory Stores
AEON,AEON Biopharma Inc. Class A Common Stock,$0.935,0.0283,3.121%,10886940.00,United States,,123631,Health Care,Biotechnology: Pharmaceutical Preparations
AEP,American Electric Power Company Inc. Common Stock,$122.56,2.08,1.726%,65602152181.00,United States,,5090006,Utilities,Electric Utilities: Central
AER,AerCap Holdings N.V. Ordinary Shares,$136.27,3.32,2.497%,25452950071.00,Netherlands,2006,1343599,Consumer Discretionary,Diversified Commercial Services
AERO,Grupo Aeromexico S.A.B. de C.V. American Depositary Shares (each representing ten (10) Common Shares),$18.50,-0.89,-4.59%,0.00,,2025,1397362,Consumer Discretionary,Air Freight/Delivery Services
AERT,Aeries Technology Inc. Class A Ordinary Share,$0.6292,-0.0178,-2.751%,29668433.00,United States,2021,268167,Consumer Discretionary,Professional Services
AERTW,Aeries Technology Inc. Warrant,$0.0353,-0.0011,-3.022%,1664488.00,United States,2021,111,Consumer Discretionary,Professional Services
AES,The AES Corporation Common Stock,$14.21,0.08,0.566%,10119238614.00,United States,,6630782,Utilities,Electric Utilities: Central
AESI,Atlas Energy Solutions Inc. Common Stock,$10.64,-0.51,-4.574%,1319170289.00,United States,2023,2468699,Industrials,Mining & Quarrying of Nonmetallic Minerals (No Fuels)
AEVA,Aeva Technologies Inc. Common Stock,$13.60,0.54,4.135%,766056693.00,United States,,3027255,Consumer Discretionary,Auto Parts:O.E.M.
AEVAW,Aeva Technologies Inc. Warrants,$0.0899,-0.0066,-6.839%,5063860.00,United States,,74329,Consumer Discretionary,Auto Parts:O.E.M.
AEXA,American Exceptionalism Acquisition Corp. A Class A Ordinary Shares,$11.31,0.15,1.344%,0.00,,2025,105205,,
AEYE,AudioEye Inc. Common Stock,$12.97,-0.37,-2.774%,161069462.00,United States,,100499,Technology,Computer Software: Prepackaged Software
AFB,AllianceBernstein National Municipal Income Fund Inc,$10.88,0.05,0.462%,0.00,United States,2002,56183,Finance,Trusts Except Educational Religious and Charitable
AFBI,Affinity Bancshares Inc. Common Stock (MD),$18.73,-0.09,-0.478%,117857064.00,United States,2017,4452,Finance,Banks
AFCG,Advanced Flower Capital Inc. Common Stock,$3.13,0.01,0.321%,70720913.00,United States,2021,132015,Finance,Real Estate
AFG,American Financial Group Inc. Common Stock,$142.25,-0.81,-0.566%,11864158117.00,United States,,620777,Finance,Property-Casualty Insurers
AFGB,American Financial Group Inc. 5.875% Subordinated Debentures due 2059,$22.56,0.09,0.401%,1881584584.00,United States,2019,6657,Finance,Property-Casualty Insurers
AFGC,American Financial Group Inc. 5.125% Subordinated Debentures due 2059,$20.21,0.117,0.582%,1685586190.00,United States,2019,13601,Finance,Property-Casualty Insurers
AFGD,American Financial Group Inc. 5.625% Subordinated Debentures due 2060,$22.00,0.16,0.733%,1834878584.00,United States,2020,6325,Finance,Property-Casualty Insurers
AFGE,American Financial Group Inc. 4.500% Subordinated Debentures due 2060,$17.87,-0.06,-0.335%,1490421832.00,United States,2020,2279,Finance,Property-Casualty Insurers
AFJK,Aimei Health Technology Co. Ltd Ordinary Share,$11.40,-1.10,-8.80%,0.00,United States,2024,26581,,
AFJKR,Aimei Health Technology Co. Ltd Right,$0.35,-0.02,-5.405%,0.00,United States,2024,168241,,
AFJKU,Aimei Health Technology Co. Ltd Unit,$13.02,0.00,0.00%,0.00,United States,2023,137,,
AFL,AFLAC Incorporated Common Stock,$113.58,-0.51,-0.447%,59528858693.00,United States,,1784536,Finance,Accident &Health Insurance
AFRI,Forafric Global PLC Ordinary Shares,$9.61,0.20,2.125%,258524299.00,Gibraltar,,12811,Consumer Staples,Packaged Foods
AFRIW,Forafric Global PLC Warrants,$1.00,0.10,11.111%,26901592.00,Gibraltar,,30750,Consumer Staples,Packaged Foods
AFRM,Affirm Holdings Inc. Class A Common Stock,$76.09,2.47,3.355%,25115303115.00,United States,2021,6484137,Finance,Finance: Consumer Services
AFYA,Afya Limited Class A Common Shares,$14.22,0.14,0.994%,1285328978.00,Brazil,2019,55408,Real Estate,Other Consumer Services
AG,First Majestic Silver Corp. Ordinary Shares (Canada),$11.88,0.47,4.119%,5835798595.00,Canada,,17714601,Basic Materials,Precious Metals
AGAE,Allied Gaming & Entertainment Inc. Common Stock,$0.5271,-0.033,-5.892%,20039753.00,United States,2017,1201648,Consumer Discretionary,Services-Misc. Amusement & Recreation
AGCC,Agencia Comercial Spirits Ltd Class A Ordinary Shares,$5.73,0.36,6.704%,195473220.00,Taiwan,2025,91014,Consumer Staples,Beverages (Production/Distribution)
AGCO,AGCO Corporation Common Stock,$105.23,-0.33,-0.313%,7852637850.00,United States,,751696,Industrials,Industrial Machinery/Components
AGD,abrdn Global Dynamic Dividend Fund Common Shares of Beneficial Interest,$11.60,0.22,1.933%,0.00,United States,2006,59691,Finance,Trusts Except Educational Religious and Charitable
AGEN,Agenus Inc. Common Stock,$4.21,0.23,5.779%,134147895.00,United States,2000,1237498,Health Care,Biotechnology: Biological Products (No Diagnostic Substances)
AGH,Aureus Greenway Holdings Inc. Common Stock,$5.45,-0.24,-4.218%,79618985.00,United States,2025,15258,Consumer Discretionary,Hotels/Resorts
AGI,Alamos Gold Inc. Class A Common Shares,$32.51,1.52,4.905%,13676396268.00,Canada,2015,3134147,Basic Materials,Precious Metals
AGIO,Agios Pharmaceuticals Inc. Common Stock,$41.38,0.71,1.746%,2413025541.00,United States,2013,465307,Health Care,Biotechnology: Pharmaceutical Preparations
AGL,agilon health inc. Common Stock,$0.6594,-0.0078,-1.169%,273375110.00,United States,2021,32395123,Health Care,Misc Health and Biotechnology Services
AGM,Federal Agricultural Mortgage Corporation Common Stock,$162.86,-1.06,-0.647%,1775943188.00,United States,,90086,Finance,Finance Companies
AGM^D,Federal Agricultural Mortgage Corporation 5.700% Non-Cumulative Preferred Stock Series D,$21.60,0.04,0.186%,,United States,,7759,,
AGM^E,Federal Agricultural Mortgage Corporation 5.750% Non-Cumulative Preferred Stock Series E,$21.72,-0.06,-0.275%,,United States,,4658,,
AGM^F,Federal Agricultural Mortgage Corporation 5.250% Non-Cumulative Preferred Stock Series F,$19.66,-0.02,-0.102%,,United States,,15265,,
AGM^G,Federal Agricultural Mortgage Corporation 4.875% Non-Cumulative Preferred Stock Series G,$18.69,0.14,0.755%,,United States,,5041,,
AGM^H,Federal Agricultural Mortgage Corporation 6.500% Non-Cumulative Preferred Stock Series H,$24.73,0.06,0.243%,,United States,,9147,,
AGMH,AGM Group Holdings Inc. Class A Ordinary Shares,$3.30,-0.02,-0.602%,6653721.00,Hong Kong,2018,21700,Technology,EDP Services
AGNC,AGNC Investment Corp. Common Stock,$10.25,-0.09,-0.87%,10995421718.00,United States,2008,19087802,Real Estate,Real Estate Investment Trusts
AGNCL,AGNC Investment Corp. Depositary Shares Each Representing a 1/1000th Interest in a Share of 7.75% Series G Fixed-Rate Reset Cumulative Redeemable Preferred Stock,$24.47,-0.007,-0.029%,26249557993.00,United States,,31203,Real Estate,Real Estate Investment Trusts
AGNCM,AGNC Investment Corp. Depositary Shares rep 6.875% Series D Fixed-to-Floating Cumulative Redeemable Preferred Stock,$24.5693,-0.0207,-0.084%,26356079493.00,United States,,5991,Real Estate,Real Estate Investment Trusts
AGNCN,AGNC Investment Corp. Depositary Shares Each Representing a 1/1000th Interest in a Share of 7.00% Series C Fixed-To-Floating Rate Cumulative Redeemable Preferred Stock,$25.55,0.11,0.432%,27408099989.00,United States,,8932,Real Estate,Real Estate Investment Trusts
AGNCO,AGNC Investment Corp. Depositary Shares each representing a 1/1000th interest in a share of 6.50% Series E Fixed-to-Floating Cumulative Redeemable Preferred Stock,$25.23,0.00,0.00%,27064828286.00,United States,,9954,Real Estate,Real Estate Investment Trusts
AGNCP,AGNC Investment Corp. Depositary Shares Each Representing a 1/1000th Interest in a Share of 6.125% Series F Fixed-to-Floating Rate Cumulative Redeemable Preferred Stock,$24.95,-0.03,-0.12%,26764465547.00,United States,,13106,Real Estate,Real Estate Investment Trusts
AGNCZ,AGNC Investment Corp. Depositary Shares Each Representing a 1/1000th Interest in a Share of 8.75% Series H Fixed-Rate Cumulative Redeemable Preferred Stock,$25.60,0.07,0.274%,27461736192.00,United States,,72277,,
AGO,Assured Guaranty Ltd. Common Stock,$86.38,-0.50,-0.576%,4113002790.00,Bermuda,2004,406896,Finance,Property-Casualty Insurers
AGRI,AgriFORCE  Growing Systems Ltd. Common Shares,$2.185,-0.005,-0.228%,2861472.00,Canada,2021,78563,Industrials,Metal Fabrications
AGRO,Adecoagro S.A. Common Shares,$8.02,-0.19,-2.314%,801945111.00,Luxembourg,2011,342111,Consumer Staples,Farming/Seeds/Milling
AGRZ,Agroz Inc. Ordinary Shares,$2.24,-0.34,-13.178%,45748606.00,Malaysia,2025,120959,Consumer Staples,Farming/Seeds/Milling
AGX,Argan Inc. Common Stock,$335.96,24.38,7.825%,4640136737.00,United States,,348030,Consumer Discretionary,Engineering & Construction
AGYS,Agilysys Inc. Common Stock (DE),$127.25,1.15,0.912%,3568409143.00,United States,,125780,Technology,EDP Services
AHCO,AdaptHealth Corp. Common Stock,$9.40,-0.10,-1.053%,1272988740.00,United States,2018,685969,Health Care,Medical/Nursing Services
AHG,Akso Health Group ADS,$1.57,0.00,0.00%,866422048.00,China,2017,13173,Real Estate,Real Estate
AHH,Armada Hoffler Properties Inc. Common Stock,$6.23,-0.14,-2.198%,499355632.00,United States,2013,865000,Finance,Real Estate
AHH^A,Armada Hoffler Properties Inc. 6.75% Series A Cumulative Redeemable Perpetual Preferred Stock,$21.00,0.1501,0.72%,,United States,,5800,,
AHL,Aspen Insurance Holdings Limited Class A Ordinary Shares,$36.85,0.03,0.081%,3384358612.00,Bermuda,2025,120614,Finance,Property-Casualty Insurers
AHL^D,Aspen Insurance Holdings Limited 5.625% Perpetual Non-Cumulative Preference Shares,$21.13,0.10,0.476%,,Bermuda,,9765,,
AHL^E,Aspen Insurance Holdings Limited Depositary Shares each representing a 1/1000th interest in a share of 5.625% Perpetual Non-Cumulative Preference Shares,$21.08,0.23,1.103%,,Bermuda,,15451,,
AHL^F,Aspen Insurance Holdings Limited Depositary Shares each representing a 1/1000th Interest in a 7.00% Perpetual Non-Cumulative Preference Share,$25.21,-0.07,-0.277%,,Bermuda,,7798,,
AHMA,Ambitions Enterprise Management Co. L.L.C Class A Ordinary Shares,$4.60,-0.47,-9.27%,135700000.00,United Arab Emirates,2025,39822,Consumer Discretionary,Services-Misc. Amusement & Recreation
AHR,American Healthcare REIT Inc. Common Stock,$49.34,-0.08,-0.162%,8317500565.00,United States,2024,2445275,Real Estate,Real Estate Investment Trusts
AHT,Ashford Hospitality Trust Inc Common Stock,$4.41,0.00,0.00%,27042971.00,United States,2003,25412,Real Estate,Real Estate Investment Trusts
AHT^D,Ashford Hospitality Trust Inc 8.45% Series D Cumulative Preferred Stock,$19.78,0.66,3.452%,,United States,,1166,,
AHT^F,Ashford Hospitality Trust Inc 7.375% Series F Cumulative Preferred Stock,$13.98,0.01,0.072%,,United States,,365,,
AHT^G,Ashford Hospitality Trust Inc 7.375% Series G Cumulative Preferred Stock,$15.6489,-0.0411,-0.262%,,United States,,1987,,
AHT^H,Ashford Hospitality Trust Inc 7.50% Series H Cumulative Preferred Stock,$14.1101,-0.1399,-0.982%,,United States,,1711,,
AHT^I,Ashford Hospitality Trust Inc 7.50% Series I Cumulative Preferred Stock,$14.17,-0.02,-0.141%,,United States,,2732,,
AI,C3.ai Inc. Class A Common Stock,$16.08,0.56,3.608%,2216623112.00,United States,2020,14385804,Technology,Computer Software: Prepackaged Software
AIFF,Firefly Neuroscience Inc. Common Stock,$1.63,0.00,0.00%,21830456.00,United States,,91194,Technology,Computer Software: Prepackaged Software
AIFU,AIFU Inc. Class A Ordinary Share,$4.19,0.3055,7.865%,66496435.00,China,2007,6882,Finance,Specialty Insurers
AIG,American International Group Inc. New Common Stock,$76.92,-0.01,-0.013%,41504190074.00,United States,,4416013,Finance,Life Insurance
AIHS,Senmiao Technology Limited Common Stock,$1.33,-0.11,-7.639%,1474055.00,China,2018,20393,Finance,Finance: Consumer Services
AII,American Integrity Insurance Group Inc. Common Stock,$25.39,0.38,1.519%,496932191.00,United States,2025,140420,Finance,Property-Casualty Insurers
AIIO,Robo.ai Inc. Class B Ordinary Shares,$0.68,0.1658,32.244%,198695791.00,United Arab Emirates,,16553911,Industrials,Auto Manufacturing
AIIOW,Robo.ai Inc. Warrant,$0.1184,0.0264,28.696%,34596444.00,United Arab Emirates,,39247,Industrials,Auto Manufacturing
AIM,AIM ImmunoTech Inc. Common Stock,$1.573,-0.107,-6.369%,4260766.00,,,235064,Health Care,Biotechnology: Biological Products (No Diagnostic Substances)
AIMD,Ainos Inc. Common Stock,$2.80,0.13,4.869%,13042011.00,United States,,46265,Health Care,Biotechnology: Pharmaceutical Preparations
AIMDW,Ainos Inc. Warrants,$0.14,0.00,0.00%,652101.00,United States,,259,Health Care,Biotechnology: Pharmaceutical Preparations
AIN,Albany International Corporation Common Stock,$47.61,-0.63,-1.306%,1366407000.00,United States,,536852,Consumer Discretionary,Textiles
AIO,Virtus Artificial Intelligence & Technology Opportunities Fund Common Shares of Beneficial Interest,$24.17,0.37,1.555%,830021293.00,,2019,96661,Finance,Finance/Investors Services
AIOT,PowerFleet Inc. Common Stock,$5.13,0.24,4.908%,684564088.00,United States,,2929272,Telecommunications,Telecommunications Equipment
AIP,Arteris Inc. Common Stock,$14.94,0.46,3.177%,652635569.00,United States,2021,736598,Technology,Semiconductors
AIR,AAR Corp. Common Stock,$83.31,0.89,1.08%,3008531625.00,United States,,364165,Industrials,Aerospace
AIRE,reAlpha Tech Corp. Common Stock,$0.5141,0.0201,4.069%,43068748.00,United States,,4449428,Finance,Real Estate
AIRG,Airgain Inc. Common Stock,$4.01,-0.07,-1.716%,47732173.00,United States,2016,45810,Technology,Radio And Television Broadcasting And Communications Equipment
AIRI,Air Industries Group Common Stock,$3.108,0.098,3.256%,14831233.00,United States,,37664,Industrials,Military/Government/Technical
AIRJ,AirJoule Technologies Corporation Class A Common Stock,$4.79,-0.01,-0.208%,289505650.00,United States,2022,69092,Industrials,Industrial Machinery/Components
AIRJW,AirJoule Technologies Corporation Warrant,$1.0425,-0.0475,-4.358%,63008276.00,United States,2022,2651,Industrials,Industrial Machinery/Components
AIRO,AIRO Group Holdings Inc. Common Stock,$13.80,0.33,2.45%,378411111.00,United States,2025,403218,Industrials,Aerospace
AIRS,AirSculpt Technologies Inc. Common Stock,$6.34,0.22,3.595%,395848488.00,United States,2021,1521312,Health Care,Medical/Nursing Services
AIRT,Air T Inc. Common Stock,$21.36,-0.70,-3.173%,57728369.00,United States,,856,Consumer Discretionary,Air Freight/Delivery Services
AIRTP,Air T Inc. Air T Funding Alpha Income Trust Preferred Securities,$19.75,0.4501,2.332%,53377120.00,United States,,8054,Consumer Discretionary,Air Freight/Delivery Services
AISP,Airship AI Holdings Inc. Class A Common Stock,$4.12,-0.15,-3.513%,131466514.00,United States,2021,945803,Technology,Computer Software: Prepackaged Software
AISPW,Airship AI Holdings Inc. Warrants,$1.45,-0.05,-3.333%,46268555.00,United States,2021,6621,Technology,Computer Software: Prepackaged Software
AIT,Applied Industrial Technologies Inc. Common Stock,$259.74,0.82,0.317%,9796849943.00,United States,,214720,Consumer Discretionary,Industrial Specialties
AIV,Apartment Investment and Management Company Common Stock,$5.38,0.00,0.00%,765742001.00,United States,1994,1572536,Real Estate,Real Estate Investment Trusts
AIXI,XIAO-I Corporation American Depositary Shares,$0.8401,0.0051,0.611%,10467928.00,China,2023,38897,Technology,Computer Software: Prepackaged Software
AIZ,Assurant Inc. Common Stock,$226.11,1.79,0.798%,11323839782.00,United States,2004,308033,Finance,Property-Casualty Insurers
AIZN,Assurant Inc. 5.25% Subordinated Notes due 2061,$20.27,-0.14,-0.686%,1022808207.00,United States,2020,12718,Finance,Property-Casualty Insurers
AJG,Arthur J. Gallagher & Co. Common Stock,$251.06,1.05,0.42%,64371784000.00,United States,,1463134,Finance,Specialty Insurers
AKA,a.k.a. Brands Holding Corp. Common Stock,$13.65,0.60,4.598%,146596577.00,,2021,20494,Consumer Discretionary,Catalog/Specialty Distribution
AKAM,Akamai Technologies Inc. Common Stock,$87.12,3.38,4.036%,12491747199.00,United States,1999,5973832,Real Estate,Real Estate
AKAN,Akanda Corp. Common Shares,$1.36,0.03,2.256%,990473.00,United Kingdom,2022,207673,Health Care, Medicinal Chemicals and Botanical Products 
AKBA,Akebia Therapeutics Inc. Common Stock,$1.67,-0.37,-18.137%,442792213.00,United States,2014,16735754,Health Care,Biotechnology: Pharmaceutical Preparations
AKO/A,Embotelladora Andina S.A.,$22.70,0.52,2.344%,,Chile,,2562,,
AKO/B,Embotelladora Andina S.A.,$27.71,0.51,1.875%,,Chile,,331308,,
AKR,Acadia Realty Trust Common Stock,$19.81,-0.44,-2.173%,2595795901.00,United States,,1047673,Real Estate,Real Estate Investment Trusts
AKRO,Akero Therapeutics Inc. Common Stock,$54.14,0.10,0.185%,4330603107.00,United States,2019,2660930,Health Care,Biotechnology: Pharmaceutical Preparations
AKTX,Akari Therapeutics plc ADS,$0.628,-0.0105,-1.644%,20482051.00,United Kingdom,,424944,Health Care,Biotechnology: Pharmaceutical Preparations
AL,Air Lease Corporation Class A Common Stock,$63.80,-0.02,-0.031%,7130609042.00,United States,2011,1515559,Consumer Discretionary,Diversified Commercial Services
ALAB,Astera Labs Inc. Common Stock,$173.74,8.25,4.985%,29345314244.00,United States,2024,4840254,Technology,Semiconductors
ALAR,Alarum Technologies Ltd. American Depositary Share,$15.09,0.37,2.514%,104635554.00,Israel,2018,35546,Technology,Computer Software: Prepackaged Software
ALB,Albemarle Corporation Common Stock,$103.58,6.40,6.586%,12191111193.00,United States,,3387086,Industrials,Major Chemicals
ALB^A,Albemarle Corporation Depositary Shares each representing a 1/20th of 7.25% Series A Mandatory Convertible Preferred Stock,$46.38,2.16,4.885%,,United States,,221846,,
ALBT,Avalon GloboCare Corp. Common Stock,$2.01,-0.04,-1.951%,7708569.00,United States,,20840,Health Care,Biotechnology: Biological Products (No Diagnostic Substances)
ALC,Alcon Inc. Ordinary Shares,$74.39,0.42,0.568%,36794508342.00,Switzerland,2019,3682395,Health Care,Ophthalmic Goods
ALCO,Alico Inc. Common Stock,$33.21,0.265,0.804%,253902406.00,United States,,8108,,
ALCY,Alchemy Investments Acquisition Corp 1 Class A Ordinary Shares,$12.50,0.00,0.00%,0.00,United States,2023,162,Finance,Blank Checks
ALCYW,Alchemy Investments Acquisition Corp 1 Warrants,$0.1211,0.00,0.00%,0.00,United States,2023,30,Finance,Blank Checks
ALDF,Aldel Financial II Inc. Class A Ordinary Shares,$10.55,-0.01,-0.095%,0.00,United States,2024,400,,
ALDFU,Aldel Financial II Inc. Units,$10.55,0.00,0.00%,0.00,United States,2024,4,Finance,Blank Checks
ALDFW,Aldel Financial II Inc. Warrants,$0.655,0.00,0.00%,0.00,United States,2024,27,Finance,Blank Checks
ALDX,Aldeyra Therapeutics Inc. Common Stock,$5.13,0.44,9.382%,308635025.00,United States,2014,1083621,Health Care,Biotechnology: Pharmaceutical Preparations
ALE,Allete Inc.,$67.35,-0.08,-0.119%,3912927173.00,United States,,677134,Utilities,Power Generation
ALEC,Alector Inc. Common Stock,$1.31,0.03,2.344%,142988428.00,United States,2019,1707399,Health Care,Biotechnology: Biological Products (No Diagnostic Substances)
ALEX,Alexander & Baldwin Inc. Common Stock REIT Holding Company,$15.54,0.02,0.129%,1130666468.00,United States,,500034,Real Estate,Real Estate Investment Trusts
ALF,Centurion Acquisition Corp. Class A Ordinary Shares,$10.62,0.00,0.00%,0.00,United States,2024,50754,,
ALFUW,Centurion Acquisition Corp. Warrant,$0.4201,0.0202,5.051%,0.00,United States,2024,22914,Finance,Blank Checks
ALG,Alamo Group Inc. Common Stock,$165.41,-1.45,-0.869%,2004012945.00,United States,,167624,Industrials,Industrial Machinery/Components
ALGM,Allegro MicroSystems Inc. Common Stock,$27.60,0.62,2.298%,5109285642.00,United States,2020,1554064,Technology,Semiconductors
ALGN,Align Technology Inc. Common Stock,$138.23,3.39,2.514%,9918001809.00,United States,2001,872480,Health Care,Industrial Specialties
ALGS,Aligos Therapeutics Inc. Common Stock,$6.885,-0.185,-2.617%,42367412.00,United States,2020,64022,Health Care,Biotechnology: Biological Products (No Diagnostic Substances)
ALGT,Allegiant Travel Company Common Stock,$68.32,-2.57,-3.625%,1251183376.00,United States,2006,278467,Consumer Discretionary,Air Freight/Delivery Services
ALH,Alliance Laundry Holdings Inc. Common Stock,$26.74,0.34,1.288%,5272934777.00,,2025,357205,Industrials,Industrial Machinery/Components
ALHC,Alignment Healthcare Inc. Common Stock,$16.38,0.05,0.306%,3277502734.00,United States,2021,1960404,Health Care,Medical Specialities
ALISU,Calisa Acquisition Corp Units,$10.03,0.01,0.10%,0.00,United States,2025,300,,
ALIT,Alight Inc. Class A Common Stock,$2.27,-0.08,-3.404%,1210362951.00,United States,2021,20663952,Real Estate,Real Estate
ALK,Alaska Air Group Inc. Common Stock,$42.36,-0.57,-1.328%,4913277647.00,United States,,4106300,Consumer Discretionary,Air Freight/Delivery Services
ALKS,Alkermes plc Ordinary Shares,$32.65,-0.24,-0.73%,5391086669.00,Ireland,1991,1748654,Health Care,Biotechnology: Pharmaceutical Preparations
ALKT,Alkami Technology Inc. Common Stock,$19.69,0.24,1.234%,2067528977.00,United States,2021,1899472,Technology,Computer Software: Prepackaged Software
ALL,Allstate Corporation (The) Common Stock,$203.89,1.60,0.791%,53354283444.00,United States,,1133650,Finance,Property-Casualty Insurers
ALL^B,Allstate Corporation (The) 5.100% Fixed-to-Floating Rate Subordinated Debentures due 2053,$26.34,0.03,0.114%,,United States,,11638,,
ALL^H,Allstate Corporation (The) Depositary Shares each representing a 1/1000th interest in a share of Fixed Rate Noncumulative Perpetual Preferred Stock Series H,$21.52,0.18,0.843%,,United States,,77453,,
ALL^I,Allstate Corporation (The) Depositary Shares each representing a 1/1000th interest in a share of Fixed Rate Noncumulative Perpetual Preferred Stock Series I,$19.96,0.04,0.201%,,United States,,22411,,
ALL^J,Allstate Corporation (The) Depositary Shares each representing a 1/1000th interest in a share of Fixed Rate Noncumulative Perpetual Preferred Stock Series J,$26.745,0.105,0.394%,,United States,,19145,,
ALLE,Allegion plc Ordinary Shares,$166.88,-0.47,-0.281%,14357012317.00,United States,2013,547852,Consumer Discretionary,Diversified Commercial Services
ALLO,Allogene Therapeutics Inc. Common Stock,$1.18,0.00,0.00%,265181570.00,United States,2018,2479655,Health Care,Biotechnology: Biological Products (No Diagnostic Substances)
ALLR,Allarity Therapeutics Inc. Common Stock,$1.22,0.07,6.087%,17835956.00,United States,,205352,Health Care,Biotechnology: Pharmaceutical Preparations
ALLT,Allot Ltd. Ordinary Shares,$9.02,0.03,0.334%,358029182.00,Israel,2006,290423,Telecommunications,Computer Communications Equipment
ALLY,Ally Financial Inc. Common Stock,$39.27,0.00,0.00%,12097248968.00,United States,2014,2995089,Finance,Major Banks
ALM,Almonty Industries Inc. Common Shares,$7.15,0.15,2.143%,1607402997.00,Canada,,1758645,Basic Materials,Other Metals and Minerals
ALMS,Alumis Inc. Common Stock,$5.05,0.33,6.992%,525524725.00,United States,2024,1199396,Health Care,Biotechnology: Pharmaceutical Preparations
ALMU,Aeluma Inc. Common Stock,$15.38,0.67,4.555%,244432602.00,United States,,199229,Technology,Semiconductors
ALNT,Allient Inc. Common Stock,$52.60,0.34,0.651%,891227942.00,United States,,185131,Industrials,Electrical Products
ALNY,Alnylam Pharmaceuticals Inc. Common Stock,$441.70,-1.00,-0.226%,58354673411.00,United States,2004,739034,Health Care,Biotechnology: Pharmaceutical Preparations
ALOT,AstroNova Inc. Common Stock,$9.0463,0.1863,2.103%,69080451.00,United States,1983,2090,Technology,Computer peripheral equipment
ALPS,ALPS Group Inc Ordinary Share,$0.6274,-0.1027,-14.067%,104399565.00,Malaysia,,537227,,
ALRM,Alarm.com Holdings Inc. Common Stock,$50.46,0.60,1.203%,2516928653.00,United States,2015,300414,Technology,Computer Software: Prepackaged Software
ALRS,Alerus Financial Corporation Common Stock,$21.34,0.33,1.571%,541978446.00,United States,2019,45811,Finance,Major Banks
ALSN,Allison Transmission Holdings Inc. Common Stock,$82.78,0.83,1.013%,6889673110.00,United States,2012,883859,Consumer Discretionary,Auto Parts:O.E.M.
ALT,Altimmune Inc. Common Stock,$4.26,0.15,3.65%,444122777.00,United States,,6025847,Health Care,Biotechnology: Pharmaceutical Preparations
ALTG,Alta Equipment Group Inc. Class A Common Stock,$5.01,-0.25,-4.753%,161498768.00,United States,2019,314664,Industrials,Industrial Machinery/Components
ALTG^A,Alta Equipment Group Inc. Depositary Shares (each representing 1/1000th in a share of 10% Series A Cumulative Perpetual Preferred Stock),$25.20,0.15,0.599%,,United States,,3110,,
ALTI,AlTi Global Inc. Class A Common Stock,$4.27,0.205,5.043%,626209903.00,United States,2021,180732,Finance,Investment Managers
ALTO,Alto Ingredients Inc. Common Stock,$1.62,0.24,17.391%,125384279.00,United States,,3619251,Industrials,Major Chemicals
ALTS,ALT5 Sigma Corporation Common Stock,$2.25,0.13,6.132%,275871096.00,United States,,5994274,Finance,Finance: Consumer Services
ALUR,Allurion Technologies Inc. Common Stock,$1.74,0.19,12.258%,13507065.00,United States,,41853,Health Care,Medical/Dental Instruments
ALV,Autoliv Inc. Common Stock,$122.32,0.56,0.46%,9292081367.00,Sweden,,445502,Consumer Discretionary,Auto Parts:O.E.M.
ALVO,Alvotech Ordinary Shares,$5.48,-0.23,-4.028%,1653895110.00,Luxembourg,,720203,Health Care,Biotechnology: Biological Products (No Diagnostic Substances)
ALVOW,Alvotech Warrant,$0.915,0.295,47.581%,276152194.00,Luxembourg,,832,Health Care,Biotechnology: Biological Products (No Diagnostic Substances)
ALX,Alexander's Inc. Common Stock,$222.67,-9.08,-3.918%,1137240264.00,United States,,27871,Real Estate,Real Estate Investment Trusts
ALXO,ALX Oncology Holdings Inc. Common Stock,$1.27,-0.11,-7.971%,68009940.00,United States,2020,254581,Health Care,Biotechnology: Pharmaceutical Preparations
ALZN,Alzamend Neuro Inc. Common Stock,$2.36,-0.02,-0.84%,7410072.00,United States,2021,39865,Health Care,Biotechnology: Pharmaceutical Preparations
AM,Antero Midstream Corporation Common Stock,$17.85,0.13,0.734%,8501508750.00,United States,2017,2192571,Utilities,Natural Gas Distribution
AMAL,Amalgamated Financial Corp. Common Stock (DE),$28.21,0.34,1.22%,844503587.00,United States,2018,130430,Finance,Major Banks
AMAT,Applied Materials Inc. Common Stock,$235.08,5.01,2.178%,187274701739.00,United States,1972,7667865,Technology,Semiconductors
AMBA,Ambarella Inc. Ordinary Shares,$94.42,4.75,5.297%,4030695947.00,United States,2012,870734,Technology,Semiconductors
AMBC,Ambac Financial Group Inc. Common Stock,$8.69,0.21,2.476%,403231086.00,United States,,979725,Finance,Property-Casualty Insurers
AMBO,Ambow Education Holding Ltd. American Depository Shares (each representing twenty (20) Class A Ordinary Shares),$3.88,0.4299,12.461%,11082739.00,China,,24367,Real Estate,Other Consumer Services
AMBP,Ardagh Metal Packaging S.A. Ordinary Shares,$3.34,-0.06,-1.765%,1996316617.00,,,873520,Industrials,Containers/Packaging
AMBQ,Ambiq Micro Inc. Common Stock,$28.75,1.48,5.427%,526504098.00,,2025,70862,Technology,Semiconductors
AMBR,Amber International Holding Limited American Depositary Shares,$1.81,0.07,4.023%,17155417.00,Hong Kong,2017,24334,Finance,Finance: Consumer Services
AMC,AMC Entertainment Holdings Inc. Class A Common Stock,$2.46,0.05,2.075%,1261841160.00,United States,2013,24786533,Consumer Discretionary,Movies/Entertainment
AMCR,Amcor plc Ordinary Shares,$8.43,0.06,0.717%,19459474303.00,United Kingdom,2019,26363904,Consumer Discretionary,Miscellaneous manufacturing industries
AMCX,AMC Networks Inc. Class A Common Stock,$8.09,0.57,7.58%,350975047.00,United States,,668965,Telecommunications,Cable & Other Pay Television Services
AMD,Advanced Micro Devices Inc. Common Stock,$243.98,10.44,4.47%,397209574929.00,United States,,43212381,Technology,Semiconductors
AME,AMETEK Inc.,$198.01,1.72,0.876%,45582668893.00,United States,,1306855,Industrials,Industrial Machinery/Components
AMG,Affiliated Managers Group Inc. Common Stock,$259.57,0.31,0.12%,7301420650.00,United States,,147851,Finance,Investment Managers
AMGN,Amgen Inc. Common Stock,$323.66,3.46,1.081%,174284653976.00,United States,1983,2515608,Health Care,Biotechnology: Biological Products (No Diagnostic Substances)
AMH,American Homes 4 Rent Common Shares of Beneficial Interest,$31.53,-0.47,-1.469%,11700968901.00,United States,2013,2392348,Real Estate,Real Estate Investment Trusts
AMH^G,American Homes 4 Rent Series G cumulative redeemable perpetual preferred shares of beneficial interest,$23.975,0.025,0.104%,,United States,,3814,,
AMH^H,American Homes 4 Rent Series H cumulative redeemable perpetual Preferred Shares of Beneficial Interest,$24.36,0.12,0.495%,,United States,,2158,,
AMIX,Autonomix Medical Inc. Common Stock,$0.8564,0.0612,7.696%,4406775.00,United States,2024,172215,Health Care,Medical/Dental Instruments
AMKR,Amkor Technology Inc. Common Stock,$35.21,0.43,1.236%,8703680917.00,United States,1998,3663106,Technology,Semiconductors
AMLX,Amylyx Pharmaceuticals Inc. Common Stock,$12.18,-0.13,-1.056%,1337602350.00,United States,2022,3111423,Health Care,Biotechnology: Pharmaceutical Preparations
AMN,AMN Healthcare Services Inc,$17.39,-0.48,-2.686%,666458794.00,United States,,1898324,Consumer Discretionary,Professional Services
AMOD,Alpha Modus Holdings Inc. Class A Common Stock,$1.07,0.01,0.943%,44897155.00,United States,,683724,Miscellaneous,Multi-Sector Companies
AMODW,Alpha Modus Holdings Inc. Warrant,$0.0899,0.0001,0.111%,3772200.00,United States,,2009,Miscellaneous,Multi-Sector Companies
AMP,Ameriprise Financial Inc. Common Stock,$459.30,-2.13,-0.462%,42671593981.00,United States,,467519,Finance,Investment Managers
AMPG,Amplitech Group Inc. Common Stock,$2.75,-0.48,-14.861%,56577386.00,United States,,845115,Telecommunications,Telecommunications Equipment
AMPGW,Amplitech Group Inc. Warrants,$0.2299,-0.1386,-37.612%,4729869.00,United States,,22669,Telecommunications,Telecommunications Equipment
AMPH,Amphastar Pharmaceuticals Inc. Common Stock,$26.12,2.09,8.697%,1200270785.00,United States,2014,826318,Health Care,Biotechnology: Pharmaceutical Preparations
AMPL,Amplitude Inc. Class A Common Stock,$10.73,0.72,7.193%,1434452647.00,United States,,2072816,Technology,Computer Software: Prepackaged Software
AMPX,Amprius Technologies Inc. Common Stock,$13.59,0.86,6.756%,1773275358.00,United States,2022,12946176,Miscellaneous,Industrial Machinery/Components
AMPY,Amplify Energy Corp. Common Stock,$5.69,0.33,6.157%,230308423.00,United States,2016,2260834,Energy,Oil & Gas Production
AMR,Alpha Metallurgical Resources Inc. Common Stock,$165.30,-4.03,-2.38%,2125431367.00,United States,2018,333386,Energy,Coal Mining
AMRC,Ameresco Inc. Class A Common Stock,$35.91,0.64,1.815%,1895956645.00,United States,2010,432945,Consumer Discretionary,Engineering & Construction
AMRK,A-Mark Precious Metals Inc. Common Stock,$27.11,1.82,7.197%,667973754.00,United States,,353669,Industrials,Other Specialty Stores
AMRN,Amarin Corporation plc,$15.85,0.14,0.891%,329564041.00,Ireland,,76596,Health Care,Biotechnology: Pharmaceutical Preparations
AMRX,Amneal Pharmaceuticals Inc. Class A Common Stock,$11.48,0.11,0.967%,3608886322.00,United States,,1904037,Health Care,Biotechnology: Pharmaceutical Preparations
AMRZ,Amrize Ltd Ordinary Shares,$48.74,-0.70,-1.416%,26957220043.00,,2025,3212933,Industrials,Building Materials
AMS,American Shared Hospital Services Common Stock,$2.06,0.00,0.00%,13410600.00,United States,1988,3749,Health Care,Medical Specialities
AMSC,American Superconductor Corporation Common Stock,$36.91,-1.95,-5.018%,1667844382.00,United States,1991,2092192,Consumer Discretionary,Metal Fabrications
AMSF,AMERISAFE Inc. Common Stock,$40.91,0.41,1.012%,774197163.00,United States,2005,104577,Finance,Property-Casualty Insurers
AMST,Amesite Inc. Common Stock,$3.01,0.07,2.381%,13763866.00,United States,2020,15512,Technology,Computer Software: Prepackaged Software
AMT,American Tower Corporation (REIT) Common Stock,$179.72,1.77,0.995%,84135311086.00,United States,,2911085,Real Estate,Real Estate Investment Trusts
AMTB,Amerant Bancorp Inc. Class A Common Stock,$17.40,0.31,1.814%,718021492.00,United States,,460979,Finance,Major Banks
AMTD,AMTD IDEA Group American Depositary Shares each representing six (6) Class A Ordinary Shares,$0.97,-0.005,-0.513%,90057426.00,,,121322,Finance,Finance: Consumer Services
AMTM,Amentum Holdings Inc. Common Stock,$22.81,0.40,1.785%,5550326392.00,United States,2024,1847292,Real Estate,Real Estate
AMTX,Aemetis Inc. (DE) Common Stock,$2.11,0.01,0.476%,133438417.00,United States,,931985,Industrials,Major Chemicals
AMWD,American Woodmark Corporation Common Stock,$54.48,-1.13,-2.032%,793718412.00,United States,1986,338830,Basic Materials,Forest Products
AMWL,American Well Corporation Class A Common Stock,$4.04,-0.17,-4.038%,66139834.00,United States,2020,117910,Real Estate,Real Estate
AMX,America Movil S.A.B. de C.V. American Depositary Shares (each representing the right to receive twenty (20) Series B Shares,$23.14,-0.13,-0.559%,70276180000.00,Mexico,2023,1759044,Telecommunications,Telecommunications Equipment
AMZE,Amaze Holdings Inc. Common Stock,$0.496,0.0186,3.896%,3102788.00,,2021,242686,Consumer Staples,Beverages (Production/Distribution)
AMZN,Amazon.com Inc. Common Stock,$248.40,3.99,1.633%,2655449657132.00,United States,1997,36430660,Consumer Discretionary,Catalog/Specialty Distribution
AN,AutoNation Inc. Common Stock,$192.96,-0.90,-0.464%,7037671274.00,United States,,350353,Consumer Discretionary,Retail-Auto Dealers and Gas Stations
ANAB,AnaptysBio Inc. Common Stock,$33.98,-5.67,-14.30%,940854211.00,United States,2017,2132694,Health Care,Biotechnology: Pharmaceutical Preparations
ANDE,Andersons Inc. (The) Common Stock,$50.99,0.61,1.211%,1725456882.00,United States,,437134,Industrials,Farming/Seeds/Milling
ANEB,Anebulo Pharmaceuticals Inc. Common Stock,$2.36,-0.06,-2.479%,96959965.00,United States,2021,19479,Health Care,Biotechnology: Pharmaceutical Preparations
ANET,Arista Networks Inc. Common Stock,$137.26,2.61,1.938%,172849468708.00,United States,,6971075,Telecommunications,Computer Communications Equipment
ANF,Abercrombie & Fitch Company Common Stock,$71.67,0.10,0.14%,3373493856.00,United States,,946757,Consumer Discretionary,Clothing/Shoe/Accessory Stores
ANG^D,American National Group Inc. Depositary Shares each representing a 1/1000th interest in a share of 7.375% Fixed-Rate Non-Cumulative Preferred Stock Series D,$25.48,0.02,0.079%,,United States,,12550,,
ANGH,Anghami Inc. Ordinary Shares,$2.795,0.00,0.00%,18694953.00,United Arab Emirates,,6485,Consumer Discretionary,Telecommunications Equipment
ANGHW,Anghami Inc. Warrants,$0.0144,-0.0008,-5.263%,96317.00,United Arab Emirates,,12000,Consumer Discretionary,Telecommunications Equipment
ANGI,Angi Inc. Class A Common Stock,$11.43,0.14,1.24%,493211072.00,United States,,1127520,Consumer Discretionary,Advertising
ANGO,AngioDynamics Inc. Common Stock,$12.28,0.26,2.163%,505934084.00,United States,2004,435068,Health Care,Medical/Dental Instruments
ANGX,Angel Studios Inc. Class A Common Stock,$5.63,-0.40,-6.633%,160885188.00,,2025,689567,Consumer Discretionary,Movies/Entertainment
ANIK,Anika Therapeutics Inc. Common Stock,$10.07,0.22,2.234%,145221675.00,United States,,178284,Health Care,Medical/Dental Instruments
ANIP,ANI Pharmaceuticals Inc.,$88.93,-1.50,-1.659%,1929748629.00,United States,,467441,Health Care,Biotechnology: Pharmaceutical Preparations
ANIX,Anixa Biosciences Inc. Common Stock,$4.19,0.00,0.00%,137921874.00,United States,,113242,Health Care,Biotechnology: Pharmaceutical Preparations
ANL,Adlai Nortye Ltd. American Depositary Shares,$1.58,0.03,1.935%,58302423.00,Cayman Islands,2023,7536,Health Care,Biotechnology: Pharmaceutical Preparations
ANNA,AleAnna Inc. Class A Common Stock,$3.2069,0.0319,1.005%,260784345.00,United States,,518,Energy,Oil & Gas Production
ANNAW,AleAnna Inc. Warrant,$0.1501,-0.0024,-1.574%,12206096.00,United States,,400,Energy,Oil & Gas Production
ANNX,Annexon Inc. Common Stock,$2.98,0.10,3.472%,327462137.00,United States,2020,823391,Health Care,Biotechnology: Pharmaceutical Preparations
ANPA,Rich Sparkle Holdings Limited Ordinary Shares,$31.30,4.90,18.561%,391250000.00,Hong Kong,2025,19467,Consumer Discretionary,Other Consumer Services
ANRO,Alto Neuroscience Inc. Common Stock,$12.74,1.19,10.303%,344956253.00,United States,2024,272279,Health Care,Biotechnology: Pharmaceutical Preparations
ANSC,Agriculture & Natural Solutions Acquisition Corporation Class A Ordinary Shares,$11.07,-0.02,-0.18%,0.00,United States,2024,2005,,
ANSCW,Agriculture & Natural Solutions Acquisition Corporation Warrant,$0.30,0.0005,0.167%,0.00,United States,2024,719,,
ANTA,Antalpha Platform Holding Company Class A Ordinary Shares,$11.53,0.728,6.739%,273178849.00,Singapore,2025,2083,Finance,Investment Bankers/Brokers/Service
ANTX,AN2 Therapeutics Inc. Common Stock,$1.18,0.04,3.509%,32244875.00,United States,2022,548782,Health Care,Biotechnology: Pharmaceutical Preparations
ANVS,Annovis Bio Inc. Common Stock,$1.99,-0.01,-0.50%,38777600.00,United States,2020,114657,Health Care,Biotechnology: Pharmaceutical Preparations
ANY,Sphere 3D Corp. Common Shares,$0.5998,-0.0127,-2.073%,20230753.00,Canada,,467875,Finance,Finance: Consumer Services
AOD,abrdn Total Dynamic Dividend Fund Common Shares of Beneficial Interest,$9.46,0.26,2.826%,0.00,United States,2007,516814,Finance,Investment Managers
AOMD,Angel Oak Mortgage REIT Inc. 9.750% Senior Notes due 2030,$25.56,0.01,0.039%,0.00,United States,2025,755,Finance,Real Estate
AOMN,Angel Oak Mortgage REIT Inc. 9.500% Senior Notes due 2029,$25.05,0.0001,0.00%,0.00,United States,2024,4582,Finance,Real Estate
AOMR,Angel Oak Mortgage REIT Inc. Common Stock,$8.67,-0.36,-3.987%,216004683.00,United States,2021,274188,Finance,Real Estate
AON,Aon plc Class A Ordinary Shares (Ireland),$344.87,-1.45,-0.419%,74124724841.00,United States,,1099100,Finance,Specialty Insurers
AORT,Artivion Inc. Common Stock,$44.98,0.11,0.245%,2122320937.00,United States,,479310,Health Care,Medical/Dental Instruments
AOS,A.O. Smith Corporation Common Stock,$66.17,-0.09,-0.136%,9213366417.00,United States,,1062872,Consumer Discretionary,Consumer Electronics/Appliances
AOSL,Alpha and Omega Semiconductor Limited Common Shares,$19.92,-0.40,-1.969%,598824084.00,Bermuda,2010,476904,Technology,Semiconductors
AOUT,American Outdoor Brands Inc. Common Stock ,$6.74,0.18,2.744%,85279764.00,United States,,72018,Consumer Discretionary,Recreational Games/Products/Toys
AP,Ampco-Pittsburgh Corporation Common Stock,$1.95,0.10,5.405%,39618209.00,United States,,92306,Industrials,Fluid Controls
APA,APA Corporation Common Stock,$24.35,0.52,2.182%,8636196262.00,United States,,6497674,Energy,Oil & Gas Production
APACU,StoneBridge Acquisition II Corporation Units,$10.06,-0.005,-0.05%,0.00,United States,2025,135,Finance,Blank Checks
APAD,A Paradise Acquisition Corp. Class A Ordinary Shares,$9.97,0.00,0.00%,0.00,Singapore,2025,67,,
APADR,A Paradise Acquisition Corp. Rights,$0.25,0.00,0.00%,0.00,Singapore,2025,62,,
APADU,A Paradise Acquisition Corp. Unit,$10.19,-0.16,-1.546%,0.00,Singapore,2025,576,,
APAM,Artisan Partners Asset Management Inc. Class A Common Stock,$45.06,0.15,0.334%,3636214706.00,United States,2013,283923,Finance,Investment Managers
APD,Air Products and Chemicals Inc. Common Stock,$258.43,-1.31,-0.504%,57514537185.00,United States,,1208440,Basic Materials,Major Chemicals
APEI,American Public Education Inc. Common Stock,$32.99,1.92,6.18%,596034751.00,United States,2007,481091,Real Estate,Other Consumer Services
APG,APi Group Corporation Common Stock,$37.63,1.38,3.807%,15650539619.00,United States,2020,3069551,Consumer Discretionary,Engineering & Construction
APGE,Apogee Therapeutics Inc. Common Stock,$56.77,2.06,3.765%,3383288139.00,United States,2023,462811,Health Care,Biotechnology: Biological Products (No Diagnostic Substances)
APH,Amphenol Corporation Common Stock,$143.85,4.76,3.422%,176080384826.00,United States,,7781707,Technology,Electrical Products
API,Agora Inc. American Depositary Shares,$3.49,0.00,0.00%,326352486.00,China,2020,321061,Technology,Computer Software: Prepackaged Software
APLD,Applied Digital Corporation Common Stock,$31.44,0.46,1.485%,8793323910.00,United States,2022,23890231,Finance,Finance: Consumer Services
APLE,Apple Hospitality REIT Inc. Common Shares,$11.83,0.16,1.371%,2798690436.00,United States,2015,2862595,Real Estate,Real Estate Investment Trusts
APLM,Apollomics Inc. Class A Ordinary Shares,$14.63,0.45,3.173%,16141981.00,United States,,9662,Health Care,Biotechnology: Pharmaceutical Preparations
APLMW,Apollomics Inc. Warrant,$0.0199,-0.0024,-10.762%,21957.00,United States,,14533,Health Care,Biotechnology: Pharmaceutical Preparations
APLS,Apellis Pharmaceuticals Inc. Common Stock,$19.00,-0.26,-1.35%,2403979142.00,United States,2017,2107672,Health Care,Biotechnology: Pharmaceutical Preparations
APLT,Applied Therapeutics Inc. Common Stock,$0.84,-0.01,-1.176%,120970185.00,United States,2019,1362960,Health Care,Biotechnology: Pharmaceutical Preparations
APM,Aptorum Group Limited Class A Ordinary Shares,$1.40,0.02,1.449%,10001260.00,Hong Kong,2018,79525,Health Care,Biotechnology: Pharmaceutical Preparations
APO,Apollo Global Management Inc. (New) Common Stock,$130.92,-1.45,-1.095%,74889740146.00,United States,,2875238,Finance,Investment Managers
APO^A,Apollo Global Management Inc. 6.75% Series A Mandatory Convertible Preferred Stock,$68.88,-0.46,-0.663%,,United States,,7032,,
APOG,Apogee Enterprises Inc. Common Stock,$34.27,-0.17,-0.494%,737179571.00,United States,,160064,Consumer Discretionary,Auto Parts:O.E.M.
APOS,Apollo Global Management Inc. 7.625% Fixed-Rate Resettable Junior Subordinated Notes due 2053,$26.36,0.09,0.343%,15012923384.00,United States,1987,19283,Finance,Investment Managers
APP,Applovin Corporation Class A Common Stock,$651.32,31.39,5.063%,220116850600.00,United States,2021,4662599,Technology,Computer Software: Programming Data Processing
APPF,AppFolio Inc. Class A Common Stock,$254.96,3.16,1.255%,9158512495.00,United States,2015,198244,Technology,Computer Software: Prepackaged Software
APPN,Appian Corporation Class A Common Stock,$42.31,2.02,5.014%,3123458238.00,United States,2017,1558314,Technology,Computer Software: Prepackaged Software
APPS,Digital Turbine Inc. Common Stock,$5.92,-0.07,-1.169%,663921482.00,United States,,4185802,Miscellaneous,Multi-Sector Companies
APRE,Aprea Therapeutics Inc. Common stock,$1.27,0.04,3.252%,7398081.00,United States,2019,29071,Health Care,Biotechnology: Pharmaceutical Preparations
APT,Alpha Pro Tech Ltd. Common Stock,$4.76,0.075,1.601%,49313895.00,Canada,2000,36220,Health Care,Industrial Specialties
APTV,Aptiv PLC Ordinary Shares,$82.56,-1.10,-1.315%,17839516172.00,United Kingdom,,1979234,Consumer Discretionary,Auto Parts:O.E.M.
APUS,Apimeds Pharmaceuticals US Inc. Common Stock,$2.686,0.456,20.448%,33779090.00,,2025,93535,Health Care,Biotechnology: Pharmaceutical Preparations
APVO,Aptevo Therapeutics Inc. Common Stock,$1.56,0.09,6.122%,26286771.00,United States,,1162983,Health Care,Biotechnology: Pharmaceutical Preparations
APWC,Asia Pacific Wire & Cable Corporation Ltd. Ordinary Shares (Bermuda),$1.84,0.0899,5.137%,37933858.00,Taiwan,,8662,Industrials,Telecommunications Equipment
APXTU,Apex Treasury Corporation Units,$10.11,-0.0001,-0.001%,0.00,United States,2025,177684,Technology,Computer Software: Prepackaged Software
APYX,Apyx Medical Corporation Common Stock,$4.10,0.23,5.943%,156791811.00,United States,,265125,Health Care,Medical/Dental Instruments
AQB,AquaBounty Technologies Inc. Common Stock,$1.04,-0.01,-0.952%,4032803.00,United States,,76568,Consumer Staples,Meat/Poultry/Fish
AQMS,Aqua Metals Inc. Common Stock,$7.04,-0.31,-4.218%,9898275.00,United States,2015,542259,Industrials,Metal Fabrications
AQN,Algonquin Power & Utilities Corp. Common Shares,$6.32,0.08,1.282%,4853918006.00,United States,2016,12727949,Utilities,Electric Utilities: Central
AQNB,Algonquin Power & Utilities Corp. 6.20% Fixed-to-Floating Subordinated Notes Series 2019-A due July 1 2079,$25.69,-0.0265,-0.103%,19730562276.00,United States,2019,2825,Utilities,Electric Utilities: Central
AQST,Aquestive Therapeutics Inc. Common Stock,$5.58,-0.46,-7.616%,680777371.00,United States,2018,4246901,Health Care,Biotechnology: Pharmaceutical Preparations
AR,Antero Resources Corporation Common Stock,$33.85,0.20,0.594%,10442521900.00,United States,2013,4184710,Energy,Oil & Gas Production
ARAI,Arrive AI Inc. Common Stock,$4.46,0.11,2.529%,147294395.00,United States,,76651,Consumer Discretionary,Diversified Commercial Services
ARAY,Accuray Incorporated Common Stock,$1.17,0.00,0.00%,132609124.00,United States,2007,1062930,Health Care,Medical/Dental Instruments
ARBB,ARB IOT Group Limited Ordinary Shares,$5.75,0.25,4.545%,10150222.00,Malaysia,2023,16746,Technology,EDP Services
ARBE,Arbe Robotics Ltd. Ordinary Shares,$1.66,0.03,1.84%,174570892.00,Israel,,1227231,Technology,EDP Services
ARBEW,Arbe Robotics Ltd. Warrant,$0.2202,-0.0147,-6.258%,23156934.00,Israel,,19235,Technology,EDP Services
ARBK,Argo Blockchain plc American Depositary Shares,$0.3364,-0.0016,-0.473%,24128302.00,United Kingdom,2021,1201314,Finance,Finance: Consumer Services
ARBKL,Argo Blockchain plc 8.75% Senior Notes due 2026,$1.62,-0.08,-4.706%,1030887000.00,United Kingdom,,14749,Finance,Finance: Consumer Services
ARCB,ArcBest Corporation Common Stock,$66.30,-0.69,-1.03%,1492480692.00,United States,,259755,Industrials,Trucking Freight/Courier Services
ARCC,Ares Capital Corporation Common Stock,$20.29,0.09,0.446%,14522092714.00,United States,2004,3980607,Finance,Finance: Consumer Services
ARCO,Arcos Dorados Holdings Inc. Class A Shares,$7.13,0.07,0.992%,1502027596.00,Argentina,2011,872323,Consumer Discretionary,Restaurants
ARCT,Arcturus Therapeutics Holdings Inc. Common Stock,$8.78,0.06,0.688%,238416765.00,Israel,2013,751562,Health Care,Biotechnology: Pharmaceutical Preparations
ARDC,Ares Dynamic Credit Allocation Fund Inc. Common Shares,$13.88,0.02,0.144%,318059353.00,United States,2012,81698,Finance,Investment Managers
ARDT,Ardent Health Inc. Common Stock,$13.66,-0.74,-5.139%,1954834066.00,United States,2024,396982,Health Care,Hospital/Nursing Management
ARDX,Ardelyx Inc. Common Stock,$5.65,0.06,1.073%,1372804829.00,United States,2014,2259360,Health Care,Biotechnology: Pharmaceutical Preparations
ARE,Alexandria Real Estate Equities Inc. Common Stock,$54.26,-1.35,-2.428%,9377487701.00,United States,,2682726,Real Estate,Real Estate Investment Trusts
AREB,American Rebel Holdings Inc. Common Stock,$1.13,-0.02,-1.739%,577924.00,United States,,593955,Industrials,Plastic Products
AREBW,American Rebel Holdings Inc. Warrants,$0.023,-0.0021,-8.367%,11763.00,United States,,750,Industrials,Plastic Products
AREC,American Resources Corporation Class A Common Stock,$4.15,0.14,3.491%,351127018.00,United States,,7646127,Energy,Coal Mining
AREN,The Arena Group Holdings Inc. Common Stock,$4.87,0.13,2.743%,231158198.00,United States,2022,259661,Technology,EDP Services
ARES,Ares Management Corporation Class A Common Stock,$153.34,-0.54,-0.351%,50122109941.00,United States,2014,1415108,Finance,Investment Managers
ARES^B,Ares Management Corporation 6.75% Series B Mandatory Convertible Preferred Stock,$48.79,0.04,0.082%,,United States,,43102,,
ARGX,argenx SE American Depositary Shares,$869.83,15.18,1.776%,53051677144.00,Netherlands,2017,238882,Health Care,Biotechnology: Biological Products (No Diagnostic Substances)
ARHS,Arhaus Inc. Class A Common Stock,$9.57,-0.27,-2.744%,1349977810.00,United States,2021,2068907,Consumer Discretionary,Other Specialty Stores
ARI,Apollo Commercial Real Estate Finance Inc,$9.75,-0.08,-0.814%,1354702352.00,United States,2009,1116511,Real Estate,Real Estate Investment Trusts
ARKO,ARKO Corp. Common Stock,$4.40,0.10,2.326%,490295423.00,United States,,751043,Consumer Staples,Food Chains
ARKOW,ARKO Corp. Warrant,$0.0124,0.0004,3.333%,1381742.00,United States,,68711,Consumer Staples,Food Chains
ARKR,Ark Restaurants Corp. Common Stock,$7.153,-0.0569,-0.789%,25794841.00,United States,,1694,Consumer Discretionary,Restaurants
ARL,American Realty Investors Inc. Common Stock,$16.25,-0.30,-1.813%,262470699.00,United States,,2483,Real Estate,Other Consumer Services
ARLO,Arlo Technologies Inc. Common Stock,$15.77,0.94,6.339%,1671498066.00,United States,2018,2547677,Consumer Staples,Consumer Electronics/Appliances
ARLP,Alliance Resource Partners L.P. Common Units representing Limited Partners Interests,$24.35,-0.05,-0.205%,3127222384.00,United States,1999,254456,Energy,Coal Mining
ARM,Arm Holdings plc American Depositary Shares,$154.84,2.46,1.614%,164016437605.00,United Kingdom,2023,3270188,Technology,Semiconductors
ARMK,Aramark Common Stock,$37.60,-0.20,-0.529%,9883194141.00,United States,2013,2009840,Consumer Discretionary,Restaurants
ARMN,Aris Mining Corporation Common Shares,$10.77,0.92,9.34%,2183079000.00,,2023,3127226,,
ARMP,Armata Pharmaceuticals Inc. Common Stock,$6.21,0.43,7.439%,224987319.00,United States,,226180,Health Care,Biotechnology: Biological Products (No Diagnostic Substances)
AROC,Archrock Inc. Common Stock,$24.99,0.41,1.668%,4382487354.00,United States,,1460901,Utilities,Natural Gas Distribution
AROW,Arrow Financial Corporation Common Stock,$30.36,0.31,1.032%,499192873.00,United States,,47301,Finance,Major Banks
ARQ,Arq Inc. Common Stock,$3.66,-0.19,-4.935%,156259615.00,United States,,712315,Industrials,Major Chemicals
ARQQ,Arqit Quantum Inc. Ordinary Shares,$32.19,-1.65,-4.876%,402504050.00,United Kingdom,,665373,Technology,Computer Software: Prepackaged Software
ARQQW,Arqit Quantum Inc. Warrants,$0.3801,-0.0786,-17.135%,4752774.00,United Kingdom,,244470,Technology,Computer Software: Prepackaged Software
ARQT,Arcutis Biotherapeutics Inc. Common Stock,$23.75,-0.48,-1.981%,2909189560.00,United States,2020,2513970,Health Care,Biotechnology: Pharmaceutical Preparations
ARR,ARMOUR Residential REIT Inc.,$16.76,-0.07,-0.416%,1535115474.00,United States,,2694196,Real Estate,Real Estate Investment Trusts
ARR^C,ARMOUR Residential REIT Inc. 7% Series C Cumulative Redeemable Preferred Stock (liquidation preference $25.00 per share),$21.77,-0.06,-0.275%,,United States,,17327,,
ARRY,Array Technologies Inc. Common Stock,$9.17,0.63,7.377%,1400697023.00,United States,2020,9011931,Consumer Discretionary,Miscellaneous manufacturing industries
ARTL,Artelo Biosciences Inc. Common Stock,$2.11,-0.07,-3.211%,2788475.00,United States,,268122,Health Care,Biotechnology: Pharmaceutical Preparations
ARTNA,Artesian Resources Corporation Class A Common Stock,$32.45,-0.74,-2.23%,334579002.00,United States,,22650,Utilities,Water Supply
ARTV,Artiva Biotherapeutics Inc. Common Stock,$3.66,0.20,5.78%,89398289.00,United States,2024,231594,Health Care,Biotechnology: Biological Products (No Diagnostic Substances)
ARTW,Art's-Way Manufacturing Co. Inc. Common Stock,$2.43,0.13,5.652%,12409607.00,United States,,44311,Industrials,Industrial Machinery/Components
ARVN,Arvinas Inc. Common Stock,$11.19,0.56,5.268%,718669850.00,United States,2018,2263507,Health Care,Biotechnology: Pharmaceutical Preparations
ARW,Arrow Electronics Inc. Common Stock,$112.30,0.59,0.528%,5784725279.00,United States,,630052,Technology,Electronic Components
ARWR,Arrowhead Pharmaceuticals Inc. Common Stock,$39.85,0.62,1.58%,5509563368.00,United States,,1876650,Health Care,Biotechnology: Pharmaceutical Preparations
ARX,Accelerant Holdings Class A Common Shares,$12.29,-0.35,-2.769%,2703634859.00,,2025,1703046,Finance,Specialty Insurers
AS,Amer Sports Inc. Ordinary Shares,$30.14,0.60,2.031%,16692898276.00,,2024,4194867,Consumer Discretionary,Apparel
ASA,ASA  Gold and Precious Metals Limited,$47.00,1.10,2.397%,887007453.00,United States,,86624,Industrials,Precious Metals
ASAN,Asana Inc. Class A Common Stock,$13.53,0.21,1.577%,3196420895.00,United States,2020,3413091,Technology,Computer Software: Prepackaged Software
ASB,Associated Banc-Corp Common Stock,$25.64,0.07,0.274%,4254251464.00,United States,,1595282,Finance,Major Banks
ASB^E,Associated Banc-Corp Depositary Shares each representing a 1/40th interest in a share of 5.875% Non-Cumulative Perpetual Preferred Stock Series E,$21.97,0.465,2.162%,,United States,,12209,,
ASB^F,Associated Banc-Corp Depositary Shares each representing a 1/40th interest in a share of Associated Banc-Corp 5.625% Non-Cumulative Perpetual Preferred Stock Series F,$21.00,0.05,0.239%,,United States,,2422,,
ASBA,Associated Banc-Corp 6.625% Fixed-Rate Reset Subordinated Notes due 2033,$24.665,0.1031,0.42%,3721968602.00,United States,2023,88773,Finance,Major Banks
ASBP,Aspire Biopharma Holdings Inc. Common Stock,$0.1542,-0.0859,-35.777%,7636905.00,United States,2022,61005336,Health Care,Biotechnology: Pharmaceutical Preparations
ASBPW,Aspire Biopharma Holdings Inc. Warrant,$0.0272,-0.0054,-16.564%,1347106.00,United States,2022,82385,Health Care,Biotechnology: Pharmaceutical Preparations
ASC,Ardmore Shipping Corporation Common Stock,$12.80,0.09,0.708%,518442765.00,,2013,607329,Consumer Discretionary,Marine Transportation
ASG,Liberty All-Star Growth Fund Inc.,$5.47,0.07,1.296%,0.00,United States,,264173,Finance,Investment Managers
ASGI,abrdn Global Infrastructure Income Fund Common Shares of Beneficial Interest,$20.46,0.12,0.59%,0.00,United States,2020,121348,Finance,Investment Managers
ASGN,ASGN Incorporated Common Stock,$43.50,-0.18,-0.412%,1857450000.00,United States,1992,466328,Consumer Discretionary,Professional Services
ASH,Ashland Inc. Common Stock,$49.89,-0.16,-0.32%,2280270245.00,United States,,828044,Consumer Discretionary,Specialty Chemicals
ASIC,Ategrity Specialty Insurance Company Holdings Common Stock,$17.79,-0.04,-0.224%,855106130.00,,2025,90918,Finance,Property-Casualty Insurers
ASIX,AdvanSix Inc. Common Stock ,$16.25,0.87,5.657%,436218039.00,United States,2016,735002,Industrials,Major Chemicals
ASLE,AerSale Corporation Common Stock,$6.14,-0.005,-0.081%,289694514.00,United States,2019,750799,Consumer Discretionary,Industrial Specialties
ASM,Avino Silver & Gold Mines Ltd. Common Shares (Canada),$4.55,0.26,6.061%,713660325.00,Canada,,6402727,Basic Materials,Metal Mining
ASMB,Assembly Biosciences Inc. Common Stock,$32.07,0.87,2.788%,246049410.00,United States,2010,71897,Health Care,Biotechnology: Pharmaceutical Preparations
ASML,ASML Holding N.V. New York Registry Shares,$1038.79,21.83,2.147%,408539195499.00,Netherlands,1995,992384,Technology,Industrial Machinery/Components
ASND,Ascendis Pharma A/S American Depositary Shares,$196.01,-1.73,-0.875%,11895746347.00,Denmark,2015,463634,Health Care,Biotechnology: Pharmaceutical Preparations
ASNS,Actelis Networks Inc. Common Stock,$0.4212,-0.0198,-4.49%,4756238.00,United States,2022,468710,Telecommunications,Telecommunications Equipment
ASO,Academy Sports and Outdoors Inc. Common Stock,$44.85,-0.92,-2.01%,2988150580.00,United States,2020,1928708,Consumer Discretionary,Other Specialty Stores
ASPC,A SPAC III Acquisition Corp. Class A Ordinary Shares,$10.75,-0.57,-5.035%,0.00,China,2025,2164,Finance,Blank Checks
ASPCR,A SPAC III Acquisition Corp. Right,$0.19,0.00,0.00%,0.00,China,2025,367,Finance,Blank Checks
ASPCU,A SPAC III Acquisition Corp. Unit,$11.00,0.15,1.382%,0.00,China,2024,4477,Finance,Blank Checks
ASPI,ASP Isotopes Inc. Common Stock,$8.92,-0.08,-0.889%,819864932.00,United States,2022,7125597,Industrials,Major Chemicals
ASPN,Aspen Aerogels Inc. Common Stock,$3.67,-0.19,-4.922%,303314787.00,United States,2014,4674925,Consumer Discretionary,RETAIL: Building Materials
ASPS,Altisource Portfolio Solutions S.A. Common Stock,$9.965,0.125,1.27%,109533785.00,Luxembourg,,16889,Consumer Discretionary,Other Consumer Services
ASPSW,Altisource Portfolio Solutions S.A. Net Settle Stakeholder Warrants,$0.5683,-0.0217,-3.678%,6246668.00,Luxembourg,,8348,Consumer Discretionary,Other Consumer Services
ASPSZ,Altisource Portfolio Solutions S.A. Cash Exercise Stakeholder Warrants,$0.535,0.0553,11.528%,5880640.00,Luxembourg,,6954,Consumer Discretionary,Other Consumer Services
ASR,Grupo Aeroportuario del Sureste S.A. de C.V. Common Stock,$302.53,-5.92,-1.919%,9075900000.00,Mexico,,30165,Consumer Discretionary,Aerospace
ASRT,Assertio Holdings Inc. Common Stock,$0.801,0.0405,5.325%,77087940.00,United States,,1482763,Health Care,Biotechnology: Pharmaceutical Preparations
ASRV,AmeriServ Financial Inc. Common Stock,$3.06,0.02,0.658%,50548957.00,United States,,28010,Finance,Major Banks
ASST,Strive Inc. Class A Common Stock,$1.48,-0.03,-1.987%,1019664988.00,United States,2023,218007983,Technology,Computer Software: Prepackaged Software
ASTC,Astrotech Corporation (DE) Common Stock,$3.30,0.12,3.774%,5804545.00,United States,,16907,Industrials,Biotechnology: Laboratory Analytical Instruments
ASTE,Astec Industries Inc. Common Stock,$46.00,1.14,2.541%,1052288686.00,United States,1986,172540,Industrials,Construction/Ag Equipment/Trucks
ASTH,Astrana Health Inc. Common Stock,$22.43,-3.105,-12.16%,1257433202.00,United States,,1054571,Consumer Discretionary,Professional Services
ASTI,Ascent Solar Technologies Inc. Common Stock,$1.70,0.08,4.938%,5181019.00,United States,,132582,Technology,Semiconductors
ASTL,Algoma Steel Group Inc. Common Shares,$3.80,-0.06,-1.554%,398748448.00,Canada,,952577,Industrials,Steel/Iron Ore
ASTLW,Algoma Steel Group Inc. Warrant,$0.137,-0.012,-8.054%,14375931.00,Canada,,7110,Industrials,Steel/Iron Ore
ASTS,AST SpaceMobile Inc. Class A Common Stock,$68.70,-0.49,-0.708%,24630191753.00,United States,2019,9183241,Consumer Discretionary,Telecommunications Equipment
ASUR,Asure Software Inc Common Stock,$8.16,0.09,1.115%,226553236.00,United States,,76699,Technology,EDP Services
ASX,ASE Technology Holding Co. Ltd. American Depositary Shares (each representing Two Common Shares) ,$15.38,0.16,1.051%,33962773787.00,Taiwan,2018,8048421,Technology,Semiconductors
ASYS,Amtech Systems Inc. Common Stock,$7.53,0.07,0.938%,107784141.00,United States,,143070,Technology,Industrial Machinery/Components
ATAI,Atai Beckley N.V Common Shares,$4.35,-0.01,-0.229%,932371731.00,Germany,2008,5087077,Health Care,Biotechnology: Pharmaceutical Preparations
ATAT,Atour Lifestyle Holdings Limited American Depositary Shares,$40.91,1.66,4.229%,5653187255.00,China,2022,1460206,Consumer Discretionary,Hotels/Resorts
ATCH,AtlasClear Holdings Inc. Common Stock,$0.3499,0.0355,11.291%,44374019.00,,2024,6332385,Finance,Finance: Consumer Services
ATEC,Alphatec Holdings Inc. Common Stock,$20.24,0.44,2.222%,3006655744.00,United States,2006,2604685,Health Care,Medical/Dental Instruments
ATEN,A10 Networks Inc. Common Stock,$17.21,-0.02,-0.116%,1234412841.00,United States,2014,970787,Telecommunications,Computer Communications Equipment
ATER,Aterian Inc. Common Stock,$0.8648,0.0433,5.271%,8635118.00,United States,2019,16142,Consumer Discretionary,Home Furnishings
ATEX,Anterix Inc. Common Stock,$18.14,0.11,0.61%,339939791.00,United States,2015,136485,Telecommunications,Telecommunications Equipment
ATGE,Adtalem Global Education Inc. Common Stock,$95.19,0.30,0.316%,3458114294.00,United States,,484348,Real Estate,Other Consumer Services
ATGL,Alpha Technology Group Limited Class A Ordinary Shares,$15.90,-0.85,-5.075%,261753750.00,China,2023,493,Technology,EDP Services
ATH^A,Athene Holding Ltd. Depositary Shares Each Representing a 1/1000th Interest in a 6.35% Fixed-to-Floating Rate Perpetual Non-Cumulative Preference Share Series A,$24.992,0.05,0.20%,,Bermuda,,115723,,
ATH^B,Athene Holding Ltd. Depositary Shares Each Representing a 1/1000th Interest in a 5.625% Fixed Rate Perpetual Non- Cumulative Preference Share Series B par value $1.00 per share,$20.93,-0.02,-0.095%,,Bermuda,,36993,,
ATH^D,Athene Holding Ltd. Depositary Shares Each Representing a 1/1000th Interest in a 4.875% Fixed-Rate Perpetual Non-Cumulative Preference Share Series D,$17.61,-0.04,-0.227%,,Bermuda,,33889,,
ATH^E,Athene Holding Ltd. Depositary Shares Each Representing a 1/1000th Interest in a 7.750% Fixed-Rate Reset Perpetual Non-Cumulative Preference Share Series E,$25.90,-0.01,-0.039%,,Bermuda,,60948,,
ATHA,Athira Pharma Inc. Common Stock,$4.58,0.73,18.961%,18063002.00,United States,2020,79579,Health Care,Biotechnology: Biological Products (No Diagnostic Substances)
ATHE,Alterity Therapeutics Limited American Depositary Shares,$3.746,0.286,8.266%,57493293.00,Australia,,19773,Health Care,Biotechnology: Pharmaceutical Preparations
ATHM,Autohome Inc. American Depositary Shares each representing four class A ordinary shares.,$25.04,0.70,2.876%,2965831124.00,China,2013,437418,Technology,EDP Services
ATHR,Aether Holdings Inc. Common Stock,$5.86,0.11,1.913%,70913460.00,United States,2025,5212,Technology,Computer Software: Prepackaged Software
ATHS,Athene Holding Ltd. 7.250% Fixed-Rate Reset Junior Subordinated Debentures due 2064,$25.48,0.09,0.354%,5192951400.00,Bermuda,2024,44027,Finance,Life Insurance
ATI,ATI Inc. Common Stock,$98.10,0.45,0.461%,13328225144.00,United States,,948173,Industrials,Steel/Iron Ore
ATII,Archimedes Tech SPAC Partners II Co. Ordinary Shares,$10.36,-0.02,-0.193%,0.00,United States,2025,2098,,
ATIIW,Archimedes Tech SPAC Partners II Co. Warrant,$0.55,0.04,7.843%,0.00,United States,2025,3955,Finance,Blank Checks
ATKR,Atkore Inc. Common Stock,$65.40,-0.50,-0.759%,2201085592.00,United States,2016,320324,Miscellaneous,Industrial Machinery/Components
ATLC,Atlanticus Holdings Corporation Common Stock,$51.00,-3.01,-5.573%,771397899.00,United States,1995,120387,Finance,Finance: Consumer Services
ATLCL,Atlanticus Holdings Corporation 6.125% Senior Notes due 2026,$24.76,0.0599,0.243%,374506117.00,United States,,7171,Finance,Finance: Consumer Services
ATLCP,Atlanticus Holdings Corporation 7.625% Series B Cumulative Perpetual Preferred Stock no par value per share,$24.1531,-0.0284,-0.117%,365326482.00,United States,,14015,Finance,Finance: Consumer Services
ATLCZ,Atlanticus Holdings Corporation 9.25% Senior Notes due 2029,$25.59,-0.01,-0.039%,387060240.00,United States,,14403,Finance,Finance: Consumer Services
ATLN,Atlantic International Corp. Common Stock,$2.51,0.05,2.033%,146522475.00,United States,2024,8081,Industrials,Biotechnology: Laboratory Analytical Instruments
ATLO,Ames National Corporation Common Stock,$21.145,0.055,0.261%,188162779.00,United States,,3467,Finance,Major Banks
ATLX,Atlas Lithium Corporation Common Stock,$4.49,-0.01,-0.222%,87925304.00,United States,,483725,Industrials,Mining & Quarrying of Nonmetallic Minerals (No Fuels)
ATMC,AlphaTime Acquisition Corp Ordinary Shares,$12.45,0.00,0.00%,0.00,United States,2023,52,Finance,Blank Checks
ATMCR,AlphaTime Acquisition Corp Right,$0.2471,0.0011,0.447%,0.00,United States,2023,4500,Finance,Blank Checks
ATMCU,AlphaTime Acquisition Corp Unit,$12.21,0.00,0.00%,0.00,United States,2022,12,Finance,Blank Checks
ATMCW,AlphaTime Acquisition Corp Warrant,$0.0732,0.0001,0.137%,0.00,United States,2023,1674,Finance,Blank Checks
ATMU,Atmus Filtration Technologies Inc. Common Stock,$49.65,1.75,3.653%,4078845956.00,United States,2023,1260178,Consumer Discretionary,Auto Parts:O.E.M.
ATMV,AlphaVest Acquisition Corp Ordinary Shares,$7.123,-0.187,-2.558%,0.00,United States,2023,13557,Finance,Blank Checks
ATMVR,AlphaVest Acquisition Corp Right,$0.62,-0.02,-3.125%,0.00,United States,2023,32922,Finance,Blank Checks
ATMVU,AlphaVest Acquisition Corp Unit,$8.79,0.00,0.00%,0.00,United States,2022,4,Finance,Blank Checks
ATNI,ATN International Inc. Common Stock,$19.68,1.68,9.333%,300265455.00,United States,,91417,Telecommunications,Telecommunications Equipment
ATNM,Actinium Pharmaceuticals Inc. (Delaware) Common Stock,$1.33,0.07,5.556%,41490535.00,United States,,87609,Health Care,Biotechnology: Pharmaceutical Preparations
ATO,Atmos Energy Corporation Common Stock,$177.76,0.85,0.48%,28534669981.00,United States,,885810,Utilities,Oil/Gas Transmission
ATOM,Atomera Incorporated Common Stock,$2.51,-0.19,-7.037%,79519393.00,United States,2016,477702,Technology,Semiconductors
ATON,AlphaTON Capital Corp. Common Stock,$3.88,-0.06,-1.523%,8841053.00,Canada,,84266,Energy,Oil & Gas Production
ATOS,Atossa Therapeutics Inc. Common Stock,$0.8378,0.0173,2.108%,108219819.00,United States,2012,478236,Health Care,Biotechnology: Pharmaceutical Preparations
ATPC,Agape ATP Corporation Common Stock,$1.23,-0.005,-0.405%,61506619.00,Malaysia,,34747,Health Care,Medical/Nursing Services
ATR,AptarGroup Inc. Common Stock,$116.38,0.16,0.138%,7636757143.00,United States,,514004,Industrials,Plastic Products
ATRA,Atara Biotherapeutics Inc. Common Stock,$12.30,0.49,4.149%,86383294.00,United States,2014,27341,Health Care,Biotechnology: Biological Products (No Diagnostic Substances)
ATRC,AtriCure Inc. Common Stock,$31.99,-0.06,-0.187%,1590446446.00,United States,2005,510486,Health Care,Medical/Dental Instruments
ATRO,Astronics Corporation Common Stock,$47.83,0.85,1.809%,1704140857.00,United States,,387702,Industrials,Military/Government/Technical
ATS,ATS Corporation Common Shares,$27.41,0.58,2.162%,2687710273.00,Canada,2023,103937,Industrials,Industrial Machinery/Components
ATUS,Altice USA Inc. Class A Common Stock,$1.92,-0.17,-8.134%,902075013.00,United States,2017,9559319,Telecommunications,Cable & Other Pay Television Services
ATXG,Addentax Group Corp. Common Stock,$0.468,0.0178,3.954%,5482783.00,China,,13341,Consumer Discretionary,Professional Services
ATXS,Astria Therapeutics Inc. Common Stock,$12.61,0.10,0.799%,711644013.00,United States,2015,766036,Health Care,Biotechnology: Pharmaceutical Preparations
ATYR,aTyr Pharma Inc. Common Stock,$0.79,-0.0269,-3.293%,77409441.00,United States,2015,3860987,Health Care,Biotechnology: Biological Products (No Diagnostic Substances)
AU,AngloGold Ashanti PLC Ordinary Shares,$74.10,4.69,6.757%,37311354553.00,South Africa,,2877264,Basic Materials,Precious Metals
AUB,Atlantic Union Bankshares Corporation Common Stock,$32.66,-0.08,-0.244%,4654642844.00,United States,,924638,Finance,Major Banks
AUB^A,Atlantic Union Bankshares Corporation Depositary Shares each representing a 1/400th ownership interest in a share of 6.875% Perpetual Non-Cumulative Preferred Stock Series A,$25.10,0.08,0.32%,,United States,,9728,,
AUBN,Auburn National Bancorporation Inc. Common Stock,$25.60,-0.88,-3.323%,89438694.00,United States,,450,Finance,Major Banks
AUDC,AudioCodes Ltd. Common Stock,$9.54,0.26,2.802%,281173307.00,Israel,1999,182295,Utilities,Telecommunications Equipment
AUGO,Aura Minerals Inc. Common Shares,$35.89,1.60,4.666%,2965586106.00,United States,,1273493,,
AUID,authID Inc. Common Stock,$2.38,-0.10,-4.032%,31996101.00,United States,,134696,Technology,Computer Software: Prepackaged Software
AUNA,Auna SA Class A Ordinary Shares,$5.20,-0.22,-4.059%,384645555.00,Peru,2024,142757,Health Care,Medical/Nursing Services
AUPH,Aurinia Pharmaceuticals Inc Ordinary Shares,$14.89,0.28,1.916%,1963105924.00,Canada,,1721619,Health Care,Biotechnology: Pharmaceutical Preparations
AUR,Aurora Innovation Inc. Class A Common Stock,$4.36,0.04,0.926%,8438217516.00,United States,2021,13433257,Technology,EDP Services
AURA,Aura Biosciences Inc. Common Stock,$5.52,0.17,3.178%,342901699.00,United States,2021,152221,Health Care,Biotechnology: Biological Products (No Diagnostic Substances)
AURE,Prestige Wealth Inc. Class A Ordinary Shares,$0.461,0.0597,14.877%,14586943.00,Hong Kong,2023,120634,Finance,Finance: Consumer Services
AUROW,Aurora Innovation Inc. Warrant,$0.3501,0.0001,0.029%,677573384.00,United States,2021,13615,Technology,EDP Services
AUST,Austin Gold Corp. Common Shares,$1.62,0.06,3.846%,22182662.00,,2022,80363,Basic Materials,Precious Metals
AUTL,Autolus Therapeutics plc American Depositary Share,$1.32,-0.01,-0.752%,351306663.00,United Kingdom,2018,1525453,Health Care,Biotechnology: Biological Products (No Diagnostic Substances)
AUUD,Auddia Inc. Common Stock,$1.23,0.08,6.957%,3814750.00,United States,2021,86871,Technology,EDP Services
AUUDW,Auddia Inc. Warrants,$0.027,-0.0004,-1.46%,83738.00,United States,2021,4565,Technology,EDP Services
AVA,Avista Corporation Common Stock,$41.13,0.29,0.71%,3346819748.00,United States,,634537,Utilities,Power Generation
AVAH,Aveanna Healthcare Holdings Inc. Common Stock,$8.95,0.20,2.286%,1869756878.00,United States,2021,1245159,Health Care,Medical/Nursing Services
AVAL,Grupo Aval Acciones y Valores S.A. ADR (Each representing 20 preferred shares),$4.35,0.07,1.636%,5164205978.00,,2014,148490,Finance,Commercial Banks
AVAV,AeroVironment Inc. Common Stock,$333.87,4.22,1.28%,16670865951.00,United States,2007,642710,Industrials,Aerospace
AVB,AvalonBay Communities Inc. Common Stock,$176.75,-0.63,-0.355%,25026906529.00,United States,,741680,Real Estate,Real Estate Investment Trusts
AVBC,Avidia Bancorp Inc. Common Stock,$15.20,-0.17,-1.106%,305159000.00,,2025,44167,Finance,Banks
AVBH,Avidbank Holdings Inc. Common stock,$25.40,-0.03,-0.118%,277774908.00,United States,,12480,Finance,Commercial Banks
AVBP,ArriVent BioPharma Inc. Common Stock,$18.60,0.555,3.076%,754582358.00,United States,2024,387726,Health Care,Biotechnology: Pharmaceutical Preparations
AVD,American Vanguard Corporation Common Stock ($0.10 Par Value),$5.06,-0.04,-0.784%,143862257.00,United States,1998,219920,Industrials,Agricultural Chemicals
AVDL,Avadel Pharmaceuticals plc Ordinary Share,$18.70,0.01,0.054%,1826179617.00,France,,1991197,Health Care,Biotechnology: Pharmaceutical Preparations
AVGO,Broadcom Inc. Common Stock,$358.39,8.96,2.564%,1692448400235.00,United States,2009,16389991,Technology,Semiconductors
AVIR,Atea Pharmaceuticals Inc. Common Stock,$3.33,0.06,1.835%,264260651.00,United States,2020,400249,Health Care,Biotechnology: Pharmaceutical Preparations
AVK,Advent Convertible and Income Fund,$12.88,0.20,1.577%,0.00,United States,2003,239036,Finance,Trusts Except Educational Religious and Charitable
AVNS,Avanos Medical Inc. Common Stock,$11.44,0.21,1.87%,531032296.00,United States,2014,525105,Health Care,Industrial Specialties
AVNT,Avient Corporation Common Stock,$29.63,-0.07,-0.236%,2713030298.00,United States,,734251,Industrials,Major Chemicals
AVNW,Aviat Networks Inc. Common Stock,$23.44,0.63,2.762%,300910250.00,United States,,129023,Technology,Radio And Television Broadcasting And Communications Equipment
AVO,Mission Produce Inc. Common Stock,$12.59,0.24,1.943%,889094368.00,United States,2020,310114,Consumer Staples,Farming/Seeds/Milling
AVPT,AvePoint Inc. Class A Common Stock,$12.67,0.59,4.884%,2734050596.00,United States,2019,2121151,Technology,Computer Software: Prepackaged Software
AVR,Anteris Technologies Global Corp. Common Stock,$3.955,-0.025,-0.628%,142626673.00,United States,2024,99826,Health Care,Industrial Specialties
AVT,Avnet Inc. Common Stock,$47.08,-0.18,-0.381%,3828991259.00,United States,,1193368,Technology,Electronic Components
AVTR,Avantor Inc. Common Stock,$11.50,-0.05,-0.433%,7840870879.00,United States,2019,6723518,Industrials,Biotechnology: Laboratory Analytical Instruments
AVTX,Avalo Therapeutics Inc. Common Stock,$15.215,0.165,1.096%,275908323.00,United States,2015,482514,Health Care,Biotechnology: Pharmaceutical Preparations
AVXL,Anavex Life Sciences Corp. Common Stock,$6.49,-0.80,-10.974%,557450983.00,United States,,4633136,Health Care,Biotechnology: Biological Products (No Diagnostic Substances)
AVY,Avery Dennison Corporation Common Stock,$173.59,-0.48,-0.276%,13417707444.00,United States,,484520,Consumer Discretionary,Containers/Packaging
AWF,Alliancebernstein Global High Income Fund,$10.80,0.01,0.093%,0.00,United States,1993,210738,Finance,Trusts Except Educational Religious and Charitable
AWI,Armstrong World Industries Inc Common Stock,$188.26,-0.45,-0.238%,8119285187.00,United States,,323239,Industrials,Plastic Products
AWK,American Water Works Company Inc. Common Stock,$128.94,-1.90,-1.452%,25159232471.00,United States,2008,1777622,Utilities,Water Supply
AWP,abrdn Global Premier Properties Fund Common Shares of Beneficial Interest,$3.94,0.06,1.546%,0.00,United States,2007,236281,Finance,Trusts Except Educational Religious and Charitable
AWR,American States Water Company Common Stock,$75.02,0.18,0.241%,2904356239.00,United States,,238882,Utilities,Water Supply
AWRE,Aware Inc. Common Stock,$2.53,0.06,2.429%,54075451.00,United States,1996,18881,Technology,Computer Software: Prepackaged Software
AWX,Avalon Holdings Corporation Common Stock,$2.69,0.16,6.324%,10489469.00,United States,1998,47563,Utilities,Environmental Services
AX,Axos Financial Inc. Common Stock,$81.94,0.98,1.21%,4641409524.00,United States,2018,221585,Finance,Savings Institutions
AXG,Solowin Holdings Class A Ordinary Share,$3.63,0.26,7.715%,207222398.00,Hong Kong,2023,927676,Finance,Investment Bankers/Brokers/Service
AXGN,Axogen Inc. Common Stock,$24.00,0.43,1.824%,1106934936.00,United States,,682434,Health Care,Biotechnology: Electromedical & Electrotherapeutic Apparatus
AXIA,AXIA Energia,$11.16,0.13,1.179%,0.00,Brazil,2016,1704137,,
AXIA^,AXIA Energia,$12.00,0.32,2.74%,,Brazil,,4277,,
AXIL,AXIL Brands Inc. Common Stock,$4.99,-0.18,-3.482%,33721008.00,,2024,10052,Consumer Discretionary,Package Goods/Cosmetics
AXIN,Axiom Intelligence Acquisition Corp 1 Class A Ordinary Shares,$10.07,-0.01,-0.099%,0.00,United Kingdom,2025,76546,Finance,Blank Checks
AXINR,Axiom Intelligence Acquisition Corp 1 Right,$0.24,0.01,4.348%,0.00,United Kingdom,2025,160,Finance,Blank Checks
AXL,American Axle & Manufacturing Holdings Inc. Common Stock,$6.17,-0.38,-5.802%,732157824.00,United States,,5616176,Consumer Discretionary,Auto Parts:O.E.M.
AXON,Axon Enterprise Inc. Common Stock,$584.69,-17.82,-2.958%,46138160366.00,United States,2001,1117602,Industrials,Ordnance And Accessories
AXP,American Express Company Common Stock,$367.88,-0.66,-0.179%,253414746106.00,United States,,2876781,Finance,Finance: Consumer Services
AXR,AMREP Corporation Common Stock,$21.85,0.90,4.296%,115934986.00,United States,,2690,Real Estate,Homebuilding
AXS,Axis Capital Holdings Limited Common Stock,$99.70,0.16,0.161%,7680662977.00,Bermuda,2003,600601,Finance,Property-Casualty Insurers
AXS^E,Axis Capital Holdings Limited Depositary Shares each representing 1/100th interest in a share of a 5.50% Series E Preferred Shares,$20.85,0.18,0.871%,,Bermuda,,23783,,
AXSM,Axsome Therapeutics Inc. Common Stock,$137.80,-0.35,-0.253%,6946861792.00,United States,2015,530611,Health Care,Biotechnology: Pharmaceutical Preparations
AXTA,Axalta Coating Systems Ltd. Common Shares,$28.76,-0.23,-0.793%,6135663289.00,United States,2014,2614344,Consumer Discretionary,Paints/Coatings
AXTI,AXT Inc Common Stock,$10.44,0.98,10.359%,481544321.00,United States,1998,5819172,Technology,Semiconductors
AYI,Acuity Inc. Common Stock,$363.22,2.73,0.757%,11119242963.00,United States,,204842,Consumer Discretionary,Building Products
AYTU,Aytu BioPharma Inc.  Common Stock,$2.09,0.06,2.956%,20715898.00,United States,,36395,Health Care,Biotechnology: Pharmaceutical Preparations
AZ,A2Z Cust2Mate Solutions Corp. Common Shares,$5.55,-0.17,-2.972%,199904889.00,Canada,,244442,Industrials,Industrial Machinery/Components
AZI,Autozi Internet Technology (Global) Ltd. Class A Ordinary Shares,$0.10,0.0053,5.597%,10598120.00,China,2024,35182526,Consumer Discretionary,Automotive Aftermarket
AZN,AstraZeneca PLC American Depositary Shares,$87.48,2.90,3.429%,271310812297.00,United Kingdom,,6271514,Health Care,Biotechnology: Pharmaceutical Preparations
AZO,AutoZone Inc. Common Stock,$3728.09,9.83,0.264%,62008064604.00,United States,,107846,Consumer Discretionary,Auto & Home Supply Stores
AZTA,Azenta Inc.,$30.26,0.89,3.03%,1387110169.00,United States,,474634,Technology,Industrial Machinery/Components
AZTR,Azitra Inc Common Stock,$0.4008,0.0087,2.219%,1412811.00,,2023,701614,Health Care,Biotechnology: Pharmaceutical Preparations
AZZ,AZZ Inc.,$101.34,1.37,1.37%,3045984690.00,United States,,273565,Industrials,Industrial Specialties
B,Barrick Mining Corporation Common Shares,$34.80,1.71,5.168%,59368583892.00,Canada,,27171022,Basic Materials,Precious Metals
BA,Boeing Company (The) Common Stock,$194.81,0.20,0.103%,148074198121.00,United States,,7429744,Industrials,Aerospace
BA^A,Boeing Company (The) Depositary Shares each representing a 1/20th interest in a share of 6.00% Series A Mandatory Convertible Preferred Stock par value $1.00,$63.68,0.00,0.00%,,United States,,233221,,
BABA,Alibaba Group Holding Limited American Depositary Shares each representing eight Ordinary share,$165.89,-0.45,-0.271%,383086370283.00,China,2014,9294990,Real Estate,Real Estate
BAC,Bank of America Corporation Common Stock,$53.42,0.22,0.414%,390099312281.00,United States,,26091935,Finance,Major Banks
BAC^B,Bank of America Corporation Depositary Shares each representing a 1/1000th interest in a share of 6.000% Non-Cumulative Preferred Stock Series GG,$25.25,0.05,0.198%,,United States,,55017,,
BAC^E,Bank of America Corporation Depositary Sh repstg 1/1000th Perp Pfd Ser E,$20.69,0.0872,0.423%,,United States,,22026,,
BAC^K,Bank of America Corporation Depositary Shares each representing a 1/1000th interest in a share of 5.875% Non- Cumulative Preferred Stock Series HH,$24.91,0.085,0.342%,,United States,,49029,,
BAC^L,Bank of America Corporation Non Cumulative Perpetual Conv Pfd Ser L,$1259.71,0.71,0.056%,,United States,,1657,,
BAC^M,Bank of America Corporation Depositary Shares each representing a 1/1000th interest in a share of 5.375% Non-Cumulative Preferred Stock Series KK,$23.00,0.13,0.568%,,United States,,47837,,
BAC^N,Bank of America Corporation Depositary shares each representing 1/1000th interest in a share of 5.000% Non-Cumulative Preferred Stock Series LL,$21.24,0.14,0.664%,,United States,,55593,,
BAC^O,Bank of America Corporation Depositary shares each representing 1/1000th interest in a share of 4.375% Non-Cumulative Preferred Stock Series NN,$18.31,0.025,0.137%,,United States,,97317,,
BAC^P,Bank of America Corporation Depositary Shares each representing a 1/1000th interest in a share of 4.125% Non-Cumulative Preferred Stock Series PP,$17.31,0.05,0.29%,,United States,,94513,,
BAC^Q,Bank of America Corporation Depositary shares each representing 1/1000th interest in a share of 4.250% Non-Cumulative Preferred Stock Series QQ,$17.88,0.10,0.562%,,United States,,90407,,
BAC^S,Bank of America Corporation Depositary shares each representing 1/1000th interest in a share of 4.750% Non-Cumulative Preferred Stock Series SS,$20.10,0.16,0.802%,,United States,,61303,,
BACC,Blue Acquisition Corp. Class A Ordinary Shares,$10.11,0.04,0.397%,0.00,United States,2025,60113,,
BACCR,Blue Acquisition Corp. Right ,$0.25,0.05,25.00%,0.00,United States,2025,325617,,
BACCU,Blue Acquisition Corp. Unit,$10.40,0.16,1.563%,0.00,United States,2025,131471,Finance,Blank Checks
BACQ,Inflection Point Acquisition Corp. IV Class A Ordinary Shares,$10.69,-0.08,-0.743%,0.00,United States,2024,623859,,
BACQR,Inflection Point Acquisition Corp. IV Right,$0.8507,-0.0193,-2.218%,0.00,United States,2024,14006,Finance,Blank Checks
BACQU,Inflection Point Acquisition Corp. IV Unit,$12.22,0.00,0.00%,0.00,United States,2024,144,Finance,Blank Checks
BAER,Bridger Aerospace Group Holdings Inc. Common Stock,$1.73,0.11,6.79%,96062838.00,United States,,470356,Real Estate,Real Estate
BAERW,Bridger Aerospace Group Holdings Inc. Warrant,$0.0854,0.0002,0.235%,4742061.00,United States,,5062,Real Estate,Real Estate
BAFN,BayFirst Financial Corp. Common Stock,$8.34,0.03,0.361%,34474533.00,United States,,8082,Finance,Major Banks
BAH,Booz Allen Hamilton Holding Corporation Common Stock,$87.30,-0.15,-0.172%,10589595022.00,United States,2010,2092935,Consumer Discretionary,Professional Services
BAK,Braskem SA ADR,$2.50,0.02,0.806%,1129171630.00,Brazil,,1099059,Industrials,Major Chemicals
BALL,Ball Corporation Common Stock,$46.41,-2.57,-5.247%,12437286509.00,United States,,4715696,Industrials,Containers/Packaging
BALY,Bally's Corporation Common Stock,$19.36,0.80,4.31%,951019383.00,United States,2024,132484,Consumer Discretionary,Hotels/Resorts
BAM,Brookfield Asset Management Inc Class A Limited Voting Shares,$53.51,0.48,0.905%,87633743736.00,,2022,2851424,Consumer Discretionary,Other Consumer Services
BANC,Banc of California Inc. Common Stock,$17.34,0.25,1.463%,2562476970.00,United States,,1739828,Finance,Major Banks
BANC^F,Banc of California Inc. Depositary Shares each representing a 1/40th interest in a share of 7.75% non-cumulative perpetual preferred stock Series F,$24.93,0.01,0.04%,,United States,,134987,,
BAND,Bandwidth Inc. Class A Common Stock,$14.76,0.47,3.289%,450498536.00,United States,2017,151771,Technology,Computer Software: Prepackaged Software
BANF,BancFirst Corporation Common Stock,$112.73,2.02,1.825%,3754958516.00,United States,1993,103597,Finance,Major Banks
BANFP,BancFirst Corporation - BFC Capital Trust II Cumulative Trust Preferred Securities,$26.25,0.1999,0.767%,874369388.00,United States,,804,Finance,Major Banks
BANL,CBL International Limited Ordinary Shares,$0.477,0.0567,13.49%,13117500.00,Malaysia,2023,83524,Energy,Oil Refining/Marketing
BANR,Banner Corporation Common Stock,$61.71,0.79,1.297%,2103442740.00,United States,,159671,Finance,Major Banks
BANX,ArrowMark Financial Corp. Common Stock,$21.121,0.111,0.528%,150014564.00,United States,,9136,Finance,Trusts Except Educational Religious and Charitable
BAOS,Baosheng Media Group Holdings Limited Ordinary shares,$2.55,-0.02,-0.778%,3912942.00,China,2021,16222,Real Estate,Real Estate
BAP,Credicorp Ltd. Common Stock,$259.01,-0.51,-0.197%,24445963926.00,Peru,,136514,Finance,Commercial Banks
BARK,BARK Inc. Class A Common Stock,$0.79,0.00,0.00%,134207660.00,United States,2020,1068849,Consumer Discretionary,Other Specialty Stores
BATL,Battalion Oil Corporation Common Stock,$1.12,0.05,4.673%,18431351.00,United States,,118547,Energy,Oil & Gas Production
BATRA,Atlanta Braves Holdings Inc. Series A Common Stock,$42.57,0.44,1.044%,2678645732.00,United States,,38105,Consumer Discretionary,Services-Misc. Amusement & Recreation
BATRK,Atlanta Braves Holdings Inc. Series C Common Stock,$38.92,0.21,0.542%,2448975614.00,United States,,243646,Consumer Discretionary,Services-Misc. Amusement & Recreation
BAX,Baxter International Inc. Common Stock,$17.75,-0.25,-1.389%,9124490539.00,United States,,7892776,Health Care,Medical/Dental Instruments
BAYA,Bayview Acquisition Corp Ordinary Shares,$11.33,0.08,0.711%,0.00,United States,2023,2804,,
BB,BlackBerry Limited Common Stock,$4.63,0.07,1.535%,2733371819.00,Canada,,6057186,Technology,Computer Software: Prepackaged Software
BBAI,BigBear.ai Inc. Common Stock,$5.71,0.03,0.528%,2116715261.00,United States,2021,84792936,Technology,Computer Software: Prepackaged Software
BBAR,Banco BBVA Argentina S.A. ADS,$15.62,-0.16,-1.014%,3190177145.00,Argentina,,864580,Finance,Commercial Banks
BBBY,Bed Bath & Beyond Inc. Common Stock,$7.13,0.14,2.003%,490868950.00,United States,,1397710,Consumer Discretionary,Catalog/Specialty Distribution
BBCP,Concrete Pumping Holdings Inc. Common Stock,$6.28,0.14,2.28%,323259546.00,United States,2017,36674,Consumer Discretionary,Engineering & Construction
BBD,Banco Bradesco Sa American Depositary Shares,$3.61,0.07,1.977%,38418234523.00,Brazil,,26180562,Finance,Major Banks
BBDC,Barings BDC Inc. Common Stock,$8.86,-0.10,-1.116%,931708191.00,United States,,934401,Finance,Diversified Financial Services
BBDO,Banco Bradesco Sa American Depositary Shares (each representing one Common Share),$3.10,-0.03,-0.958%,32990727707.00,Brazil,,34397,Finance,Major Banks
BBGI,Beasley Broadcast Group Inc. Class A Common Stock,$4.52,-0.91,-16.759%,8154053.00,United States,2000,63767,Consumer Discretionary,Broadcasting
BBIO,BridgeBio Pharma Inc. Common Stock,$62.81,1.01,1.634%,12104040545.00,United States,2019,1277122,Health Care,Biotechnology: Pharmaceutical Preparations
BBLG,Bone Biologics Corp Common Stock,$1.72,-0.03,-1.714%,3087847.00,United States,,14609,Health Care,Industrial Specialties
BBN,BlackRock Taxable Municipal Bond Trust Common Shares of Beneficial Interest,$17.12,-0.08,-0.465%,0.00,United States,2010,204529,Finance,Finance Companies
BBNX,Beta Bionics Inc. Common Stock,$27.49,1.19,4.525%,1210237106.00,United States,2025,660709,Health Care,Medical/Dental Instruments
BBOT,BridgeBio Oncology Therapeutics Inc. Common Stock  ,$12.69,0.54,4.444%,298329210.00,United States,2024,183580,Health Care,Biotechnology: Pharmaceutical Preparations
BBSI,Barrett Business Services Inc. Common Stock,$34.84,1.53,4.593%,892761865.00,United States,1993,355005,Consumer Discretionary,Professional Services
BBT,Beacon Financial Corporation Common stock,$26.16,-0.22,-0.834%,2204561851.00,United States,,1369157,Finance,Banks
BBU,Brookfield Business Partners L.P. Limited Partnership Units ,$31.63,0.59,1.901%,6655741928.00,,2016,56944,Consumer Discretionary,Engineering & Construction
BBUC,Brookfield Business Corporation Class A Exchangeable Subordinate Voting Shares,$32.42,1.20,3.844%,3110078481.00,,2022,171940,Consumer Discretionary,Engineering & Construction
BBVA,Banco Bilbao Vizcaya Argentaria S.A. Common Stock,$21.10,0.68,3.33%,121605323312.00,Spain,,1423523,Finance,Commercial Banks
BBW,Build-A-Bear Workshop Inc. Common Stock,$48.75,-0.45,-0.915%,639900154.00,United States,2004,346717,Consumer Discretionary,Recreational Games/Products/Toys
BBWI,Bath & Body Works Inc.,$22.43,-0.48,-2.095%,4624787330.00,United States,,7184278,Consumer Discretionary,Clothing/Shoe/Accessory Stores
BBY,Best Buy Co. Inc. Common Stock,$78.15,-0.88,-1.114%,16419413860.00,United States,,3036021,Consumer Discretionary,Consumer Electronics/Video Chains
BC,Brunswick Corporation Common Stock,$63.97,-1.78,-2.707%,4160390662.00,United States,,473106,Industrials,Industrial Machinery/Components
BC^A,Brunswick Corporation 6.500% Senior Notes due 2048,$25.13,0.03,0.12%,,United States,,40690,,
BC^C,Brunswick Corporation 6.375% Notes due 2049,$24.75,-0.11,-0.442%,,United States,,28540,,
BCAB,BioAtla Inc. Common Stock,$0.6387,-0.0479,-6.976%,37505478.00,United States,2020,853818,Health Care,Biotechnology: Biological Products (No Diagnostic Substances)
BCAL,California BanCorp Common Stock,$19.01,0.17,0.902%,618159481.00,United States,,91152,Finance,Major Banks
BCAR,D. Boral ARC Acquisition I Corp. Class A Ordinary Shares,$10.06,0.00,0.00%,0.00,United States,2025,24629,Finance,Blank Checks
BCARU,D. Boral ARC Acquisition I Corp. Units,$10.35,-0.26,-2.451%,0.00,United States,2025,300,Finance,Blank Checks
BCARW,D. Boral ARC Acquisition I Corp. Warrant,$0.38,0.00,0.00%,0.00,United States,2025,14735,Finance,Blank Checks
BCAT,BlackRock Capital Allocation Term Trust Common Shares of Beneficial Interest,$14.61,0.12,0.828%,1579852350.00,United States,2020,512636,Finance,Finance/Investors Services
BCAX,Bicara Therapeutics Inc. Common Stock,$13.93,-0.71,-4.85%,760060375.00,United States,2024,660533,Health Care,Biotechnology: Pharmaceutical Preparations
BCBP,BCB Bancorp Inc. (NJ) Common Stock,$7.73,0.13,1.711%,133174032.00,United States,2005,70389,Finance,Savings Institutions
BCC,Boise Cascade L.L.C. Common Stock,$69.83,-0.81,-1.147%,2586717788.00,United States,2013,443533,Consumer Discretionary,RETAIL: Building Materials
BCDA,BioCardia Inc. Common Stock,$1.29,-0.01,-0.769%,7483579.00,United States,,74197,Health Care,Biotechnology: Biological Products (No Diagnostic Substances)
BCE,BCE Inc. Common Stock,$22.94,-0.25,-1.078%,21392142242.00,Canada,,2860865,Telecommunications,Telecommunications Equipment
BCG,Binah Capital Group Inc. Common Stock,$1.49,-0.02,-1.325%,24737665.00,United States,,16406,Finance,Finance: Consumer Services
BCGWW,Binah Capital Group Inc. Warrants,$0.0477,0.0029,6.473%,791937.00,United States,,1660,Finance,Finance: Consumer Services
BCH,Banco De Chile ADS,$36.49,0.26,0.718%,18430566465.00,Chile,,412767,Finance,Commercial Banks
BCIC,BCP Investment Corporation Common Stock,$12.78,0.16,1.268%,167178388.00,United States,2006,103048,Finance,Finance: Consumer Services
BCML,BayCom Corp Common Stock,$27.83,0.52,1.904%,304007239.00,United States,2018,39722,Finance,Major Banks
BCO,Brinks Company (The) Common Stock,$113.77,1.05,0.932%,4726632218.00,United States,,232198,Industrials,Integrated Freight & Logistics
BCPC,Balchem Corporation Common Stock,$155.23,2.67,1.75%,5038019609.00,United States,,121212,Industrials,Major Chemicals
BCRX,BioCryst Pharmaceuticals Inc. Common Stock,$7.20,0.11,1.551%,1515911213.00,United States,1994,3779179,Health Care,Biotechnology: Biological Products (No Diagnostic Substances)
BCS,Barclays PLC Common Stock,$22.21,0.46,2.115%,77918438253.00,United Kingdom,,5739371,Finance,Commercial Banks
BCSF,Bain Capital Specialty Finance Inc. Common Stock,$13.92,0.03,0.216%,902969617.00,United States,2018,411966,Finance,Finance/Investors Services
BCTX,BriaCell Therapeutics Corp. Common Shares,$11.11,-0.20,-1.768%,19499261.00,Canada,,20525,Health Care,Biotechnology: Pharmaceutical Preparations
BCTXW,BriaCell Therapeutics Corp. Warrant,$0.0574,0.003,5.515%,100743.00,Canada,,104304,Health Care,Biotechnology: Pharmaceutical Preparations
BCTXZ,BriaCell Therapeutics Corp. Warrant,$0.35,0.05,16.667%,614288.00,Canada,,16415,Health Care,Biotechnology: Pharmaceutical Preparations
BCV,Bancroft Fund Ltd.,$23.67,0.65,2.824%,0.00,United States,1972,24709,Finance,Finance/Investors Services
BCV^A,Bancroft Fund Limited 5.375% Series A Cumulative Preferred Shares,$22.203,-0.0724,-0.325%,,United States,,929,,
BCX,BlackRock Resources Common Shares of Beneficial Interest,$10.16,0.16,1.60%,862157382.00,United States,2011,211523,Finance,Finance/Investors Services
BCYC,Bicycle Therapeutics plc American Depositary Shares,$6.58,0.14,2.174%,456440756.00,United Kingdom,2019,271301,Health Care,Biotechnology: Pharmaceutical Preparations
BDC,Belden Inc Common Stock,$118.90,-0.84,-0.702%,4672794850.00,United States,,193840,Industrials,Telecommunications Equipment
BDCI,BTC Development Corp. Class A Ordinary Shares,$10.20,0.03,0.295%,0.00,United States,2025,3214,Finance,Blank Checks
BDCIU,BTC Development Corp. Unit,$10.35,0.00,0.00%,0.00,United States,2025,576,Finance,Blank Checks
BDCIW,BTC Development Corp. Warrant,$0.80,0.00,0.00%,0.00,United States,2025,125313,Finance,Blank Checks
BDJ,Blackrock Enhanced Equity Dividend Trust,$9.06,0.12,1.342%,1603498886.00,United States,2005,328303,Finance,Finance Companies
BDL,Flanigan's Enterprises Inc. Common Stock,$32.00,0.41,1.298%,59476704.00,United States,1972,652,Consumer Discretionary,Restaurants
BDMD,Baird Medical Investment Holdings Ltd Ordinary Share,$1.26,0.19,17.757%,46640033.00,China,,348150,Health Care,Medical/Dental Instruments
BDMDW,Baird Medical Investment Holdings Ltd Warrant,$0.07,0.0199,39.721%,2591113.00,China,,2045,Health Care,Medical/Dental Instruments
BDN,Brandywine Realty Trust Common Stock,$3.38,-0.01,-0.295%,587102752.00,United States,,1813265,Real Estate,Real Estate Investment Trusts
BDRX,Biodexa Pharmaceuticals plc American Depositary Shs,$5.34,-0.06,-1.111%,3308253.00,United Kingdom,,17375,Health Care,Biotechnology: Pharmaceutical Preparations
BDSX,Biodesix Inc. Common Stock,$7.54,-0.19,-2.458%,59985865.00,United States,2020,51372,Health Care,Medical Specialities
BDTX,Black Diamond Therapeutics Inc. Common Stock,$4.36,0.47,12.082%,248410621.00,United States,2020,1974441,Health Care,Biotechnology: Biological Products (No Diagnostic Substances)
BDX,Becton Dickinson and Company Common Stock,$181.64,3.80,2.137%,52063013469.00,United States,,2479962,Health Care,Medical/Dental Instruments
BE,Bloom Energy Corporation Class A Common Stock,$139.23,4.02,2.973%,32929392419.00,United States,2018,10810187,Energy,Industrial Machinery/Components
BEAG,Bold Eagle Acquisition Corp. Class A Ordinary Shares,$10.675,0.033,0.31%,0.00,United States,2024,34398,,
BEAGR,Bold Eagle Acquisition Corp. Right,$0.3428,-0.0334,-8.878%,0.00,United States,2024,8403,,
BEAGU,Bold Eagle Acquisition Corp. Units,$11.19,0.00,0.00%,0.00,United States,2024,16,,
BEAM,Beam Therapeutics Inc. Common Stock,$21.65,-0.56,-2.521%,2196932538.00,United States,2020,1762958,Health Care,Biotechnology: Biological Products (No Diagnostic Substances)
BEAT,Heartbeam Inc. Common Stock,$1.69,0.04,2.424%,57986585.00,United States,2021,73918,Health Care,Medical/Dental Instruments
BEATW,Heartbeam Inc. Warrant,$0.295,0.005,1.724%,10121919.00,United States,2021,462,Health Care,Medical/Dental Instruments
BEDU,Bright Scholar Education Holdings Limited American Depositary Shares each  representing four Class A Ordinary Share,$2.14,0.01,0.469%,63614077.00,China,2017,517,Real Estate,Other Consumer Services
BEEM,Beam Global Common Stock,$2.31,0.03,1.316%,41499492.00,United States,,202100,Technology,Semiconductors
BEEP,Mobile Infrastructure Corporation Common Stock,$3.27,-0.09,-2.679%,139629000.00,United States,,70271,Finance,Blank Checks
BEKE,KE Holdings Inc American Depositary Shares (each representing three Class A Ordinary Shares),$16.13,0.53,3.397%,18771031372.00,China,2020,7018066,Finance,Real Estate
BELFA,Bel Fuse Inc. Class A Common Stock,$142.61,5.83,4.262%,1805522889.00,United States,,18631,,
BELFB,Bel Fuse Inc. Class B Common Stock,$166.99,5.46,3.38%,2114187415.00,United States,,236525,,
BEN,Franklin Resources Inc. Common Stock,$22.52,0.29,1.305%,11692282097.00,United States,,5396062,Finance,Investment Managers
BENF,Beneficient Class A Common Stock,$0.495,-0.0186,-3.621%,4803234.00,United States,,676779,Finance,Finance: Consumer Services
BENFW,Beneficient Warrant,$0.011,-0.0015,-12.00%,106739.00,United States,,64992,Finance,Finance: Consumer Services
BEP,Brookfield Renewable Partners L.P. Limited Partnership Units,$31.15,0.03,0.096%,20496604743.00,Canada,,533422,Utilities,Electric Utilities: Central
BEP^A,Brookfield Renewable Partners L.P. 5.25% Class A Preferred Limited Partnership Units Series 17,$18.02,0.12,0.67%,,Canada,,4408,,
BEPC,Brookfield Renewable Corporation Brookfield Renewable Corporation Class A Subordinate Voting Shares,$44.18,-0.25,-0.563%,16528154971.00,United States,,850513,Utilities,Electric Utilities: Central
BEPH,Brookfield BRP Holdings (Canada) Inc. 4.625% Perpetual Subordinated Notes,$15.74,0.00,0.00%,4519966712.00,Canada,,14383,Utilities,Electric Utilities: Central
BEPI,Brookfield BRP Holdings (Canada) Inc. 4.875% Perpetual Subordinated Notes,$16.54,0.18,1.10%,4749698184.00,Canada,2021,8332,Utilities,Electric Utilities: Central
BEPJ,Brookfield BRP Holdings (Canada) Inc. 7.250% Perpetual Subordinated Notes,$25.62,-0.03,-0.117%,7357150391.00,Canada,2024,15396,Utilities,Electric Utilities: Central
BETA,Beta Technologies Inc. Class A Common Stock,$34.07,2.06,6.435%,7457706485.00,,2025,4579671,Industrials,Aerospace
BETR,Better Home & Finance Holding Company Class A Common Stock,$66.07,8.73,15.225%,1010300287.00,United Kingdom,2021,726452,Finance,Finance: Consumer Services
BETRW,Better Home & Finance Holding Company Warrant,$0.7587,0.235,44.873%,11601556.00,United Kingdom,2021,507041,Finance,Finance: Consumer Services
BF/A,Brown Forman Corporation,$27.11,0.50,1.879%,,United States,,213379,,
BF/B,Brown Forman Corporation,$27.32,0.72,2.707%,,United States,,4094219,,
BFAM,Bright Horizons Family Solutions Inc. Common Stock,$99.08,0.62,0.63%,5603364772.00,United States,2013,648500,Consumer Discretionary,Other Consumer Services
BFC,Bank First Corporation Common Stock,$124.45,0.315,0.254%,1223843913.00,United States,,56825,Finance,Major Banks
BFH,Bread Financial Holdings Inc. Common Stock,$63.76,0.18,0.283%,2911383680.00,United States,,652212,Real Estate,Real Estate
BFIN,BankFinancial Corporation Common Stock,$11.40,0.07,0.618%,142051729.00,United States,2005,22139,Finance,Savings Institutions
BFK,BlackRock Municipal Income Trust,$10.02,0.06,0.602%,0.00,United States,,39910,Finance,Finance Companies
BFLY,Butterfly Network Inc. Class A Common Stock,$2.22,-0.01,-0.448%,560776689.00,United States,2020,3628133,Health Care,Medical Electronics
BFRG,Bullfrog AI Holdings Inc. Common Stock,$1.10,0.00,0.00%,11089474.00,United States,2023,123484,Health Care,Biotechnology: Pharmaceutical Preparations
BFRGW,Bullfrog AI Holdings Inc. Warrants,$0.326,-0.0385,-10.562%,3286517.00,United States,2023,8510,Health Care,Biotechnology: Pharmaceutical Preparations
BFRI,Biofrontera Inc. Common Stock,$1.04,-0.04,-3.704%,11095180.00,United States,2021,148074,Health Care,Biotechnology: Pharmaceutical Preparations
BFRIW,Biofrontera Inc. Warrants,$0.1111,0.00,0.00%,1185264.00,United States,2021,20,Health Care,Biotechnology: Pharmaceutical Preparations
BFS,Saul Centers Inc. Common Stock,$29.79,-0.80,-2.615%,727242834.00,United States,1993,65129,Real Estate,Real Estate Investment Trusts
BFS^D,Saul Centers Inc. Depositary Shares each representing 1/100th of a share of 6.125% Series D Cumulative Redeemable Preferred Stock,$20.98,0.1301,0.624%,,United States,,2559,,
BFS^E,Saul Centers Inc. Depositary shares each representing a 1/100th fractional interest in a share of 6.000% Series E Cumulative Redeemable Preferred Stock,$21.15,-0.285,-1.33%,,United States,,3961,,
BFST,Business First Bancshares Inc. Common Stock,$25.12,0.46,1.865%,743938094.00,United States,,71888,Finance,Major Banks
BFZ,BlackRock California Municipal Income Trust,$10.96,-0.03,-0.273%,0.00,United States,2001,74476,Finance,Finance Companies
BG,Bunge Limited Common Shares,$95.07,0.35,0.37%,18382834738.00,United States,,1272926,Consumer Staples,Packaged Foods
BGB,Blackstone Strategic Credit 2027 Term Fund Common Shares of Beneficial Interest,$11.80,0.03,0.255%,0.00,United States,2012,99965,Finance,Trusts Except Educational Religious and Charitable
BGC,BGC Group Inc. Class A Common Stock,$9.27,0.02,0.216%,4396900467.00,United States,,3089523,Finance,Investment Bankers/Brokers/Service
BGH,Barings Global Short Duration High Yield Fund Common Shares of Beneficial Interests,$15.14,0.01,0.066%,0.00,United States,2012,59854,Finance,Investment Managers
BGI,Birks Group Inc. Common Stock,$1.12,0.0327,3.007%,21946049.00,Canada,,12961,Consumer Discretionary,Consumer Specialties
BGIN,Bgin Blockchain Limited Class A Ordinary Shares,$3.44,-0.37,-9.711%,280274000.00,China,2025,118512,,
BGL,Blue Gold Limited Class A Ordinary Shares,$6.55,-0.65,-9.028%,200245054.00,United Kingdom,,163700,Basic Materials,Metal Mining
BGLC,BioNexus Gene Lab Corp Common stock,$5.24,0.15,2.947%,9414168.00,Malaysia,,42260,Health Care,Medical Specialities
BGLWW,Blue Gold Limited Warrant,$0.6325,0.0025,0.397%,19336641.00,United Kingdom,,98032,Basic Materials,Metal Mining
BGM,BGM Group Ltd. Class A Ordinary Shares,$9.15,-0.55,-5.67%,889582590.00,China,2021,20680,Health Care,Biotechnology: Pharmaceutical Preparations
BGMS,Bio Green Med Solution Inc. Common Stock,$1.48,-0.04,-2.632%,0.00,United States,,110586,,
BGMSP,Bio Green Med Solution Inc. 6% Convertible Preferred Stock,$5.74,-0.05,-0.864%,0.00,United States,,163,,
BGR,BlackRock Energy and Resources Trust,$13.71,0.17,1.256%,1858886720.00,United States,2004,92613,Finance,Trusts Except Educational Religious and Charitable
BGS,B&G Foods Inc. Common Stock,$4.58,-0.03,-0.651%,366294889.00,United States,,2693371,Consumer Staples,Packaged Foods
BGSF,BGSF Inc. Common Stock,$3.81,0.27,7.627%,42515135.00,United States,,96871,Consumer Discretionary,Professional Services
BGSI,Boyd Group Services Inc. Common Shares,$151.30,0.61,0.405%,3248079199.00,,,19470,,
BGT,BlackRock Floating Rate Income Trust,$11.60,0.03,0.259%,0.00,United States,2004,204081,Finance,Trusts Except Educational Religious and Charitable
BGX,Blackstone Long Short Credit Income Fund Common Shares,$11.79,0.03,0.255%,0.00,,2011,81030,Finance,Trusts Except Educational Religious and Charitable
BGY,Blackrock Enhanced International Dividend Trust,$5.82,0.05,0.867%,0.00,United States,2007,230057,Finance,Trusts Except Educational Religious and Charitable
BH,Biglari Holdings Inc. Class B Common Stock,$332.78,-27.23,-7.564%,757242221.00,United States,2018,16786,Consumer Discretionary,Restaurants
BHAT,Blue Hat Interactive Entertainment Technology Ordinary Shares,$1.55,0.02,1.307%,11228093.00,China,2019,14987,Consumer Discretionary,Recreational Games/Products/Toys
BHB,Bar Harbor Bankshares Inc. Common Stock,$29.60,0.11,0.373%,493981761.00,United States,1997,36353,Finance,Major Banks
BHC,Bausch Health Companies Inc. Common Stock,$6.40,-0.25,-3.759%,2371308326.00,Canada,,1919820,Health Care,Biotechnology: Pharmaceutical Preparations
BHE,Benchmark Electronics Inc. Common Stock,$45.03,0.91,2.063%,1606622443.00,United States,,255068,Technology,Electrical Products
BHF,Brighthouse Financial Inc. Common Stock,$65.91,-0.10,-0.151%,3766912773.00,United States,,1882455,Finance,Life Insurance
BHFAL,Brighthouse Financial Inc. 6.25% Junior Subordinated Debentures due 2058,$17.83,-0.11,-0.613%,1019026775.00,United States,,33028,Finance,Life Insurance
BHFAM,Brighthouse Financial Inc. Depositary shares each representing a 1/1000th Interest in a Share of 4.625% Non-Cumulative Preferred Stock Series D,$12.125,-0.165,-1.343%,692972498.00,United States,,57655,Finance,Life Insurance
BHFAN,Brighthouse Financial Inc. Depositary shares each representing a 1/1000th interest in a share of 5.375% Non-Cumulative Preferred Stock Series C,$13.90,-0.07,-0.501%,794417957.00,United States,,90408,Finance,Life Insurance
BHFAO,Brighthouse Financial Inc. Depositary Shares 6.75% Non-Cumulative Preferred Stock Series B,$17.30,-0.10,-0.575%,988736018.00,United States,,84885,Finance,Life Insurance
BHFAP,Brighthouse Financial Inc. Depositary Shares 6.6% Non-Cumulative Preferred Stock Series A,$16.79,-0.22,-1.293%,959588309.00,United States,,176193,Finance,Life Insurance
BHK,Blackrock Core Bond Trust,$9.71,-0.02,-0.206%,0.00,United States,2001,262249,Finance,Finance Companies
BHM,Bluerock Homes Trust Inc. Class A Common Stock,$9.35,-0.16,-1.682%,37928901.00,,2022,4145,Real Estate,Real Estate Investment Trusts
BHP,BHP Group Limited American Depositary Shares (Each representing two Ordinary Shares),$55.86,0.70,1.269%,141854045006.00,Australia,,2134999,Energy,Coal Mining
BHR,Braemar Hotels & Resorts Inc. Common Stock,$2.72,0.00,0.00%,185556855.00,United States,2013,425498,Real Estate,Real Estate Investment Trusts
BHR^B,Braemar Hotels & Resorts Inc. 5.50% Series B Cumulative Convertible Preferred Stock par value $0.01 per share,$15.20,0.01,0.066%,,United States,,4758,,
BHR^D,Braemar Hotels & Resorts Inc. 8.25% Series D Cumulative Preferred Stock  par value $0.01 per share,$20.94,-0.11,-0.523%,,United States,,1775,,
BHRB,Burke & Herbert Financial Services Corp. Common Stock,$61.23,0.83,1.374%,919825042.00,United States,,30747,Finance,Major Banks
BHST,BioHarvest Sciences Inc. Common Stock,$7.31,0.18,2.525%,126707373.00,Canada,,109702,,
BHV,BlackRock Virginia Municipal Bond Trust,$11.1775,0.0975,0.88%,0.00,United States,2002,188,Finance,Finance/Investors Services
BHVN,Biohaven Ltd. Common Shares ,$7.79,-0.47,-5.69%,824090055.00,United States,2022,4229236,Health Care,Biotechnology: Pharmaceutical Preparations
BIAF,bioAffinity Technologies Inc. Common Stock,$2.09,0.03,1.456%,2796481.00,United States,2022,78418,Health Care,Biotechnology: Commercial Physical & Biological Resarch
BIAFW,bioAffinity Technologies Inc. Warrant,$0.2513,0.00,0.00%,336247.00,United States,2022,45,Health Care,Biotechnology: Commercial Physical & Biological Resarch
BIDU,Baidu Inc. ADS,$132.32,6.36,5.049%,45487764959.00,China,2005,4250151,Technology,Computer Software: Programming Data Processing
BIIB,Biogen Inc. Common Stock,$156.26,0.75,0.482%,22923697023.00,United States,,1258595,Health Care,Biotechnology: Biological Products (No Diagnostic Substances)
BILI,Bilibili Inc. American Depositary Shares,$27.60,-0.23,-0.826%,11502804500.00,China,2018,2719970,Technology,EDP Services
BILL,BILL Holdings Inc. Common Stock,$47.19,1.60,3.51%,4795854153.00,United States,2019,2360320,Technology,EDP Services
BIO,Bio-Rad Laboratories Inc. Class A Common Stock,$307.38,1.82,0.596%,8291524782.00,United States,1980,116462,Industrials,Biotechnology: Laboratory Analytical Instruments
BIO/B,Bio-Rad Laboratories Inc.,$305.4001,0.00,0.00%,,United States,,7,,
BIOA,BioAge Labs Inc. Common Stock,$7.49,0.23,3.168%,268554227.00,United States,2024,169345,Health Care,Biotechnology: Pharmaceutical Preparations
BIOX,Bioceres Crop Solutions Corp. Ordinary Shares,$1.74,-0.05,-2.793%,109356360.00,Argentina,,346293,Industrials,Agricultural Chemicals
BIP,Brookfield Infrastructure Partners LP Limited Partnership Units,$35.78,0.56,1.59%,16497496356.00,Bermuda,,522226,Consumer Discretionary,Marine Transportation
BIP^A,Brookfield Infrastructure Partners LP 5.125% Class A Preferred Limited Partnership Units Series 13,$17.0904,0.0104,0.061%,,Bermuda,,10438,,
BIP^B,Brookfield Infrastructure Partners LP 5.000% Class A Preferred Limited Partnership Units Series 14,$16.79,-0.1099,-0.65%,,Bermuda,,14966,,
BIPC,Brookfield Infrastructure Corporation Brookfield Infrastructure Corporation,$44.65,-0.68,-1.50%,5898092964.00,Canada,,508093,Utilities,Oil & Gas Production
BIPH,Brookfield Infrastructure Corporation 5.000% Subordinated Notes due 2081,$17.03,0.08,0.472%,7856687843.00,Canada,2021,22420,Utilities,Oil & Gas Production
BIPI,BIP Bermuda Holdings I Limited 5.125% Perpetual Subordinated Notes,$17.35,0.09,0.521%,164424215.00,Bermuda,2022,8799,Consumer Discretionary,Marine Transportation
BIPJ,Brookfield Infrastructure Corporation 7.250% Subordinated Notes due 2084,$25.25,0.07,0.278%,11648935293.00,Canada,2024,6170,Utilities,Oil & Gas Production
BIRD,Allbirds Inc. Class A Common Stock,$5.99,-0.01,-0.167%,48797403.00,United States,2021,115123,Consumer Discretionary,Apparel
BIRK,Birkenstock Holding plc Ordinary Shares,$39.05,0.25,0.644%,7334730338.00,,2023,1930749,Consumer Discretionary,Shoe Manufacturing
BIT,BlackRock Multi-Sector Income Trust Common Shares of Beneficial Interest,$13.29,0.02,0.151%,0.00,United States,2013,192179,Finance,Trusts Except Educational Religious and Charitable
BITF,Bitfarms Ltd. Common Stock,$3.58,-0.08,-2.186%,1978306615.00,Canada,,52789267,Finance,Finance: Consumer Services
BIVI,BioVie Inc. Class A Common Stock,$1.56,0.08,5.405%,11753391.00,United States,,77116,Health Care,Biotechnology: Pharmaceutical Preparations
BIVIW,BioVie Inc. Warrant,$0.25,0.00,0.00%,1883556.00,United States,,3281,Health Care,Biotechnology: Pharmaceutical Preparations
BIYA,Baiya International Group Inc. Ordinary Shares,$0.364,-0.0914,-20.07%,4557280.00,China,2025,2427413,Consumer Discretionary,Diversified Commercial Services
BJ,BJ's Wholesale Club Holdings Inc. Common Stock,$91.90,0.49,0.536%,12108135438.00,United States,2018,1476630,Consumer Discretionary,Department/Specialty Retail Stores
BJDX,Bluejay Diagnostics Inc. Common Stock,$1.57,0.00,0.00%,2345866.00,United States,2021,31673,Health Care,Medical/Dental Instruments
BJRI,BJ's Restaurants Inc. Common Stock,$36.24,1.27,3.632%,765924463.00,United States,,569681,Consumer Discretionary,Restaurants
BK,The Bank of New York Mellon Corporation Common Stock,$110.96,1.32,1.204%,77377858799.00,United States,,2547023,Finance,Major Banks
BK^K,The Bank Of New York Mellon Corporation  Depositary Shares each representing a 1/4000th interest in a share of Series K Noncumulative Perpetual Preferred Stock,$25.83,0.07,0.272%,,United States,,24680,,
BKD,Brookdale Senior Living Inc. Common Stock,$9.91,0.48,5.09%,2353530379.00,United States,2005,10499871,Health Care,Hospital/Nursing Management
BKE,Buckle Inc. (The) Common Stock,$58.25,0.93,1.622%,2979873465.00,United States,,544541,Consumer Discretionary,Clothing/Shoe/Accessory Stores
BKH,Black Hills Corporation Common Stock,$71.13,1.41,2.022%,5368422231.00,United States,,1787442,Utilities,Electric Utilities: Central
BKHA,Black Hawk Acquisition Corporation Class A Ordinary Shares,$11.20,0.00,0.00%,0.00,United States,2024,5,Health Care,Biotechnology: Biological Products (No Diagnostic Substances)
BKHAR,Black Hawk Acquisition Corporation Rights,$1.40,0.00,0.00%,0.00,United States,2024,105,Health Care,Biotechnology: Biological Products (No Diagnostic Substances)
BKKT,Bakkt Holdings Inc. Class A Common Stock,$20.96,-2.70,-11.412%,451700471.00,United States,,2949194,Finance,Finance: Consumer Services
BKN,BlackRock Investment Quality Municipal Trust Inc. (The),$11.28,0.08,0.714%,0.00,United States,1993,53246,Finance,Trusts Except Educational Religious and Charitable
BKNG,Booking Holdings Inc. Common Stock,$4958.40,18.40,0.372%,159828148296.00,United States,,263221,Consumer Discretionary,Transportation Services
BKR,Baker Hughes Company Class A Common Stock,$48.80,0.93,1.943%,48154565442.00,United States,,5492282,Consumer Discretionary,Oil and Gas Field Machinery
BKSY,BlackSky Technology Inc. Class A Common Stock,$16.58,-0.34,-2.009%,592057210.00,United States,2019,1591109,Technology,Radio And Television Broadcasting And Communications Equipment
BKT,BlackRock Income Trust Inc. (The),$11.17,-0.01,-0.089%,1661676801.00,United States,,86438,Finance,Investment Bankers/Brokers/Service
BKTI,BK Technologies Corporation Common Stock,$76.20,0.85,1.128%,284396764.00,United States,,51574,Technology,Radio And Television Broadcasting And Communications Equipment
BKU,BankUnited Inc. Common Stock,$40.48,0.22,0.546%,3041771274.00,United States,2011,546381,Finance,Savings Institutions
BKV,BKV Corporation Common Stock,$25.62,0.23,0.906%,2170301456.00,United States,2024,999525,Energy,Oil & Gas Production
BKYI,BIO-key International Inc. Common Stock,$0.799,-0.163,-16.944%,5484157.00,United States,,9194979,Technology,Computer Software: Prepackaged Software
BL,BlackLine Inc. Common Stock,$54.47,0.89,1.661%,3371029828.00,United States,2016,696241,Technology,Computer Software: Prepackaged Software
BLBD,Blue Bird Corporation Common Stock,$51.46,1.10,2.184%,1631690747.00,United States,2014,316874,Consumer Discretionary,Construction/Ag Equipment/Trucks
BLBX,Blackboxstocks Inc. Common Stock,$7.12,-0.03,-0.42%,29491702.00,United States,,101810,Technology,EDP Services
BLCO,Bausch + Lomb Corporation Common Shares,$15.97,0.42,2.701%,5656410850.00,,2022,317438,Health Care,Ophthalmic Goods
BLD,TopBuild Corp. Common Stock,$433.51,10.97,2.596%,12169341425.00,United States,2015,430791,Consumer Discretionary,Engineering & Construction
BLDP,Ballard Power Systems Inc. Common Shares,$3.56,0.06,1.714%,1070056754.00,Canada,,6593872,Energy,Industrial Machinery/Components
BLDR,Builders FirstSource Inc. Common Stock,$107.06,-2.36,-2.157%,11838757002.00,United States,2005,3043590,Consumer Discretionary,RETAIL: Building Materials
BLE,BlackRock Municipal Income Trust II,$10.54,-0.03,-0.284%,0.00,United States,2002,39095,Finance,Finance/Investors Services
BLFS,BioLife Solutions Inc. Common Stock,$26.29,0.36,1.388%,1265812129.00,United States,,334006,Health Care,Biotechnology: Electromedical & Electrotherapeutic Apparatus
BLFY,Blue Foundry Bancorp Common Stock,$8.07,-0.14,-1.705%,173469952.00,United States,2021,35343,Finance,Banks
BLIN,Bridgeline Digital Inc. Common Stock,$1.166,0.0059,0.509%,14122671.00,United States,2007,8764,Technology,Computer Software: Prepackaged Software
BLIV,BeLive Holdings Ordinary Share,$3.60,0.05,1.408%,39113287.00,Singapore,2025,950,Technology,EDP Services
BLK,BlackRock Inc. Common Stock,$1082.63,0.43,0.04%,167971028611.00,United States,1999,413477,Finance,Investment Bankers/Brokers/Service
BLKB,Blackbaud Inc. Common Stock,$58.75,1.39,2.423%,2810258016.00,United States,2004,274489,Technology,Computer Software: Prepackaged Software
BLLN,BillionToOne Inc. Class A Common Stock,$102.225,2.195,2.194%,4499461896.00,United States,2025,155560,Health Care,Medical Specialities
BLMN,Bloomin' Brands Inc. Common Stock,$6.40,-0.275,-4.12%,545389382.00,United States,2012,2718826,Consumer Discretionary,Restaurants
BLMZ,Harrison Global Holdings Inc. Ordinary Shares,$0.1636,-0.0027,-1.624%,2360083.00,Japan,2024,1531906,Consumer Discretionary,Movies/Entertainment
BLND,Blend Labs Inc. Class A Common Stock,$3.00,0.21,7.527%,779240760.00,United States,2021,4462804,Technology,Computer Software: Programming Data Processing
BLNE,Beeline Holdings Inc. Common Stock,$2.11,0.00,0.00%,41377562.00,United States,,759864,Finance,Finance: Consumer Services
BLNK,Blink Charging Co. Common Stock,$1.62,0.03,1.887%,169637169.00,United States,,2622871,Consumer Discretionary,Industrial Specialties
BLRX,BioLineRx Ltd. American Depositary Shares,$3.44,0.17,5.199%,12800250.00,Israel,,23914,Health Care,Biotechnology: Pharmaceutical Preparations
BLSH,Bullish Ordinary Shares,$46.59,1.51,3.35%,6810700400.00,Cayman Islands,2025,1859159,Finance,Finance: Consumer Services
BLTE,Belite Bio Inc American Depositary Shares,$117.34,4.15,3.666%,3787942070.00,United States,2022,175385,Health Care,Biotechnology: Pharmaceutical Preparations
BLUW,Blue Water Acquisition Corp. III Class A Ordinary Shares,$10.04,-0.0006,-0.006%,72739800.00,United States,2025,536,,
BLUWU,Blue Water Acquisition Corp. III Unit.,$10.12,0.00,0.00%,0.00,United States,2025,26,Health Care,Biotechnology: Biological Products (No Diagnostic Substances)
BLUWW,Blue Water Acquisition Corp. III Warrant.,$0.20,0.02,11.111%,1449000.00,United States,2025,8233,,
BLW,Blackrock Limited Duration Income Trust,$13.93,0.02,0.144%,497457754.00,United States,2003,55344,Consumer Discretionary,Other Consumer Services
BLX,Banco Latinoamericano de Comercio Exterior S.A.,$44.68,0.08,0.179%,1643813838.00,Panama,1992,114323,Finance,Commercial Banks
BLZE,Backblaze Inc. Class A Common Stock,$5.61,-0.19,-3.276%,323697000.00,United States,2021,1217518,Technology,Computer Software: Prepackaged Software
BLZR,Trailblazer Acquisition Corp. Class A Ordinary Shares,$10.14,0.00,0.00%,0.00,United States,2025,30228,Finance,Blank Checks
BLZRU,Trailblazer Acquisition Corp. Unit,$10.32,0.00,0.00%,0.00,United States,2025,58428,,
BLZRW,Trailblazer Acquisition Corp. Warrant,$0.5871,-0.0329,-5.306%,0.00,United States,2025,77689,Finance,Blank Checks
BMA,Banco Macro S.A.  ADR (representing Ten Class B Common Shares),$85.02,-1.20,-1.392%,5436292812.00,Argentina,,418436,Finance,Commercial Banks
BMBL,Bumble Inc. Class A Common Stock,$4.11,-0.155,-3.634%,427483315.00,United States,2021,3672358,Technology,Computer Software: Programming Data Processing
BME,Blackrock Health Sciences Trust,$39.12,0.30,0.773%,521587664.00,United States,2005,45762,Finance,Trusts Except Educational Religious and Charitable
BMEA,Biomea Fusion Inc. Common Stock,$1.37,0.00,0.00%,96863985.00,United States,2021,900687,Health Care,Biotechnology: Pharmaceutical Preparations
BMEZ,BlackRock Health Sciences Term Trust Common Shares of Beneficial Interest,$14.68,0.02,0.136%,195728704.00,United States,2020,197044,Finance,Trusts Except Educational Religious and Charitable
BMGL,Basel Medical Group Ltd Ordinary Shares,$1.458,0.048,3.404%,26907390.00,Singapore,2025,22152,Health Care,Medical/Nursing Services
BMHL,Bluemount Holdings Limited Class B Ordinary Shares,$3.15,-0.15,-4.545%,75616213.00,Hong Kong,2025,2101,Finance,Finance: Consumer Services
BMI,Badger Meter Inc. Common Stock,$187.50,-0.37,-0.197%,5525401500.00,United States,1971,353942,Industrials,Industrial Machinery/Components
BML^G,Bank of America Corporation Depositary Shares (Each representing a 1/1200th interest in a share of Floating Rate Non-Cumulative Preferred Stock  Series 1),$20.76,0.2251,1.096%,,United States,,6925,,
BML^H,Bank of America Corporation Depositary Shares (Each representing a 1/1200th interest in a Share of Floating Rate Non-Cumulative Preferred Stock Series 2),$20.32,0.07,0.346%,,United States,,18255,,
BML^J,Bank of America Corporation Depositary Shares (Each representing a 1/1200th interest in a Share of Floating Rate Non-Cumulative Preferred Stock Series 4),$21.19,0.10,0.474%,,United States,,25394,,
BML^L,Bank of America Corporation Depositary Shares (Each representing a 1/1200th Interest in a Share of Floating Rate Non-Cumulative Preferred Stock Series 5),$20.08,-0.10,-0.496%,,United States,,32162,,
BMN,BlackRock 2037 Municipal Target Term Trust Common Shares of Beneficial Interest,$24.65,-0.05,-0.202%,0.00,,2022,29765,Finance,Trusts Except Educational Religious and Charitable
BMNR,BitMine Immersion Technologies Inc. Common Stock,$41.15,0.92,2.287%,11717146345.00,United States,2025,40152558,Finance,Finance: Consumer Services
BMO,Bank Of Montreal Common Stock,$125.35,1.77,1.432%,89789053620.00,Canada,,524041,Finance,Commercial Banks
BMR,Beamr Imaging Ltd. Ordinary Share,$2.15,-0.04,-1.826%,33365407.00,Israel,2023,130369,Technology,Computer Software: Prepackaged Software
BMRA,Biomerica Inc. Common Stock,$2.47,0.01,0.407%,7088653.00,United States,,11963,Health Care,Biotechnology: In Vitro & In Vivo Diagnostic Substances
BMRC,Bank of Marin Bancorp Common Stock,$26.04,-0.35,-1.326%,419902838.00,United States,,41233,Finance,Major Banks
BMRN,BioMarin Pharmaceutical Inc. Common Stock,$52.67,1.21,2.351%,10118662498.00,United States,1999,2068735,Health Care,Biotechnology: Pharmaceutical Preparations
BMY,Bristol-Myers Squibb Company Common Stock,$47.26,0.57,1.221%,96209688056.00,United States,,10737055,Health Care,Biotechnology: Pharmaceutical Preparations
BN,Brookfield Corporation Class A Limited Voting Shares,$46.09,0.28,0.611%,103402925601.00,Canada,1925,2608338,Real Estate,Building operators
BNAI,Brand Engagement Network Inc. Common Stock,$0.4811,0.1065,28.43%,21592150.00,United States,2021,477945059,Technology,EDP Services
BNAIW,Brand Engagement Network Inc. Warrant,$0.0728,0.0233,47.071%,3267322.00,United States,2021,476147,Technology,EDP Services
BNBX,Applied DNA Sciences Inc. Common Stock,$3.33,-0.21,-5.932%,4300578.00,United States,,30600,Consumer Discretionary,Other Consumer Services
BNC,CEA Industries Inc. Common Stock,$6.21,0.21,3.50%,267545939.00,United States,,459308,Industrials,Industrial Machinery/Components
BNCWW,CEA Industries Inc. Warrant,$0.1298,0.0008,0.62%,0.00,United States,,75146,,
BNED,Barnes & Noble Education Inc Common Stock,$8.03,-0.20,-2.43%,273452391.00,United States,2015,150471,Consumer Discretionary,Other Specialty Stores
BNGO,Bionano Genomics Inc. Common Stock,$1.62,-0.01,-0.613%,7583220.00,United States,2018,252850,Industrials,Biotechnology: Laboratory Analytical Instruments
BNH,Brookfield Finance Inc. 4.625% Subordinated Notes due October 16 2080,$16.56,0.14,0.853%,24969117724.00,Canada,2020,15275,Real Estate,Building operators
BNJ,Brookfield Finance Inc. 4.50% Perpetual Subordinated Notes,$15.49,0.08,0.519%,23355774972.00,Canada,2020,22891,Real Estate,Building operators
BNKK,Bonk Inc. Common Stock,$0.1987,0.0055,2.847%,28785135.00,United States,2020,1664676,Consumer Discretionary,Package Goods/Cosmetics
BNL,Broadstone Net Lease Inc. Common Stock,$18.10,-0.01,-0.055%,3424810270.00,United States,2020,981990,Real Estate,Real Estate Investment Trusts
BNR,Burning Rock Biotech Limited American Depositary Shares,$12.19,0.40,3.393%,131244805.00,China,2020,9238,Health Care,Medical Specialities
BNRG,Brenmiller Energy Ltd Ordinary Shares,$1.285,-0.142,-9.951%,3502720.00,Israel,,79660,Industrials,Building Products
BNS,Bank Nova Scotia Halifax Pfd 3 Ordinary Shares,$67.23,0.53,0.795%,83471423400.00,Canada,,1148123,Finance,Major Banks
BNT,Brookfield Wealth Solutions Ltd. Class A Exchangeable Limited Voting Shares,$46.04,0.33,0.722%,14029924631.00,,2021,8274,Finance,Property-Casualty Insurers
BNTC,Benitec Biopharma Inc. Common Stock,$12.89,0.10,0.782%,338368545.00,United States,2015,461431,Health Care,Biotechnology: Pharmaceutical Preparations
BNTX,BioNTech SE American Depositary Share,$105.07,1.93,1.871%,25213732376.00,Germany,2019,607896,Health Care,Biotechnology: Biological Products (No Diagnostic Substances)
BNY,BlackRock New York Municipal Income Trust,$10.15,0.01,0.099%,0.00,United States,,61231,Finance,Trusts Except Educational Religious and Charitable
BNZI,Banzai International Inc. Class A Common Stock,$1.72,-0.04,-2.273%,5947868.00,United States,2021,1746354,Technology,Computer Software: Prepackaged Software
BNZIW,Banzai International Inc. Warrant,$0.0231,0.00,0.00%,79881.00,United States,2021,17115,Technology,Computer Software: Prepackaged Software
BOC,Boston Omaha Corporation Class A Common Stock,$12.44,0.01,0.08%,391280719.00,United States,2022,132140,Finance,Real Estate
BODI,The Beachbody Company Inc. Class A Common Stock,$5.02,0.02,0.40%,35476415.00,United States,,448342,Consumer Discretionary,Other Consumer Services
BOE,Blackrock Enhanced Global Dividend Trust Common Shares of Beneficial Interest,$11.57,0.10,0.872%,0.00,United States,2005,164025,Finance,Trusts Except Educational Religious and Charitable
BOF,BranchOut Food Inc. Common Stock,$3.18,0.21,7.071%,37471482.00,United States,2023,125123,Consumer Staples,Packaged Foods
BOH,Bank of Hawaii Corporation Common Stock,$65.92,0.25,0.381%,2622633265.00,United States,,439416,Finance,Major Banks
BOH^A,Bank of Hawaii Corporation Depositary Shares Each Representing a 1/40th Interest in a Share of 4.375% Fixed Rate Non-Cumulative Perpetual Preferred Stock Series A,$16.10,-0.01,-0.062%,,United States,,17443,,
BOH^B,Bank of Hawaii Corporation Depositary Shares Each Representing a 1/40th Interest in a Share of 8.000% Fixed Rate Non-Cumulative Perpetual Preferred Stock Series B,$26.15,0.145,0.558%,,United States,,5750,,
BOKF,BOK Financial Corporation Common Stock,$108.49,0.42,0.389%,6861740369.00,United States,,229467,Finance,Major Banks
BOLD,Boundless Bio Inc. Common Stock,$1.21,-0.02,-1.626%,27086589.00,United States,2024,44514,Health Care,Biotechnology: Pharmaceutical Preparations
BOLT,Bolt Biotherapeutics Inc. Common Stock,$4.9208,0.3708,8.149%,9445185.00,United States,2021,32712,Health Care,Biotechnology: Pharmaceutical Preparations
BON,Bon Natural Life Limited Class A Ordinary Shares,$2.00,0.17,9.29%,4893508.00,China,2021,57006,Health Care, Medicinal Chemicals and Botanical Products 
BOOM,DMC Global Inc. Common Stock,$6.14,0.10,1.656%,126425559.00,United States,,168152,Industrials,Industrial Specialties
BOOT,Boot Barn Holdings Inc. Common Stock,$187.07,0.39,0.209%,5702573412.00,United States,2014,279905,Consumer Discretionary,Clothing/Shoe/Accessory Stores
BORR,Borr Drilling Limited Common Shares,$3.21,0.03,0.943%,786215095.00,Bermuda,2019,3689542,Energy,Oil & Gas Production
BOSC,B.O.S. Better Online Solutions Common Stock,$5.05,-0.23,-4.356%,29913973.00,Israel,,211848,Telecommunications,Computer Communications Equipment
BOTJ,Bank of the James Financial Group Inc. Common Stock,$16.975,0.005,0.029%,77123163.00,United States,,774,Finance,Major Banks
BOW,Bowhead Specialty Holdings Inc. Common Stock,$26.52,0.65,2.513%,869404470.00,United States,2024,215121,Finance,Property-Casualty Insurers
BOX,Box Inc. Class A Common Stock,$31.95,0.60,1.914%,4629101757.00,United States,2015,1595551,Technology,Computer Software: Prepackaged Software
BOXL,Boxlight Corporation Class A Common Stock,$1.25,0.09,7.759%,3320771.00,United States,2017,269524,Real Estate,Other Consumer Services
BP,BP p.l.c. Common Stock,$37.12,0.54,1.476%,97548231898.00,United Kingdom,,7046977,Energy,Integrated oil Companies
BPOP,Popular Inc. Common Stock,$115.44,0.90,0.786%,7801763511.00,United States,,415395,Finance,Major Banks
BPOPM,Popular Inc. Popular Capital Trust II - 6.125% Cumulative Monthly Income Trust Preferred Securities,$25.3859,0.00,0.00%,1715651319.00,United States,,35,Finance,Major Banks
BPRN,Princeton Bancorp Inc. Common Stock (PA),$33.50,0.30,0.904%,226055421.00,United States,,6377,Finance,Major Banks
BPYPM,Brookfield Property Partners L.P. 6.25% Class A Cumulative Redeemable Preferred Units Series 1,$15.64,0.16,1.034%,16259038238.00,Bermuda,,3620,Finance,Real Estate
BPYPN,Brookfield Property Partners L.P. 5.750% Class A Cumulative Redeemable Perpetual Preferred Units Series 3,$13.84,0.15,1.096%,14387793428.00,Bermuda,,8696,Finance,Real Estate
BPYPO,Brookfield Property Partners L.P. 6.375% Class A Cumulative Redeemable Perpetual Preferred Units Series 2,$14.82,-0.01,-0.067%,15406582269.00,Bermuda,,10803,Finance,Real Estate
BPYPP,Brookfield Property Partners L.P. 6.50% Class A Cumulative Redeemable Perpetual Preferred Units,$15.19,0.172,1.145%,15791227036.00,Bermuda,,10823,Finance,Real Estate
BQ,Boqii Holding Limited Class A Ordinary Shares,$2.50,-0.38,-13.194%,7199035.00,,2025,842466,Consumer Discretionary,Other Specialty Stores
BR,Broadridge Financial Solutions Inc. Common Stock,$223.16,1.44,0.649%,26048922066.00,United States,,797276,Real Estate,Real Estate
BRAG,Bragg Gaming Group Inc. Common Shares,$2.12,0.05,2.415%,53952893.00,Canada,,37351,Technology,Office Equipment/Supplies/Services
BRBI,BRBI BR Partners S.A. ADSs,$15.49,0.48,3.198%,776615098.00,Brazil,,9629,Finance,Finance: Consumer Services
BRBR,BellRing Brands Inc. Common Stock ,$28.27,-1.00,-3.416%,3561430995.00,United States,2022,2872403,Consumer Staples,Packaged Foods
BRBS,Blue Ridge Bankshares Inc. Common Stock,$4.34,-0.08,-1.81%,397060789.00,United States,,406780,Finance,Major Banks
BRC,Brady Corporation Common Stock,$75.75,0.40,0.531%,3299353517.00,United States,,202669,Consumer Discretionary,Miscellaneous manufacturing industries
BRCB,Black Rock Coffee Bar Inc. Class A Common Stock,$24.41,0.28,1.16%,1167179040.00,United States,2025,407535,Consumer Discretionary,Restaurants
BRCC,BRC Inc. Class A Common Stock,$1.26,0.04,3.279%,313109849.00,United States,2022,290399,Consumer Staples,Beverages (Production/Distribution)
BRFH,Barfresh Food Group Inc. Common Stock,$3.02,-0.16,-5.031%,48227229.00,United States,,2829,Consumer Staples,Packaged Foods
BRIA,BrilliA Inc Class A Ordinary Shares,$1.78,-0.02,-1.111%,54512500.00,,2024,8278,Consumer Discretionary,Apparel
BRID,Bridgford Foods Corporation Common Stock,$7.59,0.0636,0.845%,68893155.00,United States,,815,Consumer Staples,Specialty Foods
BRK/A,Berkshire Hathaway Inc.,$744500.099999999977,-3819.90,-0.51%,1095065840087.00,United States,,532,,
BRK/B,Berkshire Hathaway Inc.,$496.98,-2.08,-0.417%,1096492625160.00,United States,,5080501,,
BRKR,Bruker Corporation Common Stock,$40.78,0.85,2.129%,6196159852.00,United States,,1929855,Industrials,Biotechnology: Laboratory Analytical Instruments
BRKRP,Bruker Corporation 6.375% Mandatory Convertible Preferred Stock Series A,$325.55,7.61,2.394%,49464439429.00,United States,,2059,Industrials,Biotechnology: Laboratory Analytical Instruments
BRLS,Borealis Foods Inc. Class A Common Shares,$3.5799,-0.0501,-1.38%,76544892.00,Canada,2021,103098,Consumer Staples,Packaged Foods
BRLSW,Borealis Foods Inc. Warrant,$0.075,0.005,7.143%,1603639.00,Canada,2021,7650,Consumer Staples,Packaged Foods
BRLT,Brilliant Earth Group Inc. Class A Common Stock,$2.26,-0.54,-19.286%,226254320.00,United States,2021,220460,Consumer Discretionary,Consumer Specialties
BRN,Barnwell Industries Inc. Common Stock,$1.19,0.03,2.586%,11987505.00,United States,1965,20207,Energy,Oil & Gas Production
BRNS,Barinthus Biotherapeutics plc American Depositary Shares,$0.88,-0.19,-17.757%,35832042.00,United Kingdom,2021,785003,Health Care,Biotechnology: Pharmaceutical Preparations
BRO,Brown & Brown Inc. Common Stock,$78.51,-0.03,-0.038%,26804946223.00,United States,,2908619,Finance,Specialty Insurers
BROS,Dutch Bros Inc. Class A Common Stock,$56.68,3.25,6.083%,9325114668.00,United States,2021,4556004,Consumer Discretionary,Restaurants
BRR,Columbus Circle Capital Corp I Class A Ordinary Shares,$10.21,0.00,0.00%,0.00,United States,2025,506100,Finance,Blank Checks
BRRWU,Columbus Circle Capital Corp I Units,$10.7001,0.0001,0.001%,0.00,United States,2025,2179,Finance,Blank Checks
BRRWW,Columbus Circle Capital Corp I Warrant,$0.98,0.0498,5.354%,0.00,United States,2025,43711,Finance,Blank Checks
BRSL,Brightstar Lottery PLC Trading under the Legal Name to begin at the market open on July 21 2025. Ordinary Shares,$16.91,0.36,2.175%,3416354948.00,United States,2015,1812273,Consumer Discretionary,Services-Misc. Amusement & Recreation
BRSP,BrightSpire Capital Inc. Class A Common Stock,$5.43,0.06,1.117%,704449804.00,United States,2018,578212,Real Estate,Real Estate Investment Trusts
BRT,BRT Apartments Corp. (MD) Common Stock,$14.52,-0.12,-0.82%,276176121.00,United States,,55852,Real Estate,Real Estate Investment Trusts
BRTX,BioRestorative Therapies Inc. Common Stock (NV),$1.38,0.01,0.73%,11009801.00,United States,,22019,Health Care,Managed Health Care
BRW,Saba Capital Income & Opportunities Fund SBI,$7.23,0.00,0.00%,0.00,United States,,228951,Finance,Trusts Except Educational Religious and Charitable
BRX,Brixmor Property Group Inc. Common Stock,$26.59,-0.14,-0.524%,8139199266.00,United States,2013,2621259,Real Estate,Real Estate Investment Trusts
BRY,Berry Corporation (bry) Common Stock,$3.36,0.08,2.439%,260759836.00,United States,2018,705832,Energy,Oil & Gas Production
BRZE,Braze Inc. Class A Common Stock,$28.16,0.17,0.607%,3133285281.00,United States,2021,1267567,Technology,Computer Software: Prepackaged Software
BSAA,BEST SPAC I Acquisition Corp. Class A Ordinary Shares,$10.10,0.00,0.00%,,Hong Kong,2025,200,Finance,Blank Checks
BSAAR,BEST SPAC I Acquisition Corp. Rights,$0.16,0.00,0.00%,0.00,Hong Kong,2025,65,Finance,Blank Checks
BSAC,Banco Santander - Chile ADS,$29.90,0.20,0.673%,14086347978.00,Chile,,251274,Finance,Commercial Banks
BSBK,Bogota Financial Corp. Common Stock,$8.37,-0.26,-3.013%,108880216.00,United States,2020,4770,Finance,Banks
BSBR,Banco Santander Brasil SA American Depositary Shares each representing one unit,$6.15,0.10,1.653%,45876711751.00,Brazil,2009,1092523,Finance,Commercial Banks
BSET,Bassett Furniture Industries Incorporated Common Stock,$14.90,0.33,2.265%,129417079.00,United States,,16687,Consumer Discretionary,Home Furnishings
BSL,Blackstone Senior Floating Rate 2027 Term Fund Common Shares of Beneficial Interest,$13.87,0.01,0.072%,0.00,United States,2010,26014,Finance,Trusts Except Educational Religious and Charitable
BSLK,Bolt Projects Holdings Inc. Common Stock,$2.24,0.03,1.357%,4618385.00,United States,2021,55143,Industrials,Major Chemicals
BSLKW,Bolt Projects Holdings Inc. Warrant,$0.0353,-0.0001,-0.282%,72781.00,United States,2021,11987,Industrials,Major Chemicals
BSM,Black Stone Minerals L.P. Common units representing limited partner interests,$13.50,0.19,1.427%,3058744019.00,United States,2015,432087,Energy,Oil & Gas Production
BSRR,Sierra Bancorp Common Stock,$29.24,-0.47,-1.582%,394227072.00,United States,,61728,Finance,Major Banks
BST,BlackRock Science and Technology Trust Common Shares of Beneficial Interest,$41.42,0.09,0.218%,917777319.00,United States,2014,444366,Finance,Finance Companies
BSTZ,BlackRock Science and Technology Term Trust Common Shares of Beneficial Interest,$22.66,0.41,1.843%,502096428.00,United States,2019,286728,Finance,Trusts Except Educational Religious and Charitable
BSVN,Bank7 Corp. Common stock,$41.27,-0.05,-0.121%,390041903.00,United States,2018,3739,Finance,Major Banks
BSX,Boston Scientific Corporation Common Stock,$100.91,0.89,0.89%,149593226155.00,United States,,8236151,Health Care,Medical/Dental Instruments
BSY,Bentley Systems Incorporated Class B Common Stock,$46.32,-0.39,-0.835%,14060763390.00,United States,2020,1889434,Technology,Computer Software: Prepackaged Software
BTA,BlackRock Long-Term Municipal Advantage Trust Common Shares of Beneficial Interest,$9.49,0.01,0.105%,0.00,United States,2006,12973,Finance,Trusts Except Educational Religious and Charitable
BTAI,BioXcel Therapeutics Inc. Common Stock,$1.93,0.10,5.464%,28094514.00,United States,2018,826410,Health Care,Biotechnology: Pharmaceutical Preparations
BTBD,BT Brands Inc. Common Stock,$1.70,0.06,3.659%,10463031.00,United States,2021,47703,Consumer Discretionary,Restaurants
BTBDW,BT Brands Inc. Warrant,$0.1697,-0.0004,-0.235%,1044457.00,United States,2021,1000,Consumer Discretionary,Restaurants
BTBT,Bit Digital Inc. Ordinary Shares,$3.04,-0.10,-3.185%,977155475.00,United States,2018,44923944,Finance,Finance: Consumer Services
BTCS,BTCS Inc. Common Stock,$3.12,-0.02,-0.637%,149924667.00,United States,,1404471,Finance,Finance: Consumer Services
BTCT,BTC Digital Ltd. Ordinary Shares,$2.04,0.05,2.513%,13125442.00,China,,80740,Real Estate,Other Consumer Services
BTDR,Bitdeer Technologies Group Class A Ordinary Shares,$17.65,-4.34,-19.736%,3472569530.00,Singapore,,12570322,Finance,Finance: Consumer Services
BTE,Baytex Energy Corp Common Shares,$2.59,0.07,2.778%,1989941030.00,Canada,2023,17272077,Energy,Oil & Gas Production
BTG,B2Gold Corp Common shares (Canada),$4.09,0.18,4.604%,5440246878.00,Canada,,59835841,Basic Materials,Precious Metals
BTI,British American Tobacco  Industries p.l.c. Common Stock ADR,$55.42,0.83,1.52%,121336843610.00,United Kingdom,1998,4283294,Health Care, Medicinal Chemicals and Botanical Products 
BTM,Bitcoin Depot Inc. Class A Common Stock,$2.71,0.04,1.498%,184501212.00,United States,2022,1311498,Finance,Finance: Consumer Services
BTMD,Biote Corp. Class A Common Stock,$2.46,-0.25,-9.225%,121619455.00,United States,,315323,Health Care, Medicinal Chemicals and Botanical Products 
BTMWW,Bitcoin Depot Inc. Warrant,$0.26,0.0038,1.483%,17701223.00,United States,2022,22226,Finance,Finance: Consumer Services
BTO,John Hancock Financial Opportunities Fund Common Stock,$34.00,0.31,0.92%,0.00,United States,1994,80985,Finance,Investment Managers
BTOC,Armlogi Holding Corp. Common Stock,$0.5562,-0.0031,-0.554%,25275107.00,United States,2024,44825,Consumer Discretionary,Office Equipment/Supplies/Services
BTOG,Bit Origin Limited Class A Ordinary Shares,$0.30,-0.0125,-4.00%,26583156.00,United States,2019,1347577,Finance,Finance: Consumer Services
BTQ,BTQ Technologies Corp. Common Stock,$6.95,0.31,4.669%,961877776.00,Canada,,3314051,,
BTSG,BrightSpring Health Services Inc. Common Stock,$33.57,0.43,1.298%,6054426610.00,United States,2024,1547453,Health Care,Medical/Nursing Services
BTSGU,BrightSpring Health Services Inc. Tangible Equity Unit,$114.00,1.475,1.311%,20560161858.00,United States,2024,850,Health Care,Medical/Nursing Services
BTT,BlackRock Municipal 2030 Target Term Trust,$22.63,0.12,0.533%,0.00,United States,2012,80088,Finance,Investment Managers
BTTC,Black Titan Corporation Ordinary Shares,$3.42,0.16,4.908%,4549400.00,Malaysia,,70514,Health Care,Biotechnology: Biological Products (No Diagnostic Substances)
BTU,Peabody Energy Corporation Common Stock ,$30.07,-0.32,-1.053%,3656512000.00,United States,2017,2089274,Energy,Coal Mining
BTX,BlackRock Technology and Private Equity Term Trust Common Shares of Beneficial Interest,$7.14,0.13,1.854%,1683584682.00,United States,2021,842402,,
BTZ,BlackRock Credit Allocation Income Trust,$11.10,0.08,0.726%,1200298500.00,United States,2006,231324,Finance,Finance Companies
BUD,Anheuser-Busch Inbev SA Sponsored ADR (Belgium),$63.35,0.07,0.111%,113852526432.00,Belgium,,1941473,Consumer Staples,Beverages (Production/Distribution)
BUI,BlackRock Utility Infrastructure & Power Opportunities Trust,$26.42,0.54,2.087%,0.00,United States,2011,65528,Finance,Trusts Except Educational Religious and Charitable
BULL,Webull Corporation Class A Ordinary Shares,$9.71,0.07,0.726%,4480691560.00,United States,,11374682,Finance,Investment Bankers/Brokers/Service
BULLW,Webull Corporation Warrants,$3.90,0.3534,9.964%,1799659844.00,United States,,49390,Finance,Investment Bankers/Brokers/Service
BUR,Burford Capital Limited Ordinary Shares,$8.98,0.02,0.223%,1964928087.00,,2020,1954424,Finance,Finance: Consumer Services
BURL,Burlington Stores Inc. Common Stock,$282.10,1.27,0.452%,17782178014.00,United States,2013,870800,Consumer Discretionary,Department/Specialty Retail Stores
BURU,Nuburu Inc. Common Stock,$0.2731,-0.0073,-2.603%,21835142.00,United States,,42284194,Miscellaneous,Industrial Machinery/Components
BUSE,First Busey Corporation Class A Common Stock,$22.92,-0.07,-0.304%,2026335266.00,United States,,334792,Finance,Major Banks
BUSEP,First Busey Corporation Depositary Shares Each Representing a 1/40thInterest in a Share of 8.25% Fixed-Rate Series B Non-Cumulative Perpetual Preferred Stock $0.001 par value,$25.70,0.02,0.078%,2272112405.00,United States,,31002,Finance,Major Banks
BUUU,BUUU Group Limited Class A Ordinary Share,$7.9999,-0.1801,-2.202%,133398333.00,Hong Kong,2025,80178,Consumer Discretionary,Services-Misc. Amusement & Recreation
BV,BrightView Holdings Inc. Common Stock,$11.88,0.06,0.508%,1127412000.00,United States,2018,1009341,Real Estate,Real Estate
BVFL,BV Financial Inc. Common Stock,$16.91,0.11,0.655%,168076776.00,United States,2023,13462,Finance,Savings Institutions
BVN,Buenaventura Mining Company Inc.,$23.34,0.97,4.336%,5928053476.00,Peru,1996,1393121,Basic Materials,Metal Mining
BVS,Bioventus Inc. Class A Common Stock,$7.49,0.04,0.537%,619896473.00,United States,2021,280642,Health Care,Medical/Dental Instruments
BW,Babcock & Wilcox Enterprises Inc. Common Stock,$6.90,1.29,22.995%,697573040.00,United States,2015,15607286,Industrials,Building Products
BW^A,Babcock & Wilcox Enterprises Inc. 7.75% Series A Cumulative Perpetual Preferred Stock,$18.95,0.95,5.278%,,United States,,140343,,
BWA,BorgWarner Inc. Common Stock,$45.22,0.29,0.645%,9673829179.00,United States,,2407943,Consumer Discretionary,Auto Parts:O.E.M.
BWAY,BrainsWay Ltd. American Depositary Shares,$16.12,0.53,3.40%,304171955.00,Israel,2019,118359,Health Care,Medical/Dental Instruments
BWB,Bridgewater Bancshares Inc. Common Stock,$16.81,0.17,1.022%,463699345.00,United States,2018,58965,Finance,Major Banks
BWBBP,Bridgewater Bancshares Inc. Depositary Shares Each Representing a 1/100th Interest in a Share of 5.875% Non-Cumulative Perpetual Preferred Stock Series A,$19.99,0.1416,0.713%,551418793.00,United States,,3195,Finance,Major Banks
BWEN,Broadwind Inc. Common Stock,$2.11,0.11,5.50%,48617489.00,United States,,107076,Telecommunications,Metal Fabrications
BWFG,Bankwell Financial Group Inc. Common Stock,$44.51,0.95,2.181%,350624988.00,United States,2014,18878,Finance,Major Banks
BWG,BrandywineGLOBAL Global Income Opportunities Fund Inc.,$8.38,0.05,0.60%,0.00,United States,2012,166371,Finance,Finance/Investors Services
BWIN,The Baldwin Insurance Group Inc. Class A Common Stock,$26.48,-0.39,-1.451%,3141807540.00,United States,2019,1609401,Finance,Specialty Insurers
BWLP,BW LPG Limited Common Shares,$13.45,-0.02,-0.148%,2038192058.00,,2024,253280,Consumer Discretionary,Transportation Services
BWMN,Bowman Consulting Group Ltd. Common Stock,$34.53,1.99,6.116%,599894144.00,United States,2021,227492,Consumer Discretionary,Professional Services
BWMX,Betterware de Mexico S.A.P.I. de C.V. Ordinary Shares,$14.27,-0.05,-0.349%,532507111.00,Mexico,,54305,Consumer Discretionary,Catalog/Specialty Distribution
BWNB,Babcock & Wilcox Enterprises Inc. 6.50% Senior Notes due 2026,$24.54,0.1261,0.517%,2480933681.00,United States,2021,24825,Industrials,Building Products
BWSN,Babcock & Wilcox Enterprises Inc. 8.125% Senior Notes due 2026,$25.1055,0.0355,0.142%,2538104341.00,United States,2021,8760,Industrials,Building Products
BWXT,BWX Technologies Inc. Common Stock,$198.79,5.24,2.707%,18174722440.00,United States,,1178446,Industrials,Industrial Machinery/Components
BX,Blackstone Inc. Common Stock,$144.30,-1.64,-1.124%,106362327692.00,United States,2007,3945285,Finance,Investment Managers
BXC,Bluelinx Holdings Inc. Common Stock,$59.68,-1.01,-1.664%,469386661.00,United States,2004,101154,Consumer Discretionary,Wholesale Distributors
BXMT,Blackstone Mortgage Trust Inc. Common Stock,$18.11,-0.29,-1.576%,3037476787.00,United States,,1279634,Real Estate,Real Estate Investment Trusts
BXMX,Nuveen S&P 500 Buy-Write Income Fund Common Shares of Beneficial Interest,$14.46,0.21,1.474%,0.00,United States,,156401,Finance,Investment Managers
BXP,BXP Inc. Common Stock,$71.61,-0.75,-1.036%,11341270629.00,United States,1997,1307297,Real Estate,Real Estate Investment Trusts
BXSL,Blackstone Secured Lending Fund Common Shares of Beneficial Interest,$26.60,0.11,0.415%,0.00,,2021,1862232,Finance,Trusts Except Educational Religious and Charitable
BY,Byline Bancorp Inc. Common Stock,$27.44,0.18,0.66%,1258533569.00,United States,2017,154080,Finance,Major Banks
BYAH,Park Ha Biological Technology Co. Ltd. Ordinary Shares,$0.3001,0.018,6.381%,7914958.00,China,2024,184385,Consumer Discretionary,Package Goods/Cosmetics
BYD,Boyd Gaming Corporation Common Stock,$82.59,1.32,1.624%,6452132567.00,United States,1993,1290990,Consumer Discretionary,Hotels/Resorts
BYFC,Broadway Financial Corporation Class A Common Stock,$6.37,-0.11,-1.698%,58577940.00,United States,,1052,Finance,Savings Institutions
BYM,Blackrock Municipal Income Quality Trust Common Shares of Beneficial Interest,$10.96,-0.04,-0.364%,0.00,United States,2002,100225,Finance,Investment Managers
BYND,Beyond Meat Inc. Common Stock,$1.34,-0.05,-3.597%,102705802.00,United States,2019,119046774,Consumer Staples,Packaged Foods
BYRN,Byrna Technologies Inc. Common Stock,$18.26,-0.18,-0.976%,414967904.00,United States,,266753,Miscellaneous,Industrial Machinery/Components
BYSI,BeyondSpring Inc. Ordinary Shares,$1.93,-0.03,-1.531%,77841378.00,United States,2017,21466,Health Care,Biotechnology: Pharmaceutical Preparations
BZ,KANZHUN LIMITED American Depository Shares,$21.14,0.06,0.285%,9190312761.00,China,2021,3573955,Technology,Computer Software: Programming Data Processing
BZAI,Blaize Holdings Inc. Common Stock,$3.38,0.09,2.736%,346856242.00,United States,2025,1386433,Finance,Blank Checks
BZAIW,Blaize Holdings Inc. Warrants,$0.81,0.0685,9.238%,83122354.00,United States,2025,142181,Finance,Blank Checks
BZFD,BuzzFeed Inc. Class A Common Stock,$1.05,-0.01,-0.943%,39068268.00,United States,2021,559804,Consumer Discretionary,Telecommunications Equipment
BZFDW,BuzzFeed Inc. Warrant,$0.0421,-0.0069,-14.082%,1566451.00,United States,2021,17199,Consumer Discretionary,Telecommunications Equipment
BZH,Beazer Homes USA Inc. Common Stock,$21.79,-0.13,-0.593%,647723570.00,United States,1994,276518,Consumer Discretionary,Homebuilding
BZUN,Baozun Inc. American Depositary Shares,$3.16,-0.08,-2.469%,182482571.00,China,2015,120187,Consumer Discretionary,Catalog/Specialty Distribution
C,Citigroup Inc. Common Stock,$101.49,0.70,0.695%,181592622477.00,United States,,11268558,Finance,Major Banks
C^N,Citigroup Capital XIII 7.875% Fixed rate Floating Rate trust Preferred Securities (TruPS),$30.02,0.04,0.133%,,United States,,83330,,
CAAP,Corporacion America Airports SA Common Shares,$22.00,0.09,0.411%,3543988404.00,,2018,135054,Consumer Discretionary,Aerospace
CAAS,China Automotive Systems Inc. Ordinary Share,$4.21,0.06,1.446%,127018655.00,China,,23497,Consumer Discretionary,Auto Parts:O.E.M.
CABA,Cabaletta Bio Inc. Common Stock,$2.43,-0.12,-4.706%,222260516.00,United States,2019,4166800,Health Care,Biotechnology: Biological Products (No Diagnostic Substances)
CABO,Cable One Inc. Common Stock,$128.50,-2.98,-2.267%,723325215.00,United States,2015,153841,Telecommunications,Cable & Other Pay Television Services
CAC,Camden National Corporation Common Stock,$38.84,0.01,0.026%,657259219.00,United States,,48438,Finance,Major Banks
CACC,Credit Acceptance Corporation Common Stock,$433.00,10.65,2.522%,4776658552.00,United States,1992,248312,Finance,Finance: Consumer Services
CACI,CACI International Inc. Class A Common Stock,$591.85,2.60,0.441%,13067876364.00,United States,,166783,Technology,EDP Services
CADE,Cadence Bank Common Stock,$38.74,0.31,0.807%,7074737346.00,United States,,1881604,Finance,Major Banks
CADE^A,Cadence Bank 5.50% Series A ,$21.15,-0.03,-0.142%,,United States,,14231,,
CADL,Candel Therapeutics Inc. Common Stock,$5.07,0.03,0.595%,278318152.00,United States,2021,485403,Health Care,Biotechnology: Biological Products (No Diagnostic Substances)
CAE,CAE Inc. Ordinary Shares,$27.22,0.02,0.074%,8730167518.00,Canada,,298845,Miscellaneous,Industrial Machinery/Components
CAEP,Cantor Equity Partners III Inc. Class A Ordinary Shares,$10.22,-0.01,-0.098%,0.00,United States,2025,1969337,,
CAF,Morgan Stanley China A Share Fund Inc. Common Stock,$16.92,0.17,1.015%,0.00,United States,2006,9442,Finance,Investment Managers
CAG,ConAgra Brands Inc. Common Stock,$16.98,-0.16,-0.933%,8122410864.00,United States,,9204039,Consumer Staples,Packaged Foods
CAH,Cardinal Health Inc. Common Stock,$205.43,1.76,0.864%,48809149478.00,United States,,2111062,Health Care,Other Pharmaceuticals
CAI,Caris Life Sciences Inc. Common Stock,$24.80,-0.81,-3.163%,6997243690.00,United States,2025,1548592,Health Care,Medical Specialities
CAKE,Cheesecake Factory Incorporated (The) Common Stock,$45.96,-1.22,-2.586%,2290724072.00,United States,1992,1273729,Consumer Discretionary,Restaurants
CAL,Caleres Inc. Common Stock,$11.14,-0.16,-1.416%,377009772.00,United States,,989796,Consumer Discretionary,Shoe Manufacturing
CALC,CalciMedica Inc. Common Stock,$3.06,0.02,0.658%,42754862.00,United States,2023,13685,Health Care,Biotechnology: Pharmaceutical Preparations
CALM,Cal-Maine Foods Inc. Common Stock,$88.67,-0.05,-0.056%,4300460064.00,United States,1996,561345,Consumer Staples,Farming/Seeds/Milling
CALX,Calix Inc Common Stock,$64.12,0.09,0.141%,4249647449.00,United States,2010,671711,Consumer Discretionary,Telecommunications Equipment
CAMP,CAMP4 Therapeutics Corporation Common Stock,$4.16,-0.09,-2.118%,195025517.00,United States,2024,71321,,
CAMT,Camtek Ltd. Ordinary Shares,$111.20,-7.92,-6.649%,5070105509.00,Israel,2000,1120984,Technology,Electronic Components
CAN,Canaan Inc. American Depositary Shares,$1.15,-0.04,-3.361%,483303093.00,China,2019,30737723,Technology,Semiconductors
CANF,Can-Fite Biopharma Ltd Sponsored ADR (Israel),$0.4087,-0.0018,-0.438%,4231307.00,Israel,,212961,Health Care,Biotechnology: Pharmaceutical Preparations
CANG,Cango Inc. American Depositary Shares  each representing two (2) Class A Ordinary Shares,$3.56,0.06,1.714%,369485686.00,China,2018,482996,Technology,Computer Software: Prepackaged Software
CAPL,CrossAmerica Partners LP Common Units representing limited partner interests,$20.78,0.08,0.386%,792143595.00,United States,2012,19132,Energy,Oil Refining/Marketing
CAPN,Cayson Acquisition Corp Ordinary shares,$10.53,0.00,0.00%,0.00,United States,2024,991,,
CAPR,Capricor Therapeutics Inc. Common Stock,$5.56,-0.37,-6.239%,254186381.00,United States,,3928081,Health Care,Biotechnology: Pharmaceutical Preparations
CAPS,Capstone Holding Corp. Common Stock,$1.11,0.05,4.717%,6195138.00,United States,,423331,Consumer Discretionary,RETAIL: Building Materials
CAPT,Captivision Inc. Ordinary Shares,$0.7421,0.0373,5.292%,21637886.00,United Kingdom,,464364,Miscellaneous,Industrial Machinery/Components
CAPTW,Captivision Inc. Warrant,$0.0205,-0.0054,-20.849%,597732.00,United Kingdom,,115107,Miscellaneous,Industrial Machinery/Components
CAR,Avis Budget Group Inc. Common Stock,$142.50,-0.81,-0.565%,5015571360.00,United States,,392017,Consumer Discretionary,Rental/Leasing Companies
CARE,Carter Bankshares Inc. Common Stock,$17.36,-0.08,-0.459%,383431084.00,United States,,45956,Finance,Major Banks
CARG,CarGurus Inc. Class A Common Stock ,$35.42,2.08,6.239%,3380952486.00,United States,2017,1437193,Technology,EDP Services
CARL,Carlsmed Inc. Common Stock,$12.61,-1.05,-7.687%,335336570.00,United States,2025,112165,Health Care,Medical/Dental Instruments
CARR,Carrier Global Corporation Common Stock ,$57.33,-0.18,-0.313%,48283886745.00,United States,2020,4054114,Industrials,Industrial Machinery/Components
CARS,Cars.com Inc. Common Stock ,$11.58,0.44,3.95%,692637643.00,United States,2017,1154918,Technology,EDP Services
CART,Maplebear Inc. Common Stock,$37.33,0.58,1.578%,9834150768.00,United States,2023,12555484,Real Estate,Real Estate
CARV,Carver Bancorp Inc. Common Stock,$3.64,0.14,4.00%,18478930.00,United States,,19154,Finance,Savings Institutions
CASH,Pathward Financial Inc. Common Stock,$69.26,0.58,0.844%,1577228198.00,United States,1993,183739,Finance,Major Banks
CASI,CASI Pharmaceuticals Inc. Ordinary Shares,$1.34,-0.04,-2.899%,20760193.00,China,,26637,Health Care,Biotechnology: Pharmaceutical Preparations
CASS,Cass Information Systems Inc Common Stock,$41.14,1.59,4.02%,538287238.00,United States,,90942,Real Estate,Real Estate
CASY,Casey's General Stores Inc. Common Stock,$532.54,-1.03,-0.193%,19800509798.00,United States,1983,242997,Consumer Discretionary,Retail-Auto Dealers and Gas Stations
CAT,Caterpillar Inc. Common Stock,$570.85,7.75,1.376%,267146152377.00,United States,,1829939,Industrials,Construction/Ag Equipment/Trucks
CATO,Cato Corporation (The) Class A Common Stock,$3.75,0.08,2.18%,73973730.00,United States,,38818,Consumer Discretionary,Clothing/Shoe/Accessory Stores
CATX,Perspective Therapeutics Inc. Common Stock,$2.22,0.03,1.37%,164863838.00,United States,,2301483,Health Care,Medical/Dental Instruments
CATY,Cathay General Bancorp Common Stock,$47.20,0.14,0.297%,3261209330.00,United States,,416161,Finance,Major Banks
CAVA,CAVA Group Inc. Common Stock,$49.66,1.02,2.097%,5759870719.00,United States,2023,4363007,Consumer Discretionary,Restaurants
CB,Chubb Limited  Common Stock,$288.25,0.70,0.243%,113441035107.00,Switzerland,,1573675,Finance,Property-Casualty Insurers
CBAN,Colony Bankcorp Inc. Common Stock,$16.15,0.09,0.56%,282001917.00,United States,,33006,Finance,Major Banks
CBAT,CBAK Energy Technology Inc. Common Stock,$0.9245,0.045,5.117%,81953075.00,China,,176381,Miscellaneous,Industrial Machinery/Components
CBFV,CB Financial Services Inc. Common Stock,$33.95,0.73,2.197%,169259694.00,United States,,2209,Finance,Major Banks
CBIO,Crescent Biopharma Inc. Common Stock,$13.11,-0.02,-0.152%,182130885.00,United States,2014,46760,Health Care,Biotechnology: Pharmaceutical Preparations
CBK,Commercial Bancgroup Inc. Common Stock,$24.22,0.02,0.083%,319079681.00,United States,2025,14273,Finance,Major Banks
CBL,CBL & Associates Properties Inc. Common Stock,$32.08,-0.72,-2.195%,992336286.00,United States,2021,134171,Real Estate,Real Estate Investment Trusts
CBLL,CeriBell Inc. Common Stock,$11.78,-0.20,-1.669%,436987228.00,United States,2024,262677,Health Care,Biotechnology: Electromedical & Electrotherapeutic Apparatus
CBNA,Chain Bridge Bancorp Inc. Class A Common Stock,$29.68,0.56,1.923%,194754729.00,,2024,3377,Finance,Major Banks
CBNK,Capital Bancorp Inc. Common Stock,$27.99,0.14,0.503%,464173313.00,United States,2018,30960,Finance,Major Banks
CBOE,Cboe Global Markets Inc. Common Stock,$259.14,2.52,0.982%,28976710875.00,,2010,931963,Finance,Investment Bankers/Brokers/Service
CBRE,CBRE Group Inc Common Stock Class A,$151.83,-0.82,-0.537%,45183544735.00,United States,,1331380,Finance,Real Estate
CBRL,Cracker Barrel Old Country Store Inc Common Stock,$29.09,-2.67,-8.407%,647796308.00,United States,1981,2392151,Consumer Discretionary,Restaurants
CBSH,Commerce Bancshares Inc. Common Stock,$54.07,-0.08,-0.148%,7215042134.00,United States,,1122347,Finance,Major Banks
CBT,Cabot Corporation Common Stock,$61.09,-0.39,-0.634%,3250209390.00,United States,,449601,Industrials,Major Chemicals
CBU,Community Financial System Inc. Common Stock,$56.45,-0.40,-0.704%,2972741054.00,United States,,180201,Finance,Major Banks
CBUS,Cibus Inc. Class A Common Stock,$1.33,0.02,1.527%,72137048.00,United States,2017,87095,Industrials,Agricultural Chemicals
CBZ,CBIZ Inc. Common Stock,$51.75,-1.35,-2.542%,2815273692.00,United States,,633446,Real Estate,Real Estate
CC,Chemours Company (The) Common Stock,$12.75,0.24,1.918%,1911122388.00,United States,2015,3576952,Industrials,Major Chemicals
CCAP,Crescent Capital BDC Inc. Common stock,$13.91,-0.07,-0.501%,515526119.00,United States,,94378,Finance,Finance: Consumer Services
CCB,Coastal Financial Corporation Common Stock,$107.27,0.93,0.875%,1620752084.00,United States,2018,76978,Finance,Major Banks
CCBG,Capital City Bank Group Common Stock,$40.77,0.71,1.772%,695895995.00,United States,,52024,Finance,Major Banks
CCC,CCC Intelligent Solutions Holdings Inc. Common Stock,$7.49,-0.13,-1.706%,4808727223.00,United States,,9680641,Technology,Computer Software: Prepackaged Software
CCCC,C4 Therapeutics Inc. Common Stock,$2.34,0.00,0.00%,226779738.00,United States,2020,698799,Health Care,Biotechnology: Biological Products (No Diagnostic Substances)
CCCX,Churchill Capital Corp X Class A Ordinary Shares,$17.33,-1.35,-7.227%,0.00,United States,2025,2678867,Finance,Blank Checks
CCCXU,Churchill Capital Corp X Unit,$19.05,-0.37,-1.905%,0.00,United States,2025,1053,Finance,Blank Checks
CCCXW,Churchill Capital Corp X Warrants,$7.35,-0.70,-8.696%,0.00,United States,2025,201645,Finance,Blank Checks
CCD,Calamos Dynamic Convertible & Income Fund Common Stock,$21.78,0.28,1.302%,0.00,United States,,53836,Finance,Trusts Except Educational Religious and Charitable
CCEC,Capital Clean Energy Carriers Corp. Common Share,$20.57,-0.12,-0.58%,1207815128.00,Greece,2007,6184,Consumer Discretionary,Marine Transportation
CCEL,Cryo-Cell International Inc. Common Stock,$4.25,0.05,1.19%,34234388.00,United States,2022,3879,Health Care,Misc Health and Biotechnology Services
CCEP,Coca-Cola Europacific Partners plc Ordinary Shares,$91.25,-0.16,-0.175%,41425897011.00,United Kingdom,,1871681,Consumer Staples,Beverages (Production/Distribution)
CCG,Cheche Group Inc. Class A Ordinary Shares,$0.972,0.0477,5.161%,81299650.00,China,,123142,Finance,Specialty Insurers
CCGWW,Cheche Group Inc. Warrant,$0.0374,-0.005,-11.792%,3128196.00,China,,2641,Finance,Specialty Insurers
CCHH,CCH Holdings Ltd Ordinary Shares,$4.69,-0.01,-0.213%,90282500.00,Malaysia,2025,53007,Consumer Discretionary,Restaurants
CCI,Crown Castle Inc. Common Stock,$91.83,2.29,2.558%,39990037488.00,United States,,4614583,Real Estate,Real Estate Investment Trusts
CCID,Carlyle Credit Income Fund 7.375% Series D Term Preferred Shares due 2028,$25.2185,0.0185,0.073%,0.00,,,21793,,
CCIF,Carlyle Credit Income Fund Shares of Beneficial Interest,$5.21,0.04,0.774%,0.00,,2019,98586,Finance,Finance/Investors Services
CCII,Cohen Circle Acquisition Corp. II Class A Ordinary Shares,$10.3001,0.0101,0.098%,0.00,United States,2025,16099,,
CCIIU,Cohen Circle Acquisition Corp. II Unit,$10.49,0.00,0.00%,0.00,United States,2025,115,,
CCIIW,Cohen Circle Acquisition Corp. II Warrant,$0.90,0.0469,5.498%,0.00,United States,2025,141644,,
CCIX,Churchill Capital Corp IX Ordinary Shares,$10.66,0.00,0.00%,0.00,United States,2024,26940,,
CCIXU,Churchill Capital Corp IX Unit,$10.65,0.00,0.00%,0.00,United States,2024,9,,
CCIXW,Churchill Capital Corp IX Warrant,$0.95,-0.06,-5.941%,0.00,United States,2024,60179,,
CCJ,Cameco Corporation Common Stock,$94.24,1.98,2.146%,41032770570.00,Canada,1996,4872191,Basic Materials,Other Metals and Minerals
CCK,Crown Holdings Inc.,$99.15,1.33,1.36%,11436743690.00,United States,,1648989,Industrials,Containers/Packaging
CCL,Carnival Corporation Common Stock,$26.89,0.16,0.599%,36463509884.00,United States,1987,21122598,Consumer Discretionary,Marine Transportation
CCLD,CareCloud Inc. Common Stock,$3.37,-0.095,-2.742%,142878021.00,United States,2014,623958,Technology,Computer Software: Prepackaged Software
CCLDO,CareCloud Inc. 8.75% Series B Cumulative Redeemable Perpetual Preferred Stock,$24.04,2.81,13.236%,1019224818.00,United States,,106042,Technology,Computer Software: Prepackaged Software
CCM,Concord Medical Services Holdings Limited American Depositary Shares (Each represents thirty (30) Class A ordinary shares),$5.20,0.2699,5.475%,22576960.00,China,2024,4577,Health Care,Medical/Nursing Services
CCNE,CNB Financial Corporation Common Stock,$24.89,0.12,0.484%,733663614.00,United States,,110298,Finance,Major Banks
CCNEP,CNB Financial Corporation Depositary Shares each representing a 1/40th ownership interest in a share of 7.125% Series A Fixed-Rate Non-Cumulative Perpetual Preferred Stock,$25.15,0.01,0.04%,741327436.00,United States,,524,Finance,Major Banks
CCO,Clear Channel Outdoor Holdings Inc. Common Stock,$1.95,0.07,3.723%,969745111.00,United States,2005,2776855,Consumer Discretionary,Advertising
CCOI,Cogent Communications Holdings Inc.,$22.12,-1.37,-5.832%,1086560037.00,United States,,2784243,Consumer Discretionary,Telecommunications Equipment
CCRN,Cross Country Healthcare Inc. Common Stock $0.0001 Par Value,$12.21,-0.16,-1.293%,400023959.00,United States,2001,227371,Consumer Discretionary,Professional Services
CCS,Century Communities Inc. Common Stock,$59.21,-0.77,-1.284%,1739843752.00,United States,2014,280852,Consumer Discretionary,Homebuilding
CCSI,Consensus Cloud Solutions Inc. Common Stock,$24.59,0.11,0.449%,467352007.00,United States,,231575,Technology,Computer Software: Prepackaged Software
CCTG,CCSC Technology International Holdings Limited Class A Ordinary Shares,$0.3687,0.0347,10.389%,4270007.00,Hong Kong,2024,1433617,Consumer Discretionary,Building Products
CCU,Compania Cervecerias Unidas S.A. Common Stock,$12.49,0.11,0.889%,923018169.00,Chile,,69484,Consumer Staples,Beverages (Production/Distribution)
CCZ,Comcast Holdings ZONES,$63.31,0.00,0.00%,230694961112.00,United States,,3,Telecommunications,Cable & Other Pay Television Services
CDE,Coeur Mining Inc. Common Stock,$14.87,0.18,1.225%,9549779757.00,United States,,24359807,Basic Materials,Precious Metals
CDIO,Cardio Diagnostics Holdings Inc. Common stock,$3.86,0.00,0.00%,6805678.00,United States,2022,15623,Health Care,Biotechnology: In Vitro & In Vivo Diagnostic Substances
CDIOW,Cardio Diagnostics Holdings Inc. Warrant,$0.0208,-0.0001,-0.478%,36673.00,United States,2022,1144,Health Care,Biotechnology: In Vitro & In Vivo Diagnostic Substances
CDLR,Cadeler A/S American Depositary Share (each representing four (4) Ordinary Shares),$17.90,0.82,4.801%,1570535188.00,,2023,218275,Consumer Discretionary,Marine Transportation
CDLX,Cardlytics Inc. Common Stock,$1.43,0.02,1.418%,77300864.00,United States,2018,971226,Technology,Computer Software: Programming Data Processing
CDNA,CareDx Inc. Common Stock,$16.70,1.08,6.914%,858925071.00,United States,2014,1708244,Health Care,Medical Specialities
CDNS,Cadence Design Systems Inc. Common Stock,$328.94,3.89,1.197%,89537796940.00,United States,,2007462,Technology,Computer Software: Prepackaged Software
CDP,COPT Defense Properties Common Shares of Beneficial Interest,$28.90,-0.08,-0.276%,3271786167.00,United States,,606681,Real Estate,Real Estate Investment Trusts
CDR^B,Cedar Realty Trust Inc. 7.25% Series B Cumulative Redeemable Preferred Stock,$18.5125,-0.1175,-0.631%,,United States,,3595,,
CDR^C,Cedar Realty Trust Inc. 6.50% Series C Cumulative Redeemable Preferred Stock,$16.32,-0.093,-0.567%,,United States,,5834,,
CDRE,Cadre Holdings Inc. Common Stock,$43.32,0.38,0.885%,1761557722.00,United States,2021,305649,Health Care,Industrial Specialties
CDRO,Codere Online Luxembourg S.A. Ordinary Shares,$5.55,-0.11,-1.943%,253306518.00,Luxembourg,,28197,Consumer Discretionary,Services-Misc. Amusement & Recreation
CDROW,Codere Online Luxembourg S.A. Warrants,$0.738,0.004,0.545%,33682921.00,Luxembourg,,3000,Consumer Discretionary,Services-Misc. Amusement & Recreation
CDT,CDT Equity Inc. Common Stock,$2.65,0.14,5.578%,3583987.00,United States,2022,41495,Health Care,Biotechnology: Pharmaceutical Preparations
CDTG,CDT Environmental Technology Investment Holdings Limited ordinary shares,$0.6184,-0.0286,-4.42%,7621780.00,China,2024,72162,Industrials,Miscellaneous
CDTTW,CDT Equity Inc. Warrant,$0.0123,-0.0012,-8.889%,16635.00,United States,2022,12007,Health Care,Biotechnology: Pharmaceutical Preparations
CDTX,Cidara Therapeutics Inc. Common Stock,$103.79,-0.60,-0.575%,3263092316.00,United States,2015,849195,Health Care,Biotechnology: Biological Products (No Diagnostic Substances)
CDW,CDW Corporation Common Stock,$143.31,0.86,0.604%,18658053415.00,United States,2013,1573977,Technology,Retail: Computer Software & Peripheral Equipment
CDXS,Codexis Inc. Common Stock,$1.75,0.06,3.55%,158067670.00,United States,2010,1504701,Industrials,Major Chemicals
CDZI,CADIZ Inc. Common Stock,$4.85,-0.05,-1.02%,397792266.00,United States,,1103895,Utilities,Water Supply
CDZIP,Cadiz Inc. Depositary Shares,$19.35,-0.25,-1.276%,1587068114.00,United States,,7879,Utilities,Water Supply
CE,Celanese Corporation Common Stock,$41.29,-0.01,-0.024%,4521408970.00,United States,2005,3963847,Industrials,Major Chemicals
CECO,CECO Environmental Corp. Common Stock,$54.20,0.90,1.689%,1931743880.00,United States,1998,271450,Industrials,Pollution Control Equipment
CEE,The Central and Eastern Europe Fund Inc. (The) Common Stock,$15.72,0.08,0.512%,0.00,United States,,6618,Finance,Finance Companies
CEG,Constellation Energy Corporation Common Stock ,$360.93,2.54,0.709%,112756545628.00,United States,,2435482,Utilities,Electric Utilities: Central
CELC,Celcuity Inc. Common Stock,$76.70,2.18,2.925%,3254128734.00,United States,2017,431562,Health Care,Medical Specialities
CELH,Celsius Holdings Inc. Common Stock,$44.56,3.04,7.322%,11494079776.00,United States,,12616510,Consumer Staples,Beverages (Production/Distribution)
CELU,Celularity Inc. Class A Common Stock,$1.77,-0.01,-0.562%,47243914.00,United States,2019,65450,Health Care,Biotechnology: Pharmaceutical Preparations
CELUW,Celularity Inc. Warrant,$0.0208,-0.0035,-14.403%,555183.00,United States,2019,33050,Health Care,Biotechnology: Pharmaceutical Preparations
CELZ,Creative Medical Technology Holdings Inc. Common Stock,$3.28,0.26,8.609%,8464145.00,United States,,206138,Finance,Finance: Consumer Services
CENN,Cenntro Inc. Common Stock,$0.1674,0.0044,2.699%,8690208.00,New Zealand,,4007245,Industrials,Auto Manufacturing
CENT,Central Garden & Pet Company Common Stock,$31.76,0.34,1.082%,1996785278.00,United States,1993,55982,Consumer Discretionary,Consumer Specialties
CENTA,Central Garden & Pet Company Class A Common Stock Nonvoting,$28.60,0.21,0.74%,1798112688.00,United States,,331571,Consumer Discretionary,Consumer Specialties
CENX,Century Aluminum Company Common Stock,$32.31,-0.74,-2.239%,3015879018.00,United States,1996,2203593,Industrials,Aluminum
CEP,Cantor Equity Partners Inc. Class A Ordinary Shares,$16.03,0.84,5.53%,460644075.00,United States,2024,145146,Finance,Investment Managers
CEPF,Cantor Equity Partners IV Inc. Class A Ordinary Shares,$10.43,-0.01,-0.096%,0.00,United States,2025,5109,Finance,Blank Checks
CEPO,Cantor Equity Partners I Inc. Class A Ordinary Shares,$10.41,-0.03,-0.287%,0.00,United States,2025,376924,Finance,Blank Checks
CEPT,Cantor Equity Partners II Inc. Class A Ordinary Share,$11.41,0.02,0.176%,0.00,United States,2025,199112,Finance,Blank Checks
CEPU,Central Puerto S.A. American Depositary Shares (each represents ten Common Shares),$14.87,0.34,2.34%,2251351101.00,,2018,326257,Utilities,Electric Utilities: Central
CEPV,Cantor Equity Partners V Inc. Class A Ordinary Shares,$10.27,0.00,0.00%,0.00,United States,2025,59736,,
CERS,Cerus Corporation Common Stock,$1.60,-0.11,-6.433%,307340002.00,United States,1997,1433096,Technology,EDP Services
CERT,Certara Inc. Common Stock,$8.62,-0.05,-0.577%,1372936424.00,United States,2020,7075949,Technology,Computer Software: Prepackaged Software
CET,Central Securities Corporation Common Stock,$51.53,0.525,1.029%,12471558556.00,United States,1951,73787,Finance,Finance/Investors Services
CETX,Cemtrex Inc. Common Stock,$4.90,0.38,8.407%,3621036.00,United States,,85403,Technology,Electrical Products
CETY,Clean Energy Technologies Inc. Common Stock,$1.43,0.055,4.00%,6647385.00,United States,,120879,Consumer Discretionary,Metal Fabrications
CEV,Eaton Vance California Municipal Income Trust Shares of Beneficial Interest,$10.47,0.02,0.191%,73641530.00,United States,1999,17193,Finance,Finance/Investors Services
CEVA,CEVA Inc. Common Stock,$26.01,-0.15,-0.573%,621177140.00,United States,,439981,Technology,Computer Software: Programming Data Processing
CF,CF Industries Holdings Inc. Common Stock,$82.85,0.82,1.00%,12922499255.00,United States,2005,2580616,Industrials,Agricultural Chemicals
CFBK,CF Bankshares Inc. Common Stock,$22.41,-0.42,-1.84%,144488632.00,United States,,31046,Finance,Major Banks
CFFI,C&F Financial Corporation Common Stock,$70.59,0.94,1.35%,228586797.00,United States,,3390,Finance,Major Banks
CFFN,Capitol Federal Financial Inc. Common Stock,$6.24,0.045,0.726%,828812806.00,United States,,723374,Finance,Savings Institutions
CFG,Citizens Financial Group Inc. Common Stock,$52.35,0.65,1.257%,22483602099.00,United States,2014,3369310,Finance,Major Banks
CFG^E,Citizens Financial Group Inc. Depositary Shares Each Representing 1/40th Interest in a Share of 5.000% Fixed-Rate Non-Cumulative Perpetual Preferred Stock Series E,$19.70,0.04,0.203%,,United States,,37688,,
CFG^H,Citizens Financial Group Inc. Depositary Shares Each Representing a 1/40th Interest in a Share of 7.375% Fixed-Rate Non-Cumulative Perpetual Preferred Stock Series H,$26.52,0.15,0.569%,,United States,,17147,,
CFG^I,Citizens Financial Group Inc. Depositary Shares Each Representing a 1/40th Interest in a Share of 6.500% Fixed-Rate Reset Non-Cumulative Perpetual Preferred Stock Series I,$25.35,-0.02,-0.079%,,United States,,33467,,
CFLT,Confluent Inc. Class A Common Stock,$23.53,0.85,3.748%,8231325378.00,United States,2021,4959971,Technology,Computer Software: Prepackaged Software
CFND,C1 Fund Inc. Common Stock,$6.85,-0.06,-0.868%,0.00,,2025,17936,,
CFR,Cullen/Frost Bankers Inc. Common Stock,$124.28,-1.45,-1.153%,7946600032.00,United States,,415550,Finance,Major Banks
CFR^B,Cullen/Frost Bankers Inc. Depositary Shares each representing a 1/40th ownership interest in a share of 4.450% non-cumulative perpetual preferred stock Series B,$18.57,0.1673,0.909%,,United States,,6127,,
CG,The Carlyle Group Inc. Common Stock,$52.50,0.42,0.806%,18989507618.00,United States,2012,3113214,Finance,Investment Managers
CGABL,The Carlyle Group Inc. 4.625% Subordinated Notes due 2061,$17.92,0.13,0.731%,6481751933.00,United States,,7202,Finance,Investment Managers
CGAU,Centerra Gold Inc. Common Shares,$12.04,0.63,5.521%,2428842227.00,Canada,2021,1114217,Basic Materials,Precious Metals
CGBD,Carlyle Secured Lending Inc. Common Stock,$11.87,-0.11,-0.918%,865358384.00,United States,2017,643223,Finance,Finance: Consumer Services
CGBDL,Carlyle Secured Lending Inc. 8.20% Notes due 2028,$25.45,0.02,0.079%,1294093256.00,United States,,3725,,
CGC,Canopy Growth Corporation Common Shares,$1.27,0.10,8.547%,337839126.00,Canada,,25917221,Health Care, Medicinal Chemicals and Botanical Products 
CGCT,Cartesian Growth Corporation III Class A Ordinary Shares,$10.13,0.00,0.00%,0.00,United States,2025,169,Finance,Blank Checks
CGCTW,Cartesian Growth Corporation III Warrant,$0.35,0.00,0.00%,0.00,United States,2025,278,Finance,Blank Checks
CGEM,Cullinan Therapeutics Inc. Common Stock,$7.44,0.25,3.477%,439527367.00,United States,2021,631847,Health Care,Biotechnology: Biological Products (No Diagnostic Substances)
CGEN,Compugen Ltd. Ordinary Shares,$1.67,0.05,3.086%,156166680.00,Israel,2000,371018,Health Care,Biotechnology: Biological Products (No Diagnostic Substances)
CGNT,Cognyte Software Ltd. Ordinary Shares,$8.47,0.04,0.474%,609468938.00,Israel,,152376,Technology,Computer Software: Prepackaged Software
CGNX,Cognex Corporation Common Stock,$38.58,-0.69,-1.757%,6465932730.00,United States,1989,2283885,Industrials,Industrial Machinery/Components
CGO,Calamos Global Total Return Fund Common Stock,$11.72,0.17,1.472%,0.00,United States,2005,20658,Finance,Investment Managers
CGON,CG Oncology Inc. Common stock,$40.22,0.54,1.361%,3066677708.00,United States,2024,695991,Health Care,Biotechnology: Biological Products (No Diagnostic Substances)
CGTL,Creative Global Technology Holdings Limited Class A Ordinary Shares,$0.6099,0.0146,2.453%,13074731.00,China,2024,70852,Technology,Retail: Computer Software & Peripheral Equipment
CGTX,Cognition Therapeutics Inc. Common Stock,$1.68,0.02,1.205%,148300753.00,United States,2021,1245355,Health Care,Biotechnology: Biological Products (No Diagnostic Substances)
CHA,Chagee Holdings Limited American Depositary Shares,$14.61,-0.02,-0.137%,1728009219.00,China,2025,985186,Consumer Discretionary,Restaurants
CHAC,Crane Harbor Acquisition Corp. Class A Ordinary Shares,$12.45,-0.03,-0.24%,0.00,United States,2025,473188,,
CHACR,Crane Harbor Acquistion Corp. Rights,$1.10,0.02,1.852%,0.00,United States,2025,629887,Finance,Blank Checks
CHACU,Crane Harbor Acquisition Corp. Units,$13.9495,-1.0305,-6.879%,0.00,United States,2025,2737,,
CHAR,Charlton Aria Acquisition Corporation Class A Ordinary Shares,$10.40,0.01,0.096%,0.00,United States,2024,1087,,
CHARR,Charlton Aria Acquisition Corporation Rights,$0.1808,0.00,0.00%,0.00,United States,2024,1,,
CHARU,Charlton Aria Acquisition Corporation Units,$10.50,0.00,0.00%,0.00,United States,2024,3,,
CHCI,Comstock Holding Companies Inc. Class A Common Stock,$15.835,0.185,1.182%,159480809.00,United States,2004,29549,Finance,Real Estate
CHCO,City Holding Company Common Stock,$120.63,0.34,0.283%,1738115570.00,United States,,77707,Finance,Major Banks
CHCT,Community Healthcare Trust Incorporated Common Stock,$14.68,0.22,1.521%,417960504.00,United States,2015,359258,Real Estate,Real Estate Investment Trusts
CHD,Church & Dwight Company Inc. Common Stock,$84.64,-2.22,-2.556%,20324609209.00,United States,,2799034,Consumer Discretionary,Package Goods/Cosmetics
CHDN,Churchill Downs Incorporated Common Stock,$99.87,2.44,2.504%,7003315339.00,United States,,702640,Consumer Discretionary,Services-Misc. Amusement & Recreation
CHE,Chemed Corp,$435.99,1.38,0.318%,6175447378.00,United States,,202841,Health Care,Medical/Nursing Services
CHECU,Chenghe Acquisition III Co. Units,$10.0442,0.0342,0.342%,0.00,Singapore,2025,96320,Finance,Blank Checks
CHEF,The Chefs' Warehouse Inc. Common Stock,$62.60,0.24,0.385%,2546915367.00,United States,2011,236869,Consumer Discretionary,Food Distributors
CHEK,Check-Cap Ltd. Ordinary Share,$1.69,0.03,1.807%,9888031.00,Israel,2015,149849,Health Care,Medical Electronics
CHGG,Chegg Inc. Common Stock,$0.8901,-0.0008,-0.09%,96421854.00,United States,2013,2252263,Real Estate,Other Consumer Services
CHH,Choice Hotels International Inc. Common Stock,$99.04,0.51,0.518%,4582840087.00,United States,,678840,Consumer Discretionary,Hotels/Resorts
CHI,Calamos Convertible Opportunities and Income Fund Common Stock,$11.15,0.19,1.734%,0.00,United States,2002,209269,Finance,Investment Managers
CHKP,Check Point Software Technologies Ltd. Ordinary Shares,$202.11,1.82,0.909%,21902362184.00,Israel,1996,509766,Technology,Computer Software: Prepackaged Software
CHMG,Chemung Financial Corp Common Stock,$50.56,-0.23,-0.453%,242402285.00,United States,,7633,Finance,Major Banks
CHMI,Cherry Hill Mortgage Investment Corporation Common Stock,$2.28,-0.09,-3.797%,83766147.00,,2013,342894,Real Estate,Real Estate Investment Trusts
CHMI^A,Cherry Hill Mortgage Investment Corporation 8.20% Series A Cumulative Redeemable Preferred Stock,$21.9774,-0.1226,-0.555%,,,,7913,,
CHMI^B,Cherry Hill Mortgage Investment Corporation 8.250% Series B Fixed-to-Floating Rate Cumulative Redeemable Preferred Stock,$23.65,-0.10,-0.421%,,,,4086,,
CHNR,China Natural Resources Inc. Common Stock,$4.13,-0.17,-3.953%,5093203.00,Hong Kong,,26792,Basic Materials,Precious Metals
CHOW,ChowChow Cloud International Holdings Limited Ordinary Shares,$9.48,-0.28,-2.869%,332748000.00,,2025,603043,Technology,Computer Software: Prepackaged Software
CHPG,ChampionsGate Acquisition Corporation Class A Ordinary Share,$10.13,0.00,0.00%,0.00,United States,2025,3,,
CHPGU,ChampionsGate Acquisition Corporation Unit,$10.27,0.00,0.00%,0.00,United States,2025,100,,
CHPT,ChargePoint Holdings Inc. Common Stock,$9.77,0.00,0.00%,228161350.00,United States,2019,218504,Consumer Discretionary,Industrial Specialties
CHR,Cheer Holding Inc. Class A Ordinary Share,$0.056,-0.0071,-11.252%,679592.00,China,2018,41503826,Technology,EDP Services
CHRD,Chord Energy Corporation Common Stock,$87.26,-0.14,-0.16%,4962066078.00,United States,,682407,Energy,Oil & Gas Production
CHRS,Coherus Oncology Inc. Common Stock,$1.26,-0.08,-5.97%,152297476.00,United States,2014,2051032,Health Care,Biotechnology: Biological Products (No Diagnostic Substances)
CHRW,C.H. Robinson Worldwide Inc. Common Stock,$151.72,2.28,1.526%,17923772646.00,United States,1997,1081436,Industrials,Integrated Freight & Logistics
CHSCL,CHS Inc Class B Cumulative Redeemable Preferred Stock Series 4,$25.58,0.0276,0.108%,313917837.00,United States,,14106,Industrials,Farming/Seeds/Milling
CHSCM,CHS Inc Class B Reset Rate Cumulative Redeemable Preferred Stock Series 3,$25.00,-0.02,-0.08%,306800075.00,United States,,10564,Industrials,Farming/Seeds/Milling
CHSCN,CHS Inc Preferred Class B Series 2 Reset Rate,$25.275,0.0557,0.221%,310174876.00,United States,,8848,Industrials,Farming/Seeds/Milling
CHSCO,CHS Inc. Class B Cumulative Redeemable Preferred Stock,$26.6017,-0.0096,-0.036%,326456142.00,United States,,6701,Industrials,Farming/Seeds/Milling
CHSCP,CHS Inc. 8%  Cumulative Redeemable Preferred Stock,$28.3188,0.2088,0.743%,347528399.00,United States,,6455,Industrials,Farming/Seeds/Milling
CHSN,Chanson International Holding Class A Ordinary Shares,$2.40,0.16,7.143%,1298990.00,China,2023,20997,Consumer Staples,Packaged Foods
CHT,Chunghwa Telecom Co. Ltd.,$42.49,0.09,0.212%,32961390391.00,Taiwan,,194440,Telecommunications,Telecommunications Equipment
CHTR,Charter Communications Inc. Class A Common Stock New,$210.45,-9.41,-4.28%,27234201285.00,United States,,1829091,Telecommunications,Cable & Other Pay Television Services
CHW,Calamos Global Dynamic Income Fund Common Stock,$7.53,0.09,1.21%,0.00,United States,2007,247940,Finance,Investment Managers
CHWY,Chewy Inc. Class A Common Stock,$33.81,0.11,0.326%,14025062983.00,United States,2019,7268807,Consumer Discretionary,Catalog/Specialty Distribution
CHY,Calamos Convertible and High Income Fund Common Stock,$11.68,0.12,1.038%,0.00,United States,2003,110688,Finance,Investment Managers
CHYM,Chime Financial Inc. Class A Common Stock,$21.26,0.92,4.523%,7902576434.00,United States,2025,6005046,Finance,Finance: Consumer Services
CI,The Cigna Group Common Stock,$258.16,-6.42,-2.426%,68961200659.00,United States,,2543288,Health Care,Medical Specialities
CIA,Citizens Inc. Class A Common Stock ($1.00 Par),$6.11,0.03,0.493%,307313741.00,United States,1994,116315,Finance,Life Insurance
CIB,Grupo Cibest S.A. American Depositary Shares each representing four Preferred Shares,$63.57,0.35,0.554%,8100480101.00,Colombia,2025,360327,Finance,Commercial Banks
CICB,CION Investment Corporation 7.50% Notes due 2029,$25.35,0.02,0.079%,0.00,United States,2024,26384,Finance,Finance/Investors Services
CIEN,Ciena Corporation Common Stock,$208.74,9.48,4.758%,29444010236.00,United States,1997,3522766,Utilities,Telecommunications Equipment
CIF,MFS Intermediate High Income Fund Common Stock,$1.73,0.01,0.581%,0.00,United States,,26494,Finance,Trusts Except Educational Religious and Charitable
CIFR,Cipher Mining Inc. Common Stock,$19.65,-1.04,-5.027%,7763558861.00,United States,2020,40576386,Finance,Finance: Consumer Services
CIFRW,Cipher Mining Inc. Warrant,$8.47,-1.62,-16.056%,3346429697.00,United States,2020,437803,Finance,Finance: Consumer Services
CIG,Comp En De Mn Cemig ADS American Depositary Shares,$2.19,0.02,0.922%,6267302350.00,Brazil,,2914385,Utilities,Electric Utilities: Central
CIGI,Colliers International Group Inc. Subordinate Voting Shares,$151.25,-0.265,-0.175%,7643087966.00,Canada,,62628,Finance,Real Estate
CIGL,Concorde International Group Ltd Class A Ordinary Shares,$2.53,0.02,0.797%,56485757.00,Singapore,2025,3819,Consumer Discretionary,Diversified Commercial Services
CII,BlackRock Enhanced Large Cap Core Fund Inc. Common Stock,$24.28,0.50,2.103%,3611952796.00,United States,2004,86537,Finance,Investment Bankers/Brokers/Service
CIIT,Tianci International Inc. Common Stock,$0.6034,-0.0171,-2.756%,9975290.00,Hong Kong,,402770,Energy,Oil & Gas Production
CIK,Credit Suisse Asset Management Income Fund Inc. Common Stock,$2.85,0.01,0.352%,0.00,United States,,654805,Finance,Finance/Investors Services
CIM,Chimera Investment Corporation Common Stock,$12.02,-0.18,-1.475%,999479912.00,United States,2007,825603,Real Estate,Real Estate Investment Trusts
CIM^A,Chimera Investment Corporation 8.00% Series A Cumulative Redeemable Preferred Stock,$22.20,0.04,0.181%,,United States,,8975,,
CIM^B,Chimera Investment Corporation 8.00% Series B Fixed-to-Floating Rate Cumulative Redeemable Preferred Stock,$24.1495,0.0995,0.414%,,United States,,12389,,
CIM^C,Chimera Investment Corporation 7.75% Series C Fixed-to-Floating Rate  Cumulative Redeemable  Preferred Stock,$22.44,-0.02,-0.089%,,United States,,11155,,
CIM^D,Chimera Investment Corporation 8.00% Series D Fixed-to-Floating Rate Cumulative Redeemable Preferred Stock,$24.09,0.05,0.208%,,United States,,5162,,
CIMN,Chimera Investment Corporation 9.000% Senior Notes due 2029,$25.09,-0.07,-0.278%,2020515163.00,United States,2024,13885,Real Estate,Real Estate Investment Trusts
CIMO,Chimera Investment Corporation 9.250% Senior Notes due 2029,$25.28,0.13,0.517%,0.00,United States,2024,7902,Real Estate,Real Estate Investment Trusts
CIMP,Chimera Investment Corporation 8.875% Senior Notes due 2030,$25.10,-0.02,-0.08%,0.00,United States,2025,11720,Real Estate,Real Estate Investment Trusts
CINF,Cincinnati Financial Corporation Common Stock,$166.40,1.76,1.069%,25961480563.00,United States,,431068,Finance,Property-Casualty Insurers
CING,Cingulate Inc. Common Stock,$3.63,-0.10,-2.681%,19647458.00,United States,2021,198600,Health Care,Biotechnology: Pharmaceutical Preparations
CINGW,Cingulate Inc. Warrants,$0.0412,0.0013,3.258%,222996.00,United States,2021,5525,Health Care,Biotechnology: Pharmaceutical Preparations
CINT,CI&T Inc Class A Common Shares,$4.53,0.03,0.667%,610110620.00,,2021,116020,Technology,EDP Services
CIO,City Office REIT Inc. Common Stock,$6.91,0.01,0.145%,278912752.00,Canada,2014,204173,Real Estate,Real Estate Investment Trusts
CIO^A,City Office REIT Inc. 6.625% Series A Cumulative Redeemable Preferred Stock,$24.95,0.12,0.483%,,Canada,,15883,,
CION,CION Investment Corporation Common Stock,$9.61,-0.01,-0.104%,496557801.00,United States,2021,262652,Finance,Finance/Investors Services
CISO,CISO Global Inc. Common Stock,$1.01,0.0371,3.813%,33742186.00,United States,,283142,Consumer Discretionary,Professional Services
CISS,C3is Inc. Common Stock,$1.95,-0.03,-1.515%,1522498.00,Greece,,47726,Consumer Discretionary,Marine Transportation
CIVB,Civista Bancshares Inc. Common Stock,$21.98,0.11,0.503%,424497080.00,United States,,44573,Finance,Major Banks
CIVI,Civitas Resources Inc. Common Stock,$27.46,0.18,0.66%,2342425295.00,United States,2017,1713127,Energy,Oil & Gas Production
CIX,CompX International Inc. Common Stock,$21.77,0.16,0.74%,268272951.00,United States,1998,4486,Consumer Discretionary,Industrial Machinery/Components
CJET,Chijet Motor Company Inc. Class A Ordinary Shares,$2.5425,0.0425,1.70%,1919404.00,Cayman Islands,,57587,Industrials,Auto Manufacturing
CJMB,Callan JMB Inc. Common Stock,$3.89,-0.10,-2.506%,17431358.00,United States,2025,1797,Real Estate,Real Estate
CKX,CKX Lands Inc. Common Stock,$10.8754,0.2755,2.599%,22328599.00,United States,2003,6931,Energy,Oil & Gas Production
CL,Colgate-Palmolive Company Common Stock,$78.47,-0.29,-0.368%,63251915999.00,United States,,6801064,Consumer Discretionary,Package Goods/Cosmetics
CLAR,Clarus Corporation Common Stock,$3.60,-0.07,-1.907%,138246566.00,United States,,113306,Consumer Discretionary,Recreational Games/Products/Toys
CLB,Core Laboratories Inc. Common Stock,$15.46,0.11,0.717%,719869963.00,Netherlands,2023,385966,Energy,Oilfield Services/Equipment
CLBK,Columbia Financial Inc. Common Stock,$15.42,0.19,1.248%,1617976453.00,United States,2018,148511,Finance,Savings Institutions
CLBT,Cellebrite DI Ltd. Ordinary Shares,$15.61,0.21,1.364%,3738127668.00,Israel,,1134025,Technology,Computer Software: Prepackaged Software
CLCO,Cool Company Ltd. Common Shares,$9.72,0.01,0.103%,522223699.00,,2023,37925,Consumer Discretionary,Marine Transportation
CLDI,Calidi Biotherapeutics Inc. Common Stock,$1.39,-0.04,-2.797%,4762704.00,,2021,211238,Health Care,Biotechnology: Biological Products (No Diagnostic Substances)
CLDT,Chatham Lodging Trust (REIT) Common Shares of Beneficial Interest,$6.74,0.12,1.813%,326997840.00,United States,2010,300743,Real Estate,Real Estate Investment Trusts
CLDT^A,Chatham Lodging Trust (REIT) 6.625% Series A Cumulative Redeemable Preferred Shares of Beneficial Interest,$20.00,0.0216,0.108%,,United States,,10405,,
CLDX,Celldex Therapeutics Inc.,$22.67,-0.23,-1.004%,1505436352.00,United States,,1383948,Health Care,Biotechnology: In Vitro & In Vivo Diagnostic Substances
CLF,Cleveland-Cliffs Inc. Common Stock,$10.32,-0.11,-1.055%,5105381070.00,United States,,14210451,Basic Materials,Metal Mining
CLFD,Clearfield Inc. Common Stock,$32.91,1.06,3.328%,454357073.00,United States,,81610,Utilities,Telecommunications Equipment
CLGN,CollPlant Biotechnologies Ltd Ordinary Shares,$1.96,-0.03,-1.508%,22450844.00,Israel,,35804,Health Care,Industrial Specialties
CLH,Clean Harbors Inc. Common Stock,$207.02,-0.91,-0.438%,11061458482.00,United States,,614793,Industrials,Environmental Services
CLIK,Click Holdings Limited Class A Ordinary Share,$6.85,-0.06,-0.868%,7845997.00,Hong Kong,2024,25974,Consumer Discretionary,Diversified Commercial Services
CLIR,ClearSign Technologies Corporation Common Stock (DE),$0.9273,-0.0027,-0.29%,48614891.00,United States,2012,42280,Industrials,Industrial Machinery/Components
CLLS,Cellectis S.A. American Depositary Shares,$3.55,0.36,11.285%,255933249.00,France,2015,192994,Health Care,Biotechnology: Pharmaceutical Preparations
CLM,Cornerstone Strategic Investment Fund Inc. Common Shares,$8.30,0.13,1.591%,0.00,United States,2003,1304916,Finance,Finance/Investors Services
CLMB,Climb Global Solutions Inc. Common Stock,$107.62,-2.74,-2.483%,496499059.00,United States,,36468,Technology,Retail: Computer Software & Peripheral Equipment
CLMT,Calumet Inc. Common Stock,$19.15,-0.04,-0.208%,1661305185.00,United States,2006,1215608,Energy,Integrated oil Companies
CLNE,Clean Energy Fuels Corp. Common Stock,$2.35,-0.04,-1.674%,515357348.00,United States,2007,1310952,Utilities,Natural Gas Distribution
CLNN,Clene Inc. Common Stock,$10.09,0.305,3.117%,100804831.00,United States,,53020,Health Care,Biotechnology: Pharmaceutical Preparations
CLNNW,Clene Inc. Warrant,$0.0085,-0.0004,-4.494%,84920.00,United States,,32564,Health Care,Biotechnology: Pharmaceutical Preparations
CLOV,Clover Health Investments Corp. Class A Common Stock,$2.60,-0.07,-2.622%,1332532633.00,United States,,7125417,Health Care,Medical Specialities
CLPR,Clipper Realty Inc. Common Stock,$3.76,0.04,1.075%,60711013.00,United States,2017,32823,Real Estate,Real Estate Investment Trusts
CLPS,CLPS Incorporation Common Stock,$0.876,-0.0041,-0.466%,26055264.00,China,2018,12376,Technology,Computer Software: Prepackaged Software
CLPT,ClearPoint Neuro Inc. Common Stock,$16.53,0.72,4.554%,469837281.00,United States,,1041968,Health Care,Medical/Dental Instruments
CLRB,Cellectar Biosciences Inc.  Common Stock,$3.54,0.15,4.425%,11299822.00,United States,,55620,Health Care,Biotechnology: Pharmaceutical Preparations
CLRO,ClearOne Inc. (DE) Common Stock,$5.031,0.051,1.024%,8725007.00,United States,,6609,Utilities,Telecommunications Equipment
CLS,Celestica Inc. Common Stock,$344.61,22.51,6.989%,39642769963.00,Canada,1998,2308508,Technology,Electrical Products
CLSD,Clearside Biomedical Inc. Common Stock,$3.68,-0.04,-1.075%,19261197.00,United States,2016,64202,Health Care,Biotechnology: Pharmaceutical Preparations
CLSK,CleanSpark Inc. Common Stock,$15.03,-0.54,-3.468%,4224683231.00,United States,,19990463,Finance,Finance: Consumer Services
CLSKW,CleanSpark Inc. Warrant,$0.5402,-0.0397,-6.846%,151841243.00,United States,,238465,Finance,Finance: Consumer Services
CLST,Catalyst Bancorp Inc. Common Stock,$14.56,0.00,0.00%,60260418.00,United States,2021,4102,Finance,Savings Institutions
CLVT,Clarivate Plc Ordinary Shares,$3.48,0.03,0.87%,2301794040.00,United Kingdom,2019,4746964,Technology,EDP Services
CLW,Clearwater Paper Corporation Common Stock,$17.87,-0.21,-1.162%,286605082.00,United States,,158322,Basic Materials,Paper
CLWT,Euro Tech Holdings Company Limited Common Stock,$1.1468,-0.0332,-2.814%,8734997.00,Hong Kong,1997,2928,Consumer Discretionary,Professional and commerical equipment
CLX,Clorox Company (The) Common Stock,$104.69,-2.67,-2.487%,12770125878.00,United States,,2456455,Consumer Discretionary,Specialty Chemicals
CLYM,Climb Bio Inc. Common Stock,$1.80,-0.03,-1.639%,122731983.00,United States,2021,315549,Health Care,Biotechnology: Pharmaceutical Preparations
CM,Canadian Imperial Bank of Commerce Common Stock,$85.69,0.97,1.145%,79644629712.00,Canada,,711493,Finance,Commercial Banks
CMA,Comerica Incorporated Common Stock,$79.16,0.27,0.342%,10112107620.00,United States,,1941778,Finance,Major Banks
CMA^B,Comerica Incorporated Depositary Shares each representing a 1/40th interest in a share of 6.875% Fixed-Rate Reset Non-Cumulative Perpetual Preferred Stock Series B,$25.82,0.02,0.078%,,United States,,44158,,
CMBM,Cambium Networks Corporation Ordinary Shares,$2.28,-0.23,-9.163%,64395882.00,Cayman Islands,2019,3620686,Technology,Radio And Television Broadcasting And Communications Equipment
CMBT,CMB.TECH NV Ordinary Shares,$9.70,0.21,2.213%,2134239716.00,,2015,2573656,Consumer Discretionary,Marine Transportation
CMC,Commercial Metals Company Common Stock,$59.73,0.96,1.633%,6628123598.00,United States,,1033386,Industrials,Steel/Iron Ore
CMCL,Caledonia Mining Corporation Plc Common Shares,$28.71,1.38,5.049%,553953249.00,Canada,,374449,Basic Materials,Precious Metals
CMCM,Cheetah Mobile Inc. American Depositary Shares each representing fifty (50) Class A Ordinary Shares,$7.39,0.13,1.791%,5670104002.00,China,2022,8359,Technology,Computer Software: Prepackaged Software
CMCO,Columbus McKinnon Corporation Common Stock,$15.82,0.17,1.086%,454481089.00,United States,1996,296140,Industrials,Construction/Ag Equipment/Trucks
CMCSA,Comcast Corporation Class A Common Stock,$27.12,-0.23,-0.841%,98822418976.00,United States,,55467111,Telecommunications,Cable & Other Pay Television Services
CMCT,Creative Media & Community Trust Corporation Common stock,$4.80,-0.08,-1.639%,3622114.00,United States,,10519,Real Estate,Real Estate Investment Trusts
CMDB,Costamare Bulkers Holdings Limited Common Stock,$12.92,0.26,2.054%,312712385.00,,2025,23430,Consumer Discretionary,Marine Transportation
CME,CME Group Inc. Class A Common Stock,$277.28,0.78,0.282%,99986238280.00,United States,2002,1429053,Finance,Investment Bankers/Brokers/Service
CMG,Chipotle Mexican Grill Inc. Common Stock,$30.48,-0.11,-0.36%,40303033440.00,United States,2006,30278758,Consumer Discretionary,Restaurants
CMI,Cummins Inc. Common Stock,$484.34,11.00,2.324%,66856478778.00,United States,,971910,Industrials,Industrial Machinery/Components
CMMB,Chemomab Therapeutics Ltd. American Depositary Share,$2.70,0.06,2.273%,14015905.00,Israel,2019,134750,Health Care,Biotechnology: Pharmaceutical Preparations
CMND,Clearmind Medicine Inc. Common Shares,$0.6788,-0.0054,-0.789%,3651565.00,Canada,,350783,Health Care,Biotechnology: Pharmaceutical Preparations
CMP,Compass Minerals Intl Inc Common Stock,$17.61,0.44,2.563%,734137250.00,United States,2003,299000,Industrials,Mining & Quarrying of Nonmetallic Minerals (No Fuels)
CMPO,CompoSecure Inc. Class A Common Stock,$21.01,0.31,1.498%,2630354640.00,United States,,684432,Finance,Finance: Consumer Services
CMPOW,CompoSecure Inc. Warrant,$12.65,0.1141,0.91%,1583721380.00,United States,2020,2118,Finance,Finance: Consumer Services
CMPR,Cimpress plc Ordinary Shares (Ireland),$65.28,4.07,6.649%,1610574060.00,Netherlands,2005,192490,Consumer Discretionary,Publishing
CMPS,COMPASS Pathways Plc American Depository Shares,$5.74,0.29,5.321%,551137833.00,United Kingdom,2020,1741757,Health Care,Biotechnology: Pharmaceutical Preparations
CMPX,Compass Therapeutics Inc. Common Stock,$4.28,0.05,1.182%,761249797.00,United States,,2333238,Health Care,Biotechnology: Biological Products (No Diagnostic Substances)
CMRC,Commerce.com Inc. Series 1 Common Stock,$5.00,0.38,8.225%,406316730.00,United States,2020,1175491,Technology,Computer Software: Prepackaged Software
CMRE,Costamare Inc. Common Stock $0.0001 par value,$14.00,0.58,4.322%,1679460846.00,Greece,2010,604913,Consumer Discretionary,Marine Transportation
CMRE^B,Costamare Inc. Perpetual Preferred Stock Series B (Marshall Islands),$25.7816,0.4816,1.904%,,Greece,,841,,
CMRE^C,Costamare Inc. Perpetual Preferred Series C (Marshall Islands),$26.30,0.032,0.122%,,Greece,,13436,,
CMRE^D,Costamare Inc. 8.75% Series D Cumulative Redeemable Perpetual Preferred Stock,$27.2399,0.0951,0.35%,,Greece,,4715,,
CMS,CMS Energy Corporation Common Stock,$74.06,0.83,1.133%,22537921796.00,United States,,3147132,Utilities,Power Generation
CMS^B,CMS Energy Corporation Preferred Stock,$81.49,0.0417,0.051%,,United States,,137,,
CMS^C,CMS Energy Corporation Depositary Shares each representing a 1/1000th interest in a share of 4.200% Cumulative Redeemable Perpetual Preferred Stock Series C,$18.84,-0.03,-0.159%,,United States,,12853,,
CMSA,CMS Energy Corporation 5.625% Junior Subordinated Notes due 2078,$23.25,0.22,0.955%,6959549468.00,United States,2018,11960,Utilities,Power Generation
CMSC,CMS Energy Corporation 5.875% Junior Subordinated Notes due 2078,$23.89,0.04,0.168%,7151124163.00,United States,2018,15040,Utilities,Power Generation
CMSD,CMS Energy Corporation 5.875% Junior Subordinated Notes due 2079,$24.16,0.06,0.249%,7231944738.00,United States,2019,34807,Utilities,Power Generation
CMT,Core Molding Technologies Inc Common Stock,$19.73,0.49,2.547%,174766505.00,United States,1996,28793,Industrials,Plastic Products
CMTG,Claros Mortgage Trust Inc. Common Stock,$3.05,-0.21,-6.442%,427667230.00,United States,2021,598575,Finance,Real Estate
CMTL,Comtech Telecommunications Corp. Common Stock,$3.00,-0.04,-1.316%,88185789.00,United States,,1721355,Technology,Radio And Television Broadcasting And Communications Equipment
CMU,MFS Municipal Income Trust Common Stock,$3.53,0.03,0.857%,99988358.00,United States,1987,66189,Finance,Investment Managers
CNA,CNA Financial Corporation Common Stock,$45.34,0.11,0.243%,12272022919.00,United States,,362368,Finance,Property-Casualty Insurers
CNC,Centene Corporation Common Stock,$34.25,-3.31,-8.813%,16834491500.00,United States,,17705846,Health Care,Medical Specialities
CNCK,Coincheck Group N.V. Ordinary Shares,$3.585,0.04,1.128%,468970076.00,Netherlands,,11020,Finance,Finance: Consumer Services
CNCKW,Coincheck Group N.V. Warrants,$0.61,0.00,0.00%,79796861.00,Netherlands,,39,Finance,Finance: Consumer Services
CNDT,Conduent Incorporated Common Stock ,$1.86,0.08,4.494%,293831681.00,United States,,1604663,Real Estate,Real Estate
CNET,ZW Data Action Technologies Inc. Common Stock,$1.91,0.00,0.00%,5079891.00,China,,320,Technology,Computer Software: Programming Data Processing
CNEY,CN Energy Group Inc. Class A Ordinary Shares,$1.73,-0.02,-1.143%,5207300.00,China,2021,2317,Industrials,Major Chemicals
CNF,CNFinance Holdings Limited American Depositary Shares each representing two hundred (200) Ordinary Shares,$5.00,0.10,2.041%,34291080.00,,,12728,Finance,Finance: Consumer Services
CNH,CNH Industrial N.V. Common Shares,$9.63,-0.03,-0.311%,12045397082.00,United Kingdom,2013,10777330,Industrials,Construction/Ag Equipment/Trucks
CNI,Canadian National Railway Company Common Stock,$94.51,-0.52,-0.547%,58170905000.00,Canada,,1343314,Industrials,Railroads
CNK,Cinemark Holdings Inc Cinemark Holdings Inc. Common Stock,$30.09,1.51,5.283%,3534849891.00,United States,2007,3500504,Consumer Discretionary,Movies/Entertainment
CNL,Collective Mining Ltd. Common Shares,$10.88,0.35,3.324%,923211803.00,,2024,87999,,
CNM,Core & Main Inc. Class A Common Stock,$50.86,-0.04,-0.079%,10041037789.00,United States,2021,1224531,Consumer Discretionary,Durable Goods
CNMD,CONMED Corporation Common Stock,$43.95,-0.02,-0.045%,1361041578.00,United States,1987,448840,Health Care,Biotechnology: Electromedical & Electrotherapeutic Apparatus
CNNE,Cannae Holdings Inc. Common Stock,$17.24,-0.12,-0.691%,965695411.00,United States,2017,784721,Consumer Discretionary,Restaurants
CNO,CNO Financial Group Inc. Common Stock,$40.91,-0.34,-0.824%,3900912176.00,United States,,586608,Finance,Accident &Health Insurance
CNO^A,CNO Financial Group Inc. 5.125% Subordinated Debentures due 2060,$19.6967,0.3367,1.739%,,United States,,1293,,
CNOB,ConnectOne Bancorp Inc. Common Stock,$24.68,0.34,1.397%,1240739837.00,United States,,187445,Finance,Major Banks
CNOBP,ConnectOne Bancorp Inc. Depositary Shares each representing a 1/40th interest in a share of 5.25% Fixed-Rate Reset Non-Cumulative Perpetual Preferred Stock Series A,$24.12,0.00,0.00%,1212586907.00,United States,,70,Finance,Major Banks
CNP,CenterPoint Energy Inc (Holding Co) Common Stock,$39.48,0.07,0.178%,25775239418.00,United States,,3565976,Utilities,Electric Utilities: Central
CNQ,Canadian Natural Resources Limited Common Stock,$31.99,0.33,1.042%,66638592930.00,Canada,,6083077,Energy,Oil & Gas Production
CNR,Core Natural Resources Inc. Common Stock,$88.16,-1.25,-1.398%,4517271675.00,United States,2017,766481,Energy,Coal Mining
CNS,Cohen & Steers Inc Common Stock,$66.96,-1.54,-2.248%,3415464945.00,United States,2004,180614,Finance,Investment Managers
CNSP,CNS Pharmaceuticals Inc. Common Stock,$6.49,-0.08,-1.218%,3729024.00,United States,2019,114113,Health Care,Biotechnology: Pharmaceutical Preparations
CNTA,Centessa Pharmaceuticals plc American Depositary Shares,$22.33,0.21,0.949%,3002220178.00,United Kingdom,2021,1910699,Health Care,Biotechnology: Pharmaceutical Preparations
CNTB,Connect Biopharma Holdings Limited Ordinary Shares,$1.52,-0.03,-1.935%,84696919.00,China,2021,46311,Health Care,Biotechnology: Pharmaceutical Preparations
CNTX,Context Therapeutics Inc. Common Stock,$1.20,0.08,7.143%,110255012.00,United States,2021,229838,Health Care,Biotechnology: Pharmaceutical Preparations
CNTY,Century Casinos Inc. Common Stock,$1.61,-0.11,-6.395%,48332838.00,United States,,380647,Consumer Discretionary,Hotels/Resorts
CNVS,Cineverse Corp. Class A Common Stock,$2.59,0.00,0.00%,49404934.00,United States,,165100,Consumer Discretionary,Consumer Electronics/Video Chains
CNX,CNX Resources Corporation Common Stock,$36.56,1.43,4.071%,4929481976.00,United States,1999,2091885,Energy,Oil & Gas Production
CNXC,Concentrix Corporation Common Stock,$34.51,-0.25,-0.719%,2148504220.00,United States,,952433,Technology,Computer Software: Prepackaged Software
CNXN,PC Connection Inc. Common Stock,$58.18,0.25,0.432%,1468767132.00,United States,,68131,Consumer Discretionary,Catalog/Specialty Distribution
COCH,Envoy Medical Inc. Class A Common Stock,$0.70,-0.0024,-0.342%,15064652.00,United States,2021,235885,Health Care,Industrial Specialties
COCHW,Envoy Medical Inc Warrant,$0.0401,0.0048,13.598%,862989.00,United States,2021,166045,Health Care,Industrial Specialties
COCO,The Vita Coco Company Inc. Common Stock,$41.70,-0.41,-0.974%,2374742359.00,United States,2021,490982,Consumer Staples,Beverages (Production/Distribution)
COCP,Cocrystal Pharma Inc. Common Stock,$1.06,-0.04,-3.636%,10874398.00,United States,,77100,Health Care,Biotechnology: Pharmaceutical Preparations
CODA,Coda Octopus Group Inc. Common stock,$9.05,-0.05,-0.549%,101802246.00,United States,,65454,Industrials,Industrial Machinery/Components
CODI,D/B/A Compass Diversified Holdings Shares of Beneficial Interest,$5.98,0.03,0.504%,449911077.00,United States,2006,944700,Consumer Discretionary,Home Furnishings
CODI^A,Compass Diversified Holdings 7.250% Series A Preferred Shares representing beneficial interest in Compass Diversified Holdings,$16.12,-0.5101,-3.067%,,United States,,10412,,
CODI^B,Compass Diversified Holdings 7.875% Series B Fixed-to-Floating Rate Cumulative Preferred Shares representing beneficial interests in Compass Diversified Holdings,$18.08,-0.405,-2.191%,,United States,,23109,,
CODI^C,Compass Diversified Holdings 7.875% Series C Cumulative Preferred Shares,$18.045,-0.4028,-2.183%,,United States,,38332,,
CODX,Co-Diagnostics Inc. Common Stock,$0.3904,-0.0157,-3.866%,15039606.00,United States,2017,2126410,Health Care,Medical/Dental Instruments
COE,51Talk Online Education Group American depositary shares each representing 60 Class A ordinary shares,$44.80,-0.24,-0.533%,262504480.00,China,2016,4528,Real Estate,Other Consumer Services
COEP,Coeptis Therapeutics Holdings Inc. Common Stock,$14.52,0.81,5.908%,69991003.00,United States,2020,39989,Health Care,Biotechnology: Biological Products (No Diagnostic Substances)
COEPW,Coeptis Therapeutics Holdings Inc. Warrants,$0.0138,-0.0042,-23.333%,66520.00,United States,2020,43451,Health Care,Biotechnology: Biological Products (No Diagnostic Substances)
COF,Capital One Financial Corporation Common Stock,$220.36,2.54,1.166%,140090257198.00,United States,1994,3135304,Finance,Major Banks
COF^I,Capital One Financial Corporation Depositary shares each representing a 1/40th interest in a share of Fixed Rate Non-Cumulative Perpetual Preferred Stock Series I of the Issuer,$20.06,0.15,0.753%,,United States,,80788,,
COF^J,Capital One Financial Corporation Depositary Shares Each Representing a 1/40th Interest in a Share of Fixed Rate Non- Cumulative Perpetual Preferred Stock Series J,$19.19,0.12,0.629%,,United States,,78429,,
COF^K,Capital One Financial Corporation Depositary Shares Each Representing a 1/40th Ownership Interest in a Share of Fixed Rate Non-Cumulative Perpetual Preferred Stock Series K,$18.56,0.26,1.421%,,United States,,5543,,
COF^L,Capital One Financial Corporation Depositary Shares Each Representing a 1/40th Interest in a Share of Fixed Rate Non-Cumulative Perpetual Preferred Stock Series L,$17.48,0.19,1.099%,,United States,,32376,,
COF^N,Capital One Financial Corporation Depositary Shares Each Representing a 1/40th Ownership Interest in a Share of Fixed Rate Non-Cumulative Perpetual Preferred Stock Series N,$17.45,0.225,1.306%,,United States,,9489,,
COFS,ChoiceOne Financial Services Inc. Common Stock,$29.33,-0.04,-0.136%,440389950.00,United States,,114289,Finance,Major Banks
COGT,Cogent Biosciences Inc. Common Stock,$32.46,17.64,119.028%,4534687838.00,United States,2018,23281052,Health Care,Biotechnology: Pharmaceutical Preparations
COHN,Cohen & Company Inc.,$11.75,2.19,22.908%,23921390.00,United States,,119172,Finance,Investment Bankers/Brokers/Service
COHR,Coherent Corp. Common Stock,$166.72,12.21,7.902%,26200650026.00,United States,,6872389,Technology,Electronic Components
COHU,Cohu Inc. Common Stock,$24.32,0.39,1.63%,1135564445.00,United States,,1074738,Industrials,Electrical Products
COIN,Coinbase Global Inc. Class A Common Stock,$317.93,8.79,2.843%,85727857785.00,United States,,8929698,Finance,Finance: Consumer Services
COKE,Coca-Cola Consolidated Inc. Common Stock,$145.48,7.70,5.589%,12431183949.00,United States,1972,756148,Consumer Staples,Beverages (Production/Distribution)
COLA,Columbus Acquisition Corp Ordinary Shares,$10.39,0.12,1.168%,0.00,Singapore,2025,2072374,,
COLAR,Columbus Acquisition Corp Rights,$0.4299,0.2399,126.263%,0.00,Singapore,2025,1793135,,
COLAU,Columbus Acquisition Corp Unit,$10.60,-0.05,-0.469%,0.00,Singapore,2025,884,,
COLB,Columbia Banking System Inc. Common Stock,$27.11,0.18,0.668%,8109169659.00,United States,1992,2573403,Finance,Major Banks
COLD,Americold Realty Trust Inc. Common Stock,$11.29,-0.46,-3.915%,3216007068.00,United States,2018,7362419,Real Estate,Real Estate Investment Trusts
COLL,Collegium Pharmaceutical Inc. Common Stock,$43.53,1.23,2.908%,1376025785.00,United States,2015,751703,Health Care,Biotechnology: Pharmaceutical Preparations
COLM,Columbia Sportswear Company Common Stock,$51.06,-0.61,-1.181%,2751566826.00,United States,1998,655678,Consumer Discretionary,Apparel
COMM,CommScope Holding Company Inc. Common Stock,$16.79,0.14,0.841%,3719802791.00,United States,2013,4519293,Technology,Radio And Television Broadcasting And Communications Equipment
COMP,Compass Inc. Class A Common Stock,$8.79,0.24,2.807%,4931730163.00,United States,2021,8370295,Technology,EDP Services
CON,Concentra Group Holdings Parent Inc. Common Stock,$19.26,-0.08,-0.414%,2468558091.00,United States,2024,1708937,Health Care,Medical Specialities
COO,The Cooper Companies Inc. Common Stock,$70.72,0.62,0.884%,14059766893.00,United States,,1640697,Health Care,Ophthalmic Goods
COOK,Traeger Inc. Common Stock,$0.9092,0.0991,12.233%,124584327.00,United States,2021,687404,Consumer Discretionary,Consumer Electronics/Appliances
COOT,Australian Oilseeds Holdings Limited Ordinary Shares,$1.31,0.00,0.00%,36547085.00,Australia,,93543,Consumer Staples,Packaged Foods
COOTW,Australian Oilseeds Holdings Limited Warrant,$0.032,0.0009,2.894%,892753.00,Australia,,2450,Consumer Staples,Packaged Foods
COP,ConocoPhillips Common Stock,$88.23,1.40,1.612%,109027421198.00,United States,,6066287,Energy,Integrated oil Companies
COPL,Copley Acquisition Corp Ordinary Shares,$10.185,0.015,0.147%,0.00,,2025,200,,
COR,Cencora Inc. Common Stock,$364.65,3.95,1.095%,70697569307.00,United States,,1390504,Health Care,Other Pharmaceuticals
CORT,Corcept Therapeutics Incorporated Common Stock,$75.49,1.77,2.401%,7940658501.00,United States,2004,1254042,Health Care,Biotechnology: Pharmaceutical Preparations
CORZ,Core Scientific Inc. Common Stock,$19.29,-0.90,-4.458%,5981082477.00,United States,,13927342,Finance,Finance: Consumer Services
CORZW,Core Scientific Inc. Tranche 1 Warrants,$12.74,-0.91,-6.667%,3950180962.00,United States,,411961,Finance,Finance: Consumer Services
CORZZ,Core Scientific Inc. Tranche 2 Warrants,$19.27,-0.96,-4.745%,5974881251.00,United States,,30241,Finance,Finance: Consumer Services
COSM,Cosmos Health Inc. Common Stock,$0.7294,0.0394,5.71%,22038001.00,United States,,272319,Health Care,Other Pharmaceuticals
COSO,CoastalSouth Bancshares Inc. Common Stock,$21.28,0.04,0.188%,254911439.00,United States,2025,14487,Finance,Major Banks
COST,Costco Wholesale Corporation Common Stock,$915.56,-7.18,-0.778%,405757126379.00,United States,,2610498,Consumer Discretionary,Department/Specialty Retail Stores
COTY,Coty Inc. Class A Common Stock,$3.55,-0.20,-5.333%,3104892750.00,United States,2013,11380770,Consumer Discretionary,Package Goods/Cosmetics
COUR,Coursera Inc. Common Stock,$8.34,0.09,1.091%,1387776000.00,United States,2021,2423228,Technology,Computer Software: Prepackaged Software
COYA,Coya Therapeutics Inc. Common Stock,$5.95,0.19,3.299%,99514232.00,United States,2022,103499,Health Care,Biotechnology: Pharmaceutical Preparations
CP,Canadian Pacific Kansas City Limited Common Shares,$71.00,0.11,0.155%,63959018608.00,Canada,,2996189,Industrials,Railroads
CPA,Copa Holdings S.A. Class A Common Stock,$125.40,0.17,0.136%,5163088682.00,Panama,2005,198203,Consumer Discretionary,Air Freight/Delivery Services
CPAC,Cementos Pacasmayo S.A.A. American Depositary Shares (Each representing five Common Shares),$7.29,-0.01,-0.137%,618000200.00,Peru,,49354,Industrials,Building Materials
CPAY,Corpay Inc. Common Stock,$281.08,4.55,1.645%,19848290774.00,United States,,555988,Real Estate,Real Estate
CPB,The Campbell's Company Common Stock,$30.64,-0.10,-0.325%,9130490966.00,United States,,3581560,Consumer Staples,Packaged Foods
CPBI,Central Plains Bancshares Inc. Common Stock,$16.0346,0.0546,0.342%,67655157.00,United States,2023,2241,Finance,Savings Institutions
CPF,Central Pacific Financial Corp New,$29.52,0.15,0.511%,791948154.00,United States,,104196,Finance,Major Banks
CPHC,Canterbury Park Holding Corporation 'New' Common Stock,$15.75,0.07,0.446%,80104941.00,United States,,250,Consumer Discretionary,Services-Misc. Amusement & Recreation
CPHI,China Pharma Holdings Inc. Common Stock,$1.53,-0.02,-1.29%,4990863.00,China,,8880,Health Care,Biotechnology: Pharmaceutical Preparations
CPIX,Cumberland Pharmaceuticals Inc. Common Stock,$1.98,-0.15,-7.042%,29620675.00,United States,2009,86829,Health Care,Biotechnology: Pharmaceutical Preparations
CPK,Chesapeake Utilities Corporation Common Stock,$133.50,-2.30,-1.694%,3157366314.00,United States,,157774,Utilities,Oil & Gas Production
CPNG,Coupang Inc. Class A Common Stock,$28.92,0.04,0.139%,52826646799.00,United States,2021,12942519,Consumer Discretionary,Catalog/Specialty Distribution
CPOP,Pop Culture Group Co. Ltd Class A Ordinary Shares,$0.6411,0.0016,0.25%,9577419.00,China,2021,64346,Consumer Discretionary,Services-Misc. Amusement & Recreation
CPRI,Capri Holdings Limited Ordinary Shares,$21.62,-0.49,-2.216%,2575877670.00,Hong Kong,2011,2208062,Consumer Discretionary,Apparel
CPRT,Copart Inc. (DE) Common Stock,$41.41,0.90,2.222%,40073762574.00,United States,1994,10068069,Consumer Discretionary,Retail-Auto Dealers and Gas Stations
CPRX,Catalyst Pharmaceuticals Inc. Common Stock,$21.56,0.17,0.795%,2649991064.00,United States,2006,1482897,Health Care,Biotechnology: Pharmaceutical Preparations
CPS,Cooper-Standard Holdings Inc. Common Stock,$28.86,-0.38,-1.30%,509004080.00,United States,,188254,Consumer Discretionary,Auto Parts:O.E.M.
CPSH,CPS Technologies Corp. Common Stock,$3.43,0.11,3.313%,61668920.00,United States,,122836,Consumer Discretionary,Building Materials
CPSS,Consumer Portfolio Services Inc. Common Stock,$8.67,0.00,0.00%,192683693.00,United States,1992,24546,Finance,Finance: Consumer Services
CPT,Camden Property Trust Common Stock,$102.40,0.62,0.609%,10941719245.00,United States,1993,1295444,Real Estate,Real Estate Investment Trusts
CPZ,Calamos Long/Short Equity & Dynamic Income Trust Common Stock,$15.16,0.02,0.132%,297624061.00,United States,2019,44962,Finance,Trusts Except Educational Religious and Charitable
CQP,Cheniere Energy Partners LP Common Units,$51.67,0.76,1.493%,25010999030.00,United States,2007,212243,Utilities,Oil/Gas Transmission
CR,Crane Company Common Stock,$190.26,0.82,0.433%,10958383721.00,United States,2023,197516,Industrials,Metal Fabrications
CRACU,Crown Reserve Acquisition Corp. I Unit,$10.09,0.03,0.298%,0.00,Cayman Islands,2025,765474,Finance,Blank Checks
CRAI,CRA International Inc. Common Stock,$184.51,4.16,2.307%,1210802962.00,United States,1998,112016,Consumer Discretionary,Other Consumer Services
CRAQ,Cal Redwood Acquisition Corp. Class A Ordinary Shares,$10.11,-0.01,-0.099%,0.00,United States,2025,4524,Finance,Blank Checks
CRAQR,Cal Redwood Acquisition Corp. Right,$0.31,0.00,0.00%,0.00,United States,2025,13166,Finance,Blank Checks
CRBD,Corebridge Financial Inc. 6.375% Junior Subordinated Notes due 2064,$24.92,0.04,0.161%,0.00,United States,2024,40636,Finance,Life Insurance
CRBG,Corebridge Financial Inc. Common Stock,$30.16,0.21,0.701%,15698093581.00,United States,2022,4401450,Finance,Life Insurance
CRBP,Corbus Pharmaceuticals Holdings Inc. Common Stock,$10.46,-0.06,-0.57%,128189654.00,United States,,343687,Health Care,Biotechnology: Pharmaceutical Preparations
CRBU,Caribou Biosciences Inc. Common Stock,$2.07,-0.02,-0.957%,192765105.00,United States,2021,1981970,Health Care,Biotechnology: Biological Products (No Diagnostic Substances)
CRC,California Resources Corporation Common Stock,$47.10,0.93,2.014%,3942831950.00,United States,2020,856610,Energy,Oil & Gas Production
CRCL,Circle Internet Group Inc. Class A Common Stock,$104.10,0.96,0.931%,23883447617.00,United States,2025,8544251,Finance,Finance: Consumer Services
CRCT,Cricut Inc. Class A Common Stock,$4.78,0.01,0.21%,1012141645.00,United States,2021,624335,Technology,Industrial Machinery/Components
CRD/A,Crawford & Company,$11.37,0.16,1.427%,,United States,,147401,,
CRD/B,Crawford & Company,$10.79,0.31,2.958%,,United States,,12287,,
CRDF,Cardiff Oncology Inc. Common Stock,$2.23,0.04,1.826%,150214058.00,United States,,646300,Health Care,Biotechnology: Biological Products (No Diagnostic Substances)
CRDL,Cardiol Therapeutics Inc. Class A Common Shares,$1.05,0.03,2.941%,87915920.00,Canada,,279742,Health Care,Biotechnology: Biological Products (No Diagnostic Substances)
CRDO,Credo Technology Group Holding Ltd Ordinary Shares,$170.16,6.55,4.003%,29436930445.00,United States,2022,4123875,Technology,Semiconductors
CRE,Cre8 Enterprise Limited Class A Ordinary Shares,$0.4098,-0.0255,-5.858%,9845445.00,Hong Kong,2025,175465,Consumer Discretionary,Publishing
CREG,Smart Powerr Corp. Common Stock,$1.39,0.09,6.923%,4064113.00,China,,77237,Real Estate,Real Estate
CRESW,Cresud S.A.C.I.F. y A. Warrant,$1.03,0.0999,10.741%,632496501.00,Argentina,,17306,Finance,Real Estate
CRESY,Cresud S.A.C.I.F. y A. American Depositary Shares,$11.50,0.09,0.789%,706185411.00,Argentina,1997,145128,Finance,Real Estate
CREV,Carbon Revolution Public Limited Ordinary Shares,$2.86,-1.14,-28.50%,5391626.00,Ireland,,171892,Consumer Discretionary,Auto Parts:O.E.M.
CREVW,Carbon Revolution Public Limited Company Warrant,$0.0261,-0.0037,-12.416%,49203.00,Ireland,,18902,Consumer Discretionary,Auto Parts:O.E.M.
CREX,Creative Realities Inc. Common Stock,$2.80,0.00,0.00%,29453010.00,United States,,58091,Technology,EDP Services
CRF,Cornerstone Total Return Fund Inc. (The) Common Stock,$8.07,0.11,1.382%,0.00,United States,2003,839735,Finance,Finance/Investors Services
CRGO,Freightos Limited Ordinary shares,$3.99,0.275,7.402%,199670529.00,Israel,,172300,Industrials,Integrated Freight & Logistics
CRGOW,Freightos Limited Warrants,$0.305,0.0351,13.005%,15263035.00,Israel,,135917,Industrials,Integrated Freight & Logistics
CRGY,Crescent Energy Company Class A Common Stock,$8.96,0.10,1.129%,2281499055.00,United States,2021,3761580,Energy,Oil & Gas Production
CRH,CRH PLC Ordinary Shares,$113.98,0.98,0.867%,76507274686.00,Ireland,,3452011,Industrials,Building Materials
CRI,Carter's Inc. Common Stock,$32.59,0.89,2.808%,1187836018.00,United States,2003,862927,Consumer Discretionary,Apparel
CRIS,Curis Inc. Common Stock,$1.31,0.00,0.00%,16936797.00,United States,,38568,Health Care,Biotechnology: Biological Products (No Diagnostic Substances)
CRK,Comstock Resources Inc. Common Stock,$23.63,0.61,2.65%,6924885066.00,United States,,3161767,Energy,Oil & Gas Production
CRL,Charles River Laboratories International Inc. Common Stock,$168.97,0.92,0.547%,8315938135.00,United States,2000,1163791,Health Care,Biotechnology: Commercial Physical & Biological Resarch
CRM,Salesforce Inc. Common Stock,$241.71,1.83,0.763%,230107920000.00,United States,2004,6483078,Technology,Computer Software: Prepackaged Software
CRMD,CorMedix Inc. Common Stock,$11.08,0.32,2.974%,827110831.00,United States,,2947947,Health Care,Biotechnology: Pharmaceutical Preparations
CRML,Critical Metals Corp. Ordinary Shares,$10.31,-0.47,-4.36%,1102142134.00,British Virgin Islands,,11181550,Basic Materials,Metal Mining
CRMLW,Critical Metals Corp. Warrants,$5.08,-0.1113,-2.144%,543053544.00,British Virgin Islands,,105787,Basic Materials,Metal Mining
CRMT,America's Car-Mart Inc Common Stock,$19.64,0.00,0.00%,162583730.00,United States,,141059,Consumer Discretionary,Retail-Auto Dealers and Gas Stations
CRNC,Cerence Inc. Common Stock,$9.62,0.34,3.664%,416735043.00,United States,,1582831,Technology,Computer Software: Prepackaged Software
CRNT,Ceragon Networks Ltd. Ordinary Shares,$2.28,-0.05,-2.146%,202553100.00,Israel,,642441,Technology,Radio And Television Broadcasting And Communications Equipment
CRNX,Crinetics Pharmaceuticals Inc. Common Stock,$41.45,1.45,3.625%,3933266768.00,United States,2018,1141250,Health Care,Biotechnology: Pharmaceutical Preparations
CRON,Cronos Group Inc. Common Share,$2.56,0.08,3.226%,980206764.00,Canada,,1600072,Health Care, Medicinal Chemicals and Botanical Products 
CROX,Crocs Inc. Common Stock,$74.09,-4.76,-6.037%,3846431027.00,United States,2006,3254006,Consumer Discretionary,Shoe Manufacturing
CRS,Carpenter Technology Corporation Common Stock,$327.37,-0.63,-0.192%,16309187758.00,United States,,621287,Industrials,Steel/Iron Ore
CRSP,CRISPR Therapeutics AG Common Shares,$54.58,-0.54,-0.98%,4964074087.00,Switzerland,2016,2346146,Health Care,Biotechnology: Biological Products (No Diagnostic Substances)
CRSR,Corsair Gaming Inc. Common Stock,$6.50,-0.05,-0.763%,692738865.00,United States,2020,908354,Technology,Computer peripheral equipment
CRT,Cross Timbers Royalty Trust Common Stock,$7.80,0.03,0.386%,46800000.00,United States,1992,22262,Energy,Oil & Gas Production
CRTO,Criteo S.A. American Depositary Shares,$22.20,0.78,3.641%,1166591308.00,France,2013,439964,Consumer Discretionary,Advertising
CRUS,Cirrus Logic Inc. Common Stock,$118.74,0.10,0.084%,6059348390.00,United States,1989,696893,Technology,Semiconductors
CRVL,CorVel Corp. Common Stock,$75.62,-0.35,-0.461%,3875294283.00,United States,,161690,Finance,Specialty Insurers
CRVO,CervoMed Inc. Common Stock,$6.90,-0.02,-0.289%,63843761.00,United States,,45182,Health Care,Biotechnology: Pharmaceutical Preparations
CRVS,Corvus Pharmaceuticals Inc. Common Stock,$7.91,0.31,4.079%,590733608.00,United States,2016,1254349,Health Care,Biotechnology: Pharmaceutical Preparations
CRWD,CrowdStrike Holdings Inc. Class A Common Stock,$557.53,17.72,3.283%,139915019204.00,United States,2019,2162744,Technology,Computer Software: Prepackaged Software
CRWS,Crown Crafts Inc Common Stock,$2.655,-0.115,-4.152%,28050104.00,United States,,229864,Consumer Discretionary,Textiles
CRWV,CoreWeave Inc. Class A Common Stock,$105.61,1.60,1.538%,51598129897.00,United States,2025,42517520,Technology,Computer Software: Prepackaged Software
CSAI,Cloudastructure Inc. Class A Common Stock,$1.44,-0.04,-2.703%,25975692.00,United States,,1010928,Technology,Computer Software: Programming Data Processing
CSAN,Cosan S.A. ADS,$4.91,0.16,3.368%,2281486728.00,Brazil,2021,3689544,Consumer Discretionary,Retail-Auto Dealers and Gas Stations
CSBR,Champions Oncology Inc. Common Stock,$6.78,0.04,0.593%,93485494.00,United States,,11299,Health Care,Biotechnology: Biological Products (No Diagnostic Substances)
CSCO,Cisco Systems Inc. Common Stock (DE),$72.09,1.02,1.435%,284985968342.00,United States,1990,22181428,Telecommunications,Computer Communications Equipment
CSGP,CoStar Group Inc. Common Stock,$67.23,-0.29,-0.43%,28493606239.00,United States,1998,3887935,Real Estate,Real Estate
CSGS,CSG Systems International Inc. Common Stock,$78.10,-0.20,-0.255%,2227425824.00,United States,1996,1449276,Technology,EDP Services
CSIQ,Canadian Solar Inc. Common Shares (ON),$32.40,3.93,13.804%,2169562158.00,Canada,2006,11319923,Technology,Semiconductors
CSL,Carlisle Companies Incorporated Common Stock,$317.98,-0.43,-0.135%,13287040417.00,United States,,408830,Industrials,Specialty Chemicals
CSPI,CSP Inc. Common Stock,$11.70,0.45,4.00%,115377526.00,United States,1982,3745,Technology,EDP Services
CSQ,Calamos Strategic Total Return Common Stock,$19.055,0.305,1.627%,3027603637.00,United States,2004,178641,Finance,Finance Companies
CSR,D/B/A Centerspace Common Stock,$58.74,-1.08,-1.805%,981161710.00,United States,,94128,Real Estate,Real Estate Investment Trusts
CSTE,Caesarstone Ltd. Ordinary Shares,$0.9721,-0.0193,-1.947%,33591719.00,Israel,2012,237660,Industrials,Building Materials
CSTL,Castle Biosciences Inc. Common Stock,$34.74,1.70,5.145%,1014014014.00,United States,2019,390412,Health Care,Medical Specialities
CSTM,Constellium SE Ordinary Shares (France),$16.22,0.39,2.464%,2235144855.00,Netherlands,2013,934514,Industrials,Metal Fabrications
CSV,Carriage Services Inc. Common Stock,$41.34,0.23,0.559%,650906279.00,United States,,74388,Consumer Discretionary,Other Consumer Services
CSW,CSW Industrials Inc. Common Stock,$247.20,2.25,0.919%,4124954218.00,United States,,124246,Industrials,Home Furnishings
CSWC,Capital Southwest Corporation Common Stock,$20.79,0.02,0.096%,1194738888.00,United States,,765254,Consumer Discretionary,Textiles
CSX,CSX Corporation Common Stock,$35.12,-0.22,-0.623%,65398249895.00,United States,,13101145,Industrials,Railroads
CTA^A,EIDP Inc. Preferred Stock $3.50 Series,$54.93,0.03,0.055%,,United States,,556,,
CTA^B,EIDP Inc. Preferred Stock $4.50 Series,$69.89,0.00,0.00%,,United States,,1815,,
CTAS,Cintas Corporation Common Stock,$185.25,0.18,0.097%,74445802100.00,United States,1983,2700835,Industrials,Garments and Clothing
CTBB,Qwest Corporation 6.5% Notes due 2056,$20.05,0.15,0.754%,20.00,United States,2016,16993,Telecommunications,Telecommunications Equipment
CTBI,Community Trust Bancorp Inc. Common Stock,$53.69,0.71,1.34%,972357309.00,United States,,38054,Finance,Major Banks
CTDD,Qwest Corporation 6.75% Notes due 2057,$20.43,-0.04,-0.195%,20.00,United States,2017,12891,Telecommunications,Telecommunications Equipment
CTEV,Claritev Corporation Class A Common Stock,$57.84,-11.41,-16.477%,952904456.00,United States,2020,121102,Real Estate,Real Estate
CTGO,Contango ORE Inc. Common Stock,$21.86,0.07,0.321%,276955510.00,United States,2021,188645,Basic Materials,Precious Metals
CTKB,Cytek Biosciences Inc. Common Stock,$4.75,0.13,2.814%,607357943.00,United States,2021,1800025,Industrials,Biotechnology: Laboratory Analytical Instruments
CTLP,Cantaloupe Inc. Common Stock,$10.56,0.01,0.095%,778242738.00,United States,,588934,Miscellaneous,Office Equipment/Supplies/Services
CTM,Castellum Inc. Common Stock,$1.22,0.02,1.667%,113460712.00,,2022,3609669,Consumer Discretionary,Professional Services
CTMX,CytomX Therapeutics Inc. Common Stock,$4.19,0.57,15.746%,709934305.00,United States,2015,4679102,Health Care,Biotechnology: Pharmaceutical Preparations
CTNM,Contineum Therapeutics Inc. Class A Common Stock,$10.85,-0.075,-0.686%,316630244.00,United States,2024,63105,Health Care,Biotechnology: Pharmaceutical Preparations
CTNT,Cheetah Net Supply Chain Service Inc. Class A Common Stock,$1.23,-0.14,-10.219%,3286574.00,United States,2023,634233,Consumer Discretionary,Motor Vehicles
CTO,CTO Realty Growth Inc. Common Stock,$17.31,-0.06,-0.345%,560364357.00,United States,1992,219368,Real Estate,Real Estate Investment Trusts
CTO^A,CTO Realty Growth Inc. 6.375% Series A Cumulative Redeemable Preferred Stock,$21.25,0.35,1.675%,,United States,,9488,,
CTOR,Citius Oncology Inc. Common Stock,$1.43,0.03,2.143%,112069935.00,United States,2022,231735,Health Care,Biotechnology: Pharmaceutical Preparations
CTOS,Custom Truck One Source Inc. Common Stock,$5.89,0.13,2.257%,1334435962.00,Cayman Islands,2017,528537,Consumer Discretionary,Diversified Commercial Services
CTRA,Coterra Energy Inc. Common Stock,$26.39,-0.18,-0.677%,20092753597.00,United States,,6950672,Energy,Oil & Gas Production
CTRE,CareTrust REIT Inc. Common Stock,$36.65,0.50,1.383%,8183956801.00,United States,2022,2565895,Real Estate,Real Estate Investment Trusts
CTRI,Centuri Holdings Inc. Common Stock,$21.63,0.64,3.049%,1917481201.00,United States,2024,1381396,Utilities,Oil & Gas Production
CTRM,Castor Maritime Inc. Common Shares,$1.96,0.04,2.083%,18938214.00,Cyprus,,27152,Consumer Discretionary,Marine Transportation
CTRN,Citi Trends Inc. Common Stock,$39.47,0.77,1.99%,327834347.00,United States,2005,133625,Consumer Discretionary,Clothing/Shoe/Accessory Stores
CTS,CTS Corporation Common Stock,$41.30,0.58,1.424%,1199865070.00,United States,,183045,Technology,Electrical Products
CTSH,Cognizant Technology Solutions Corporation Class A Common Stock,$72.88,-0.32,-0.437%,35175274952.00,United States,1998,4043278,Technology,EDP Services
CTSO,Cytosorbents Corporation Common Stock,$0.7216,0.014,1.979%,45288918.00,United States,,67835,Health Care,Medical/Dental Instruments
CTVA,Corteva Inc. Common Stock ,$65.56,1.41,2.198%,44300989920.00,United States,2019,3695538,Consumer Staples,Farming/Seeds/Milling
CTW,CTW Cayman Class A Ordinary Shares,$2.48,0.02,0.813%,156240000.00,Japan,2025,44155,Technology,EDP Services
CTXR,Citius Pharmaceuticals Inc. Common Stock,$1.28,0.03,2.40%,21775604.00,United States,,191827,Health Care,Biotechnology: Pharmaceutical Preparations
CUB,Lionheart Holdings Class A Ordinary Shares,$10.64,0.02,0.188%,338017649.00,United States,2024,204,Industrials,Industrial Machinery/Components
CUBB,Customers Bancorp Inc 5.375% Subordinated Notes Due 2034,$21.58,0.4383,2.073%,682434914.00,United States,2019,4413,Finance,Major Banks
CUBE,CubeSmart Common Shares,$36.63,-0.91,-2.424%,8352956153.00,United States,,2062333,Real Estate,Real Estate Investment Trusts
CUBI,Customers Bancorp Inc Common Stock,$68.45,0.89,1.317%,2164627891.00,United States,,257539,Finance,Major Banks
CUBI^F,Customers Bancorp Inc Fixed-to-Floating Rate Non-Cumulative Perpetual Preferred Stock Series F,$25.47,0.01,0.039%,,United States,,12223,,
CUBWU,Lionheart Holdings Unit,$10.65,0.00,0.00%,0.00,United States,2024,1,Finance,Blank Checks
CUBWW,Lionheart Holdings Warrant,$0.2601,0.0001,0.038%,0.00,United States,2024,11608,,
CUE,Cue Biopharma Inc. Common Stock,$0.6809,-0.0203,-2.895%,52324376.00,United States,2018,249386,Health Care,Biotechnology: Pharmaceutical Preparations
CUK,Carnival Plc ADS ADS,$24.39,0.22,0.91%,33073447604.00,United States,,1530369,Consumer Discretionary,Marine Transportation
CULP,Culp Inc. Common Stock,$3.90,0.12,3.175%,49160693.00,United States,,18039,Consumer Discretionary,Textiles
CUPR,Cuprina Holdings (Cayman) Limited Class A Ordinary Shares,$0.77,-0.0641,-7.685%,16170000.00,Singapore,2025,139822,Health Care,Biotechnology: Pharmaceutical Preparations
CURB,Curbline Properties Corp. Common Stock,$23.50,0.43,1.864%,2476150820.00,United States,2024,1158104,Finance,Real Estate
CURI,CuriosityStream Inc. Class A Common Stock,$3.67,-0.25,-6.378%,212602120.00,United States,2020,805159,Consumer Discretionary,Movies/Entertainment
CURR,Currenc Group Inc. Ordinary Shares,$3.39,0.01,0.296%,257927048.00,Singapore,,1164247,Real Estate,Real Estate
CURV,Torrid Holdings Inc. Common Stock,$1.15,-0.05,-4.167%,114040844.00,United States,2021,156613,Consumer Discretionary,Clothing/Shoe/Accessory Stores
CURX,Curanex Pharmaceuticals Inc Common Stock,$0.5858,-0.0342,-5.516%,16255950.00,United States,2025,256324,Health Care,Biotechnology: Pharmaceutical Preparations
CUZ,Cousins Properties Incorporated Common Stock,$25.85,-0.31,-1.185%,4341908149.00,United States,,1524570,Real Estate,Real Estate Investment Trusts
CV,CapsoVision Inc. Common Stock,$4.94,0.21,4.44%,231063891.00,United States,2025,49152,Health Care,Biotechnology: Electromedical & Electrotherapeutic Apparatus
CVAC,CureVac N.V. Ordinary Shares,$5.23,0.02,0.384%,1173289084.00,Germany,2020,653457,Health Care,Biotechnology: Pharmaceutical Preparations
CVBF,CVB Financial Corporation Common Stock,$18.59,-0.12,-0.641%,2562029165.00,United States,,1009942,Finance,Major Banks
CVCO,Cavco Industries Inc. Common Stock When Issued,$572.94,-3.49,-0.605%,4471817899.00,United States,,85752,Consumer Discretionary,Homebuilding
CVE,Cenovus Energy Inc Common Stock,$17.86,0.42,2.408%,31993135940.00,Canada,,11820632,Energy,Oil & Gas Production
CVEO,Civeo Corporation (Canada) Common Shares,$22.22,0.02,0.09%,255868255.00,,2014,37871,Consumer Discretionary,Hotels/Resorts
CVGI,Commercial Vehicle Group Inc. Common Stock,$1.50,0.16,11.94%,55538181.00,United States,2004,141106,Consumer Discretionary,Auto Parts:O.E.M.
CVGW,Calavo Growers Inc. Common Stock,$22.23,0.43,1.972%,396879370.00,United States,,219179,Consumer Discretionary,Specialty Foods
CVI,CVR Energy Inc. Common Stock,$36.90,0.45,1.235%,3709579103.00,United States,2007,1112028,Energy,Integrated oil Companies
CVKD,Cadrenal Therapeutics Inc. Common Stock,$11.76,-0.385,-3.17%,24071003.00,United States,2023,13176,Health Care,Biotechnology: Pharmaceutical Preparations
CVLG,Covenant Logistics Group Inc. Class A Common Stock,$19.57,-0.01,-0.051%,489633944.00,United States,,106957,Industrials,Trucking Freight/Courier Services
CVLT,Commvault Systems Inc. Common Stock,$130.375,2.935,2.303%,5748802446.00,United States,2006,658879,Technology,Computer Software: Prepackaged Software
CVM,Cel-Sci Corporation Common Stock,$7.19,0.15,2.131%,49482702.00,United States,1997,42597,Health Care,Biotechnology: Biological Products (No Diagnostic Substances)
CVNA,Carvana Co. Class A Common Stock,$322.28,18.29,6.017%,70109649754.00,United States,2017,2702474,Consumer Discretionary,Retail-Auto Dealers and Gas Stations
CVR,Chicago Rivet & Machine Co. Common Stock,$9.0675,0.0675,0.75%,8760402.00,United States,1930,7928,Industrials,Industrial Machinery/Components
CVRX,CVRx Inc. Common Stock,$9.67,-0.04,-0.412%,253451754.00,United States,2021,235419,Health Care,Medical/Dental Instruments
CVS,CVS Health Corporation Common Stock,$77.54,-1.45,-1.836%,98431794887.00,United States,,6904790,Consumer Staples,Retail-Drug Stores and Proprietary Stores
CVU,CPI Aerostructures Inc. Common Stock,$2.19,0.10,4.785%,28537327.00,United States,2022,200947,Industrials,Military/Government/Technical
CVV,CVD Equipment Corporation Common Stock,$3.44,-0.01,-0.29%,23673523.00,United States,,13503,Technology,Industrial Machinery/Components
CVX,Chevron Corporation Common Stock,$155.65,0.63,0.406%,313404636573.00,United States,,8434166,Energy,Integrated oil Companies
CW,Curtiss-Wright Corporation Common Stock,$588.42,9.83,1.699%,21697774492.00,United States,,194268,Technology,Industrial Machinery/Components
CWAN,Clearwater Analytics Holdings Inc. Class A Common Stock,$16.69,0.51,3.152%,4884502977.00,United States,2021,8458849,Technology,Computer Software: Prepackaged Software
CWBC,Community West Bancshares Common Stock,$21.50,0.07,0.327%,411305922.00,United States,,75845,Finance,Major Banks
CWCO,Consolidated Water Co. Ltd. Ordinary Shares,$34.56,-0.25,-0.718%,550430243.00,Cayman Islands,,126611,Utilities,Water Supply
CWD,CaliberCos Inc. Class A Common Stock,$3.00,0.05,1.695%,7245114.00,United States,2023,125425,Finance,Real Estate
CWEN,Clearway Energy Inc. Class C Common Stock,$35.27,0.24,0.685%,7187097482.00,United States,2015,908908,Utilities,Electric Utilities: Central
CWH,Camping World Holdings Inc. Class A Common Stock,$11.64,-0.86,-6.88%,1190615093.00,United States,2016,2113738,Consumer Discretionary,Retail-Auto Dealers and Gas Stations
CWK,Cushman & Wakefield plc Ordinary Shares,$15.71,-0.02,-0.127%,3638507449.00,,2018,1298659,Finance,Real Estate
CWST,Casella Waste Systems Inc. Class A Common Stock,$87.86,-0.22,-0.25%,5578540316.00,United States,1997,584178,Utilities,Environmental Services
CWT,California Water Service Group Common Stock,$45.75,-0.86,-1.845%,2726303851.00,United States,,257543,Utilities,Water Supply
CX,Cemex S.A.B. de C.V. Sponsored ADR,$10.35,0.15,1.471%,15015189263.00,Mexico,,6902453,Industrials,Building Materials
CXAI,CXApp Inc. Class A Common Stock,$0.5852,-0.0145,-2.418%,13714299.00,United States,2021,714903,Technology,EDP Services
CXAIW,CXApp Inc. Warrant,$0.0877,0.004,4.779%,2055270.00,United States,2021,14000,Technology,EDP Services
CXDO,Crexendo Inc. Common Stock,$7.20,0.54,8.108%,221263546.00,United States,,371889,Telecommunications,Telecommunications Equipment
CXE,MFS High Income Municipal Trust Common Stock,$3.71,-0.02,-0.536%,116960618.00,United States,1989,99020,Finance,Investment Managers
CXH,MFS Investment Grade Municipal Trust Common Stock,$7.995,0.01,0.125%,72836409.00,United States,1989,30641,Finance,Investment Managers
CXM,Sprinklr Inc. Class A Common Stock,$7.45,0.03,0.404%,1818672931.00,United States,2021,1265323,Technology,Computer Software: Prepackaged Software
CXT,Crane NXT Co. Common Stock,$62.58,0.13,0.208%,3593471201.00,United States,,488952,Industrials,Metal Fabrications
CXW,CoreCivic Inc. Common Stock,$17.45,0.50,2.95%,1825002230.00,United States,,1821820,Real Estate,Real Estate Investment Trusts
CYBN,Cybin Inc. Common Shares,$6.36,0.38,6.355%,150032559.00,Canada,,924719,Health Care,Biotechnology: Pharmaceutical Preparations
CYBR,CyberArk Software Ltd. Ordinary Shares,$512.46,8.59,1.705%,25345612064.00,Israel,2014,394229,Technology,Computer Software: Prepackaged Software
CYCN,Cyclerion Therapeutics Inc. Common Stock,$1.80,0.178,10.974%,6007385.00,United States,,16077290,Health Care,Biotechnology: Pharmaceutical Preparations
CYCU,Cycurion Inc. Common Stock,$2.64,0.24,10.00%,7614940.00,United States,2025,554608,Technology,EDP Services
CYCUW,Cycurion Inc. Warrant,$0.0368,0.0004,1.099%,106148.00,United States,2025,10411,Technology,EDP Services
CYD,China Yuchai International Limited Common Stock,$40.00,0.13,0.326%,1500732880.00,Singapore,1994,199161,Industrials,Industrial Machinery/Components
CYH,Community Health Systems Inc. Common Stock,$3.48,-0.29,-7.692%,482048260.00,United States,2000,2282887,Health Care,Hospital/Nursing Management
CYN,Cyngn Inc. Common Stock,$4.00,-0.08,-1.961%,28157064.00,United States,2021,167727,Technology,EDP Services
CYRX,CryoPort Inc. Common Stock,$8.54,0.16,1.909%,427588440.00,United States,,362545,Health Care,Biotechnology: Pharmaceutical Preparations
CYTK,Cytokinetics Incorporated Common Stock,$62.20,2.04,3.391%,7604878584.00,United States,2004,1795748,Health Care,Biotechnology: Pharmaceutical Preparations
CZFS,Citizens Financial Services Inc. Common Stock,$57.27,-1.26,-2.153%,275261211.00,United States,,5248,Finance,Major Banks
CZNC,Citizens & Northern Corp Common Stock,$19.22,-0.05,-0.259%,298197204.00,United States,,24538,Finance,Major Banks
CZR,Caesars Entertainment Inc. Common Stock,$20.03,0.21,1.06%,4088282098.00,United States,,10236977,Consumer Discretionary,Hotels/Resorts
CZWI,Citizens Community Bancorp Inc. Common Stock,$16.28,0.09,0.556%,157260649.00,United States,2006,11107,Finance,Savings Institutions
D,Dominion Energy Inc. Common Stock,$60.87,-0.71,-1.153%,51977701171.00,United States,,4119139,Utilities,Electric Utilities: Central
DAAQ,Digital Asset Acquisition Corp. Class A Ordinary shares,$10.3325,-0.0075,-0.073%,0.00,United States,2025,7238,,
DAAQW,Digital Asset Acquisition Corp. Warrant,$0.7001,-0.02,-2.777%,0.00,United States,2025,10800,,
DAC,Danaos Corporation Common Stock,$94.65,2.68,2.914%,1767050192.00,Greece,2006,86673,Consumer Discretionary,Marine Transportation
DAIC,CID HoldCo Inc. Common Stock,$2.41,-0.05,-2.033%,66605023.00,United States,,27051,Technology,EDP Services
DAICW,CID HoldCo Inc. Warrants,$0.1478,-0.0037,-2.442%,4084740.00,United States,,32694,Technology,EDP Services
DAIO,Data I/O Corporation Common Stock,$2.86,-0.02,-0.694%,26848716.00,United States,1981,16298,Industrials,Electrical Products
DAKT,Daktronics Inc. Common Stock,$19.11,0.32,1.703%,927412848.00,United States,1994,248076,Consumer Discretionary,Miscellaneous manufacturing industries
DAL,Delta Air Lines Inc. Common Stock,$58.56,-0.32,-0.543%,38237499694.00,United States,,7910334,Consumer Discretionary,Air Freight/Delivery Services
DAN,Dana Incorporated Common Stock ,$21.39,-0.32,-1.474%,2499151259.00,United States,,2285653,Consumer Discretionary,Auto Parts:O.E.M.
DAO,Youdao Inc. American Depositary Shares each representing one Class A Ordinary Share,$10.60,0.17,1.63%,1267434039.00,China,2019,99184,Real Estate,Other Consumer Services
DAR,Darling Ingredients Inc. Common Stock,$32.70,0.17,0.523%,5172684881.00,United States,1997,2158437,Consumer Staples,Packaged Foods
DARE,Dare Bioscience Inc. Common Stock,$1.82,-0.01,-0.546%,24532694.00,United States,2014,65518,Health Care,Biotechnology: Pharmaceutical Preparations
DASH,DoorDash Inc. Class A Common Stock,$204.08,-0.23,-0.113%,87958177758.00,United States,,6389880,Technology,EDP Services
DAVA,Endava plc American Depositary Shares (each representing one Class A Ordinary Share),$9.43,0.13,1.398%,512309296.00,United Kingdom,2018,1633655,Technology,EDP Services
DAVE,Dave Inc. Class A Common Stock,$246.98,11.53,4.897%,3335238172.00,United States,,456908,Finance,Finance: Consumer Services
DAVEW,Dave Inc. Warrants,$1.36,0.07,5.426%,18365552.00,United States,,128251,Finance,Finance: Consumer Services
DAWN,Day One Biopharmaceuticals Inc. Common Stock,$10.16,0.43,4.419%,1043183100.00,United States,2021,3960774,Health Care,Biotechnology: Pharmaceutical Preparations
DAY,Dayforce Inc. Common Stock,$68.60,0.25,0.366%,10978398462.00,United States,2018,4264691,Technology,Computer Software: Prepackaged Software
DB,Deutsche Bank AG Common Stock,$37.83,1.35,3.701%,73584107312.00,Germany,,3106774,Finance,Major Banks
DBD,Diebold Nixdorf Incorporated Common stock,$65.00,0.50,0.775%,2331365140.00,United States,2023,202827,Miscellaneous,Office Equipment/Supplies/Services
DBGI,Digital Brands Group Inc. Common Stock,$7.85,-0.02,-0.254%,35256870.00,United States,2025,43205,Consumer Discretionary,Clothing/Shoe/Accessory Stores
DBI,Designer Brands Inc. Class A Common Stock,$3.97,-0.11,-2.696%,196687616.00,United States,,673328,Consumer Discretionary,Clothing/Shoe/Accessory Stores
DBL,DoubleLine Opportunistic Credit Fund Common Shares of Beneficial Interest,$15.49,0.00,0.00%,0.00,United States,2012,66939,,
DBRG,DigitalBridge Group Inc.,$10.94,0.40,3.795%,1998458210.00,United States,2014,3357956,Real Estate,Real Estate Investment Trusts
DBRG^H,DigitalBridge Group Inc. 7.125% Series H ,$21.75,0.06,0.277%,,United States,,6101,,
DBRG^I,DigitalBridge Group Inc. 7.15% Series I ,$21.63,0.15,0.698%,,United States,,8395,,
DBRG^J,DigitalBridge Group Inc. 7.125% Series J ,$21.30,-0.09,-0.421%,,United States,,6570,,
DBVT,DBV Technologies S.A. American Depositary Shares,$13.58,-0.39,-2.792%,459312592.00,France,2014,81433,Health Care,Biotechnology: Biological Products (No Diagnostic Substances)
DBX,Dropbox Inc. Class A Common Stock,$30.55,-0.32,-1.037%,8244256177.00,United States,2018,5212010,Technology,Computer Software: Prepackaged Software
DC,Dakota Gold Corp. Common Stock,$4.21,0.19,4.726%,472967659.00,United States,2022,707011,Basic Materials,Metal Mining
DCBO,Docebo Inc. Common Shares,$23.61,0.13,0.554%,678155248.00,Canada,,112167,Technology,Computer Software: Prepackaged Software
DCGO,DocGo Inc. Common Stock,$1.11,0.00,0.00%,108567032.00,United States,2020,2250926,Health Care,Medical/Nursing Services
DCI,Donaldson Company Inc. Common Stock,$87.83,0.97,1.117%,10180143165.00,United States,,495526,Industrials,Pollution Control Equipment
DCO,Ducommun Incorporated Common Stock,$96.30,6.76,7.55%,1439304808.00,United States,,219751,Industrials,Military/Government/Technical
DCOM,Dime Community Bancshares Inc. Common Stock,$26.57,-0.40,-1.483%,1166272747.00,United States,,310040,Finance,Major Banks
DCOMG,Dime Community Bancshares Inc. 9.000% Fixed-to-Floating Rate Subordinated Notes due 2034,$26.10,-0.098,-0.374%,1021779426.00,United States,,12232,Finance,Major Banks
DCOMP,Dime Community Bancshares Inc. Fixed-Rate Non-Cumulative Perpetual Preferred Stock Series A,$18.7501,-0.2099,-1.107%,823023358.00,United States,,11699,Finance,Major Banks
DCTH,Delcath Systems Inc. Common Stock,$8.58,-0.06,-0.694%,302991700.00,United States,,774294,Health Care,Medical/Dental Instruments
DD,DuPont de Nemours Inc. Common Stock,$40.24,0.44,1.106%,16859567038.00,United States,2017,6701944,Industrials,Major Chemicals
DDC,DDC Enterprise Limited Class A Ordinary Shares,$5.90,-0.90,-13.235%,23895879.00,,2023,64899,Consumer Staples,Packaged Foods
DDD,3D Systems Corporation Common Stock,$2.27,0.05,2.252%,292235292.00,United States,,3116493,Technology,Computer Software: Prepackaged Software
DDI,DoubleDown Interactive Co. Ltd. American Depository Shares,$8.94,0.23,2.641%,443007754.00,South Korea,2021,56031,Technology,EDP Services
DDL,Dingdong (Cayman) Limited American Depositary Shares (each two representing three Ordinary Shares),$1.81,0.14,8.383%,427572110.00,Cayman Islands,2021,615037,Consumer Discretionary,Catalog/Specialty Distribution
DDOG,Datadog Inc. Class A Common Stock,$199.72,8.48,4.434%,69651376565.00,United States,2019,6577841,Technology,Computer Software: Prepackaged Software
DDS,Dillard's Inc. Common Stock,$610.21,3.85,0.635%,9527187983.00,United States,,91271,Consumer Discretionary,Department/Specialty Retail Stores
DDT,Dillard's Capital Trust I,$25.93,0.08,0.309%,404844208.00,United States,,6371,Consumer Discretionary,Department/Specialty Retail Stores
DE,Deere & Company Common Stock,$474.39,6.60,1.411%,128241560271.00,United States,,922944,Industrials,Industrial Machinery/Components
DEA,Easterly Government Properties Inc. Common Stock,$21.58,0.21,0.983%,995018819.00,United States,2015,754534,Real Estate,Real Estate Investment Trusts
DEC,Diversified Energy Company plc Ordinary Shares,$14.04,0.14,1.007%,1094213957.00,,,333117,,
DECK,Deckers Outdoor Corporation Common Stock,$79.84,-1.93,-2.36%,11636267467.00,United States,1993,4164409,Consumer Discretionary,Shoe Manufacturing
DEFT,Defi Technologies Inc. Common Stock,$1.76,0.14,8.642%,589815846.00,Canada,,6374085,Finance,Finance: Consumer Services
DEI,Douglas Emmett Inc. Common Stock,$12.20,-0.21,-1.692%,2042845470.00,United States,2006,1796391,Real Estate,Real Estate Investment Trusts
DELL,Dell Technologies Inc. Class C Common Stock ,$142.69,-4.01,-2.733%,95940924631.00,United States,2018,8191885,Technology,Computer Manufacturing
DENN,Denny's Corporation Common Stock,$6.17,0.06,0.982%,317748793.00,United States,,4028489,Consumer Discretionary,Restaurants
DEO,Diageo plc Common Stock,$95.05,4.25,4.681%,52904535440.00,United Kingdom,,4236916,Consumer Staples,Beverages (Production/Distribution)
DERM,Journey Medical Corporation Common Stock,$8.95,-0.16,-1.756%,218184765.00,United States,2021,192780,Health Care,Biotechnology: Pharmaceutical Preparations
DEVS,DevvStream Corp. Common Stock,$1.75,-0.02,-1.13%,6722874.00,Canada,2024,27168,Finance,Finance/Investors Services
DFDV,DeFi Development Corp. Common Stock,$8.42,0.08,0.959%,177199313.00,United States,2023,1849564,Finance,Finance: Consumer Services
DFDVW,DeFi Development Corp. Warrant,$3.63,1.18,48.163%,0.00,United States,,101307,,
DFH,Dream Finders Homes Inc. Class A Common Stock,$18.98,0.06,0.317%,1760484548.00,United States,2022,296416,Consumer Discretionary,Homebuilding
DFIN,Donnelley Financial Solutions Inc. Common Stock ,$47.14,1.40,3.061%,1250958093.00,United States,2016,228612,Consumer Discretionary,Other Consumer Services
DFLI,Dragonfly Energy Holdings Corp. Common Stock (NV),$0.8865,0.0075,0.853%,54718852.00,United States,2021,13947005,Miscellaneous,Industrial Machinery/Components
DFLIW,Dragonfly Energy Holdings Corp. Warrant,$0.15,0.00,0.00%,9258689.00,United States,2021,22197,Miscellaneous,Industrial Machinery/Components
DFP,Flaherty & Crumrine Dynamic Preferred and Income Fund Inc. Common Stock,$21.69,0.04,0.185%,0.00,,2013,54380,Finance,Investment Managers
DFSC,DEFSEC Technologies Inc. Common Stock,$3.31,0.08,2.477%,4621823.00,Canada,,70797,Technology,Computer Software: Prepackaged Software
DFSCW,DEFSEC Technologies Inc. Warrant,$0.03,0.00,0.00%,41890.00,Canada,,1100,Technology,Computer Software: Prepackaged Software
DG,Dollar General Corporation Common Stock,$100.40,1.18,1.189%,22098645211.00,United States,2009,4042610,Consumer Discretionary,Department/Specialty Retail Stores
DGICA,Donegal Group Inc. Class A Common Stock,$19.45,0.21,1.091%,712678361.00,United States,,89093,Finance,Property-Casualty Insurers
DGICB,Donegal Group Inc. Class B Common Stock,$16.07,0.7394,4.823%,588829885.00,United States,1986,140,Finance,Property-Casualty Insurers
DGII,Digi International Inc. Common Stock,$35.55,0.15,0.424%,1319693570.00,United States,1989,116207,Telecommunications,Computer Communications Equipment
DGLY,Digital Ally Inc. Common Stock,$1.572,-0.038,-2.36%,2715506.00,United States,,33277,Technology,Radio And Television Broadcasting And Communications Equipment
DGNX,Diginex Limited Ordinary Shares,$17.48,0.37,2.162%,3530087818.00,Hong Kong,2025,849775,Technology,EDP Services
DGX,Quest Diagnostics Incorporated Common Stock,$184.31,4.81,2.68%,20610178411.00,United States,,1592564,Health Care,Medical Specialities
DGXX,Digi Power X Inc. Subordinate Voting Shares,$4.93,-0.14,-2.761%,225942378.00,Canada,,4100800,Finance,Finance: Consumer Services
DH,Definitive Healthcare Corp. Class A Common Stock,$2.85,-0.08,-2.73%,294414653.00,United States,2021,227184,Technology,Computer Software: Prepackaged Software
DHC,Diversified Healthcare Trust Common Shares of Beneficial Interest,$4.50,0.03,0.671%,1089661329.00,United States,,1078625,Real Estate,Real Estate Investment Trusts
DHCNI,Diversified Healthcare Trust 5.625% Senior Notes due 2042,$16.85,0.10,0.597%,4067831915.00,United States,,14329,Real Estate,Real Estate Investment Trusts
DHCNL,Diversified Healthcare Trust 6.25% Senior Notes Due 2046,$17.60,0.05,0.285%,4248892683.00,United States,,24635,Real Estate,Real Estate Investment Trusts
DHF,BNY Mellon High Yield Strategies Fund Common Stock,$2.55,0.02,0.791%,0.00,United States,1998,468537,Finance,Finance Companies
DHI,D.R. Horton Inc. Common Stock,$144.57,-0.20,-0.138%,43099718588.00,United States,,2745140,Consumer Discretionary,Homebuilding
DHIL,Diamond Hill Investment Group Inc. Class A Common Stock,$131.56,-0.04,-0.03%,355908742.00,United States,,28999,Finance,Investment Managers
DHR,Danaher Corporation Common Stock,$211.17,1.23,0.586%,151208614260.00,United States,,2255192,Industrials,Industrial Machinery/Components
DHT,DHT Holdings Inc.,$13.36,0.02,0.15%,2145054586.00,Jersey,2005,2320132,Consumer Discretionary,Marine Transportation
DHX,DHI Group Inc. Common Stock,$1.69,-0.06,-3.429%,81137495.00,United States,2007,148254,Real Estate,Real Estate
DHY,Credit Suisse High Yield Credit Fund Common Stock,$2.06,0.00,0.00%,0.00,United States,1998,676407,Finance,Finance/Investors Services
DIAX,Nuveen Dow 30SM Dynamic Overwrite Fund Common Shares of Beneficial Interest,$14.94,0.13,0.878%,0.00,,2014,58265,Finance,Finance Companies
DIBS,1stdibs.com Inc. Common Stock,$4.13,0.11,2.736%,149698495.00,United States,2021,533385,Consumer Discretionary,Catalog/Specialty Distribution
DIN,Dine Brands Global Inc. Common Stock,$25.50,0.60,2.41%,367804325.00,United States,,530817,Consumer Discretionary,Restaurants
DINO,HF Sinclair Corporation Common Stock,$55.34,0.61,1.115%,10179695214.00,United States,1960,1864309,Energy,Natural Gas Distribution
DIOD,Diodes Incorporated Common Stock,$46.61,2.335,5.274%,2162020278.00,United States,,505698,Technology,Semiconductors
DIS,Walt Disney Company (The) Common Stock,$112.24,1.50,1.355%,201800093416.00,United States,,9155054,Consumer Discretionary,Services-Misc. Amusement & Recreation
DIT,AMCON Distributing Company Common Stock,$117.03,1.53,1.325%,75538418.00,United States,1999,299,Consumer Discretionary,Food Distributors
DJCO,Daily Journal Corp. (S.C.) Common Stock,$399.23,-3.88,-0.963%,549909782.00,United States,,494026,Consumer Discretionary,Newspapers/Magazines
DJT,Trump Media & Technology Group Corp. Common Stock,$13.43,0.33,2.519%,3721015128.00,United States,2024,5230992,Technology,Computer Software: Programming Data Processing
DJTWW,Trump Media & Technology Group Corp. Warrants,$6.262,0.3018,5.064%,1734996034.00,United States,2021,35076,Technology,Computer Software: Programming Data Processing
DK,Delek US Holdings Inc. Common Stock,$41.50,0.07,0.169%,2496324891.00,United States,2017,2701760,Energy,Integrated oil Companies
DKI,DarkIris Inc. Class A Ordinary Shares,$0.4654,-0.0341,-6.827%,8144500.00,Hong Kong,2025,46171,Technology,Computer Software: Prepackaged Software
DKL,Delek Logistics Partners L.P. Common Units representing Limited Partner Interests,$45.12,0.46,1.03%,2412287964.00,United States,2012,92932,Energy,Natural Gas Distribution
DKNG,DraftKings Inc. Class A Common Stock,$30.54,0.14,0.461%,15162195968.00,United States,2019,31342740,Consumer Discretionary,Services-Misc. Amusement & Recreation
DKS,Dick's Sporting Goods Inc Common Stock,$219.62,0.51,0.233%,17590833520.00,United States,2002,692655,Consumer Discretionary,Other Specialty Stores
DLB,Dolby Laboratories Common Stock,$65.48,0.37,0.568%,6275877234.00,United States,2005,470836,Miscellaneous,Multi-Sector Companies
DLHC,DLH Holdings Corp.,$5.90,-0.07,-1.173%,84880161.00,United States,,23015,Consumer Discretionary,Professional Services
DLNG,Dynagas LNG Partners LP Common Units,$3.51,-0.06,-1.681%,128739015.00,Greece,,28195,Consumer Discretionary,Marine Transportation
DLNG^A,Dynagas LNG Partners LP 9.00% Series A Cumulative Redeemable Preferred Units,$26.142,-0.058,-0.221%,,Greece,,465,,
DLO,DLocal Limited Class A Common Shares,$14.16,0.57,4.194%,4042327926.00,Uruguay,2021,1822926,Real Estate,Real Estate
DLPN,Dolphin Entertainment Inc. Common Stock,$1.54,0.08,5.479%,18076095.00,United States,,29664,Consumer Discretionary,Other Consumer Services
DLR,Digital Realty Trust Inc. Common Stock,$169.21,-0.68,-0.40%,58123897614.00,United States,2004,1247577,Real Estate,Real Estate Investment Trusts
DLR^J,Digital Realty Trust Inc. 5.250% Series J Cumulative Redeemable Preferred Stock,$22.64,0.12,0.533%,,United States,,15090,,
DLR^K,Digital Realty Trust Inc. 5.850% Series K Cumulative Redeemable Preferred Stock par value $0.01 per share,$24.4685,0.1685,0.693%,,United States,,21154,,
DLR^L,Digital Realty Trust Inc. 5.200% Series L Cumulative Redeemable Preferred Stock,$22.2001,0.1201,0.544%,,United States,,8074,,
DLTH,Duluth Holdings Inc. Class B Common Stock,$2.89,0.13,4.71%,106039238.00,United States,2015,11032,Consumer Discretionary,Clothing/Shoe/Accessory Stores
DLTR,Dollar Tree Inc. Common Stock,$106.29,0.55,0.52%,21679741926.00,United States,1995,2771574,Consumer Discretionary,Department/Specialty Retail Stores
DLX,Deluxe Corporation Common Stock,$20.86,0.16,0.773%,938859871.00,United States,,319638,Consumer Discretionary,Publishing
DLXY,Delixy Holdings Limited Ordinary Shares,$1.03,-0.005,-0.483%,16840500.00,Singapore,2025,41202,Energy,Oil Refining/Marketing
DLY,DoubleLine Yield Opportunities Fund Common Shares of Beneficial Interest,$14.79,0.00,0.00%,709118071.00,United States,2020,248485,Finance,Investment Managers
DMA,Destra Multi-Alternative Fund Common Stock,$8.82,0.08,0.915%,0.00,,2022,42550,Finance,Trusts Except Educational Religious and Charitable
DMAA,Drugs Made In America Acquisition Corp. Ordinary Shares,$10.32,0.0075,0.073%,0.00,United States,2025,356,,
DMAAR,Drugs Made In America Acquisition Corp. Rights,$0.18,0.00,0.00%,0.00,United States,2025,12044,Finance,Blank Checks
DMAAU,Drugs Made In America Acquisition Corp. Units,$10.54,-0.05,-0.472%,0.00,United States,2025,1405,,
DMAC,DiaMedica Therapeutics Inc. Common Stock,$6.06,0.14,2.365%,313234813.00,United States,2018,259215,Health Care,Biotechnology: Pharmaceutical Preparations
DMB,BNY Mellon Municipal Bond Infrastructure Fund Inc. Common Stock,$10.80,0.03,0.279%,0.00,,2013,31607,Finance,Trusts Except Educational Religious and Charitable
DMIIU,Drugs Made In America Acquisition II Corp. Unit,$10.04,0.005,0.05%,0.00,United States,2025,2289,,
DMLP,Dorchester Minerals L.P. Common Units Representing Limited Partnership Interests,$22.69,-0.36,-1.562%,1094916161.00,United States,,241071,Energy,Oil & Gas Production
DMO,Western Asset Mortgage Opportunity Fund Inc. Common Stock,$11.98,0.02,0.167%,0.00,United States,2010,33276,Finance,Trusts Except Educational Religious and Charitable
DMRC,Digimarc Corporation Common Stock,$8.18,-0.12,-1.446%,177353672.00,United States,,187040,Technology,EDP Services
DNA,Ginkgo Bioworks Holdings Inc. Class A Common Stock,$8.77,-0.18,-2.011%,531376221.00,United States,2021,1448764,Health Care,Biotechnology: Biological Products (No Diagnostic Substances)
DNLI,Denali Therapeutics Inc. Common Stock,$15.60,0.58,3.862%,2287924595.00,United States,2017,1923413,Health Care,Biotechnology: Biological Products (No Diagnostic Substances)
DNMXU,Dynamix Corporation III Unit,$10.16,0.02,0.197%,0.00,United States,2025,1147,,
DNN,Denison Mines Corp Ordinary Shares (Canada),$2.64,0.09,3.529%,2368847028.00,Canada,,63633937,Basic Materials,Other Metals and Minerals
DNOW,DNOW Inc. Common Stock,$13.13,-0.55,-4.02%,1378807114.00,United States,2014,4149349,Consumer Discretionary,Oil and Gas Field Machinery
DNP,DNP Select Income Fund Inc. Common Stock,$10.20,0.11,1.09%,0.00,United States,1987,780274,Finance,Investment Managers
DNTH,Dianthus Therapeutics Inc. Common Stock,$36.61,0.33,0.91%,1569690909.00,United States,2018,434308,Health Care,Biotechnology: Pharmaceutical Preparations
DNUT,Krispy Kreme Inc. Common Stock,$4.29,0.13,3.125%,734877000.00,United States,2021,6561447,Consumer Staples,Food Chains
DOC,Healthpeak Properties Inc. Common Stock,$17.70,-0.12,-0.673%,12300611867.00,United States,,7303677,Real Estate,Real Estate Investment Trusts
DOCN,DigitalOcean Holdings Inc. Common Stock,$51.67,2.19,4.426%,4727398977.00,United States,2021,3475382,Technology,Computer Software: Programming Data Processing
DOCS,Doximity Inc. Class A Common Stock,$52.54,-1.75,-3.223%,9891772473.00,United States,2021,2391545,Technology,EDP Services
DOCU,DocuSign Inc. Common Stock,$69.65,-0.05,-0.072%,14006901749.00,United States,1989,1602013,Technology,Computer Software: Prepackaged Software
DOGZ,Dogness (International) Corporation Class A Common Stock,$12.05,0.39,3.345%,171840929.00,China,2017,11300,Consumer Discretionary,Miscellaneous manufacturing industries
DOLE,Dole plc Ordinary Shares,$13.80,0.66,5.023%,1312904869.00,Ireland,2021,1893070,Consumer Staples,Farming/Seeds/Milling
DOMH,Dominari Holdings Inc. Common Stock,$4.97,0.21,4.412%,76132637.00,United States,,271803,Health Care,Biotechnology: Pharmaceutical Preparations
DOMO,Domo Inc. Class B Common Stock,$13.03,0.40,3.167%,537242875.00,United States,2018,269854,Technology,Computer Software: Prepackaged Software
DOOO,BRP Inc. (Recreational Products) Common Subordinate Voting Shares,$63.70,-0.21,-0.329%,4652717051.00,Canada,,67238,Consumer Discretionary,Industrial Specialties
DORM,Dorman Products Inc. Common Stock,$134.01,-0.28,-0.209%,4095699922.00,United States,,176997,Consumer Discretionary,Auto Parts:O.E.M.
DOUG,Douglas Elliman Inc. Common Stock,$2.60,0.16,6.557%,230929322.00,United States,2021,379951,Finance,Real Estate
DOV,Dover Corporation Common Stock,$182.09,1.76,0.976%,24974230376.00,United States,,937679,Industrials,Industrial Machinery/Components
DOW,Dow Inc. Common Stock ,$22.10,-0.19,-0.852%,15707959363.00,United States,2019,14772391,Industrials,Major Chemicals
DOX,Amdocs Limited Ordinary Shares,$85.49,0.92,1.088%,9651014316.00,Guernsey,,925071,Technology,EDP Services
DOYU,DouYu International Holdings Limited ADS,$7.04,0.17,2.475%,212459167.00,China,2019,42146,Technology,Computer Software: Programming Data Processing
DPG,Duff & Phelps Utility and Infrastructure Fund Inc.,$13.07,0.09,0.693%,0.00,United States,2011,79248,Finance,Trusts Except Educational Religious and Charitable
DPRO,Draganfly Inc. Common Shares,$8.25,-0.22,-2.597%,183449772.00,Canada,,2091982,Industrials,Aerospace
DPZ,Domino's Pizza Inc Common Stock,$407.59,-2.59,-0.631%,13770924595.00,United States,2004,463691,Consumer Discretionary,Food Distributors
DQ,DAQO New Energy Corp. American Depositary Shares each representing five ordinary shares,$35.69,2.19,6.537%,2393254158.00,China,2010,1935568,Technology,Semiconductors
DRCT,Direct Digital Holdings Inc. Class A Common Stock,$0.2131,0.0071,3.447%,4798455.00,United States,2022,2580548,Consumer Discretionary,Advertising
DRD,DRDGOLD Limited American Depositary Shares,$27.11,0.97,3.711%,2343899993.00,South Africa,,484360,Basic Materials,Precious Metals
DRDB,Roman DBDR Acquisition Corp. II Ordinary shares,$10.44,0.005,0.048%,0.00,United States,2025,433,,
DRDBW,Roman DBDR Acquisition Corp. II Warrants,$0.70,-0.0324,-4.424%,0.00,United States,2025,2593,,
DRH,Diamondrock Hospitality Company Common Stock,$9.33,0.37,4.129%,1912226325.00,United States,2005,7003888,Real Estate,Real Estate Investment Trusts
DRH^A,Diamondrock Hospitality Company 8.250% Series A Cumulative Redeemable Preferred Stock,$25.2794,-0.0586,-0.231%,,United States,,9023,,
DRI,Darden Restaurants Inc. Common Stock,$173.59,-4.47,-2.51%,20190905946.00,United States,,1418718,Consumer Discretionary,Restaurants
DRIO,DarioHealth Corp. Common Stock,$13.01,0.51,4.08%,88067084.00,Israel,,18991,Health Care,Medical/Dental Instruments
DRMA,Dermata Therapeutics Inc. Common Stock,$3.224,0.184,6.053%,2197340.00,United States,2021,54835,Health Care,Biotechnology: Pharmaceutical Preparations
DRMAW,Dermata Therapeutics Inc. Warrant,$0.0275,-0.0015,-5.172%,18743.00,United States,2021,3826,Health Care,Biotechnology: Pharmaceutical Preparations
DRS,Leonardo DRS Inc. Common Stock,$35.61,0.28,0.793%,9473211677.00,Israel,,2341364,Industrials,Industrial Machinery/Components
DRTS,Alpha Tau Medical Ltd. Ordinary Shares,$3.92,0.06,1.554%,275891834.00,Israel,,73829,Health Care,Medical/Dental Instruments
DRTSW,Alpha Tau Medical Ltd. Warrant,$0.285,0.005,1.786%,20058462.00,Israel,,400,Health Care,Medical/Dental Instruments
DRUG,Bright Minds Biosciences Inc. Common Stock,$59.30,0.51,0.867%,420119093.00,Canada,,259664,Health Care,Biotechnology: Pharmaceutical Preparations
DRVN,Driven Brands Holdings Inc. Common Stock,$13.78,-0.07,-0.505%,2266179124.00,United States,2021,1202218,Consumer Discretionary,Automotive Aftermarket
DSGN,Design Therapeutics Inc. Common Stock,$7.43,-0.13,-1.72%,423240715.00,United States,2021,232936,Health Care,Biotechnology: Pharmaceutical Preparations
DSGR,Distribution Solutions Group Inc. Common Stock,$26.50,0.35,1.338%,1225036276.00,United States,,79172,Consumer Discretionary,Industrial Specialties
DSGX,Descartes Systems Group Inc. (The) Common Stock,$82.84,-1.52,-1.802%,7118898145.00,Canada,,791618,Technology,Computer Software: Prepackaged Software
DSL,DoubleLine Income Solutions Fund Common Shares of Beneficial Interests,$11.53,0.01,0.087%,1176023427.00,United States,2013,497810,Finance,Trusts Except Educational Religious and Charitable
DSM,BNY Mellon Strategic Municipal Bond Fund Inc. Common Stock,$5.99,0.03,0.503%,0.00,United States,1989,64495,Finance,Investment Managers
DSP,Viant Technology Inc. Class A Common Stock,$8.74,0.14,1.628%,550192902.00,United States,2021,281656,Technology,Computer Software: Programming Data Processing
DSS,DSS Inc. Common Stock,$1.20,-0.02,-1.639%,10911022.00,United States,,11380,Consumer Discretionary,Containers/Packaging
DSU,Blackrock Debt Strategies Fund Inc. Common Stock,$10.37,0.07,0.68%,0.00,United States,1998,149548,Finance,Finance Companies
DSWL,Deswell Industries Inc. Common Shares,$3.49,0.10,2.95%,55613984.00,Macau,1995,11180,Industrials,Plastic Products
DSX,Diana Shipping inc. common stock,$1.81,0.11,6.471%,209539828.00,Greece,2005,429633,Consumer Discretionary,Marine Transportation
DSX^B,Diana Shipping Inc. Perpetual Preferred Shares Series B (Marshall Islands),$27.02,0.26,0.972%,,Greece,,835,,
DSY,Big Tree Cloud Holdings Limited Ordinary Shares,$0.5767,0.0117,2.071%,54808094.00,China,,401046,Consumer Discretionary,Containers/Packaging
DSYWW,Big Tree Cloud Holdings Limited Warrants,$0.0331,-0.0019,-5.429%,3145739.00,China,,51982,Consumer Discretionary,Containers/Packaging
DT,Dynatrace Inc. Common Stock,$46.72,-0.50,-1.059%,14085532021.00,United States,2019,4192814,Technology,Computer Software: Prepackaged Software
DTB,DTE Energy Company 2020 Series G 4.375% Junior Subordinated Debentures due 2080,$18.19,0.08,0.442%,3777753988.00,United States,2020,12938,Utilities,Electric Utilities: Central
DTCK,Davis Commodities Limited Class A Ordinary Shares,$1.26,-0.15,-10.638%,30870788.00,Singapore,2023,3282270,Industrials,Farming/Seeds/Milling
DTE,DTE Energy Company Common Stock,$139.13,2.38,1.74%,28894937460.00,United States,,2210059,Utilities,Electric Utilities: Central
DTF,DTF Tax-Free Income 2028 Term Fund Inc. Common Stock,$11.328,-0.072,-0.632%,79630935.00,United States,1991,354,Finance,Investment Managers
DTG,DTE Energy Company 2021 Series E 4.375% Junior Subordinated Debentures,$18.25,0.15,0.829%,3790214969.00,United States,2021,18691,Utilities,Electric Utilities: Central
DTI,Drilling Tools International Corporation Common Stock,$2.18,0.16,7.921%,77741627.00,United States,2021,15850,Consumer Discretionary,Oil and Gas Field Machinery
DTIL,Precision BioSciences Inc. Common Stock,$6.07,-0.07,-1.14%,80468479.00,United States,2019,243873,Health Care,Biotechnology: Biological Products (No Diagnostic Substances)
DTK,DTE Energy Company 2025 Series H 6.25% Junior Subordinated Debentures due 2085,$25.20,0.07,0.279%,0.00,United States,2025,32063,Utilities,Electric Utilities: Central
DTM,DT Midstream Inc. Common Stock ,$114.82,0.82,0.719%,11674200069.00,United States,2021,608456,Utilities,Natural Gas Distribution
DTSQ,DT Cloud Star Acquisition Corporation Ordinary Shares,$10.85,0.00,0.00%,0.00,United States,2024,907,,
DTSQR,DT Cloud Star Acquisition Corporation Right,$0.18,-0.0001,-0.056%,0.00,United States,2024,100,,
DTSS,Datasea Inc. Common Stock,$1.73,-0.07,-3.889%,14284292.00,China,,18750,Technology,Computer Software: Prepackaged Software
DTST,Data Storage Corporation Common Stock,$4.143,-0.027,-0.647%,30088272.00,United States,,36652,Technology,EDP Services
DTSTW,Data Storage Corporation Warrant,$0.2498,0.0408,19.522%,1814157.00,United States,,39198,Technology,EDP Services
DTW,DTE Energy Company 2017 Series E 5.25% Junior Subordinated Debentures due 2077,$22.18,0.18,0.818%,4606409206.00,United States,2017,22526,Utilities,Electric Utilities: Central
DUK,Duke Energy Corporation (Holding Company) Common Stock,$122.93,-0.73,-0.59%,95593375728.00,United States,,4441959,Utilities,Power Generation
DUK^A,Duke Energy Corporation Depositary Shares each representing a 1/1000th interest in a share of 5.75% Series A Cumulative Redeemable Perpetual Preferred Stock,$25.33,0.18,0.716%,,United States,,38278,,
DUKB,Duke Energy Corporation 5.625% Junior Subordinated Debentures due 2078,$24.89,0.20,0.81%,19355072984.00,United States,2018,34862,Utilities,Power Generation
DUO,Fangdd Network Group Ltd. Class A Ordinary Shares,$2.13,0.17,8.673%,8316723.00,China,2019,168999,Finance,Real Estate
DUOL,Duolingo Inc. Class A Common Stock,$192.80,-8.41,-4.18%,8912634430.00,United States,2021,3315698,Technology,Computer Software: Prepackaged Software
DUOT,Duos Technologies Group Inc. Common Stock,$9.99,0.07,0.706%,193948857.00,United States,,209629,Technology,Computer Software: Prepackaged Software
DV,DoubleVerify Holdings Inc. Common Stock,$10.38,0.99,10.543%,1698462574.00,United States,2021,6035815,Technology,Computer Software: Programming Data Processing
DVA,DaVita Inc. Common Stock,$120.17,-3.52,-2.846%,8484002000.00,United States,,1044630,Health Care,Misc Health and Biotechnology Services
DVAX,Dynavax Technologies Corporation Common Stock,$11.04,0.21,1.939%,1296371647.00,United States,2004,1914094,Health Care,Biotechnology: Pharmaceutical Preparations
DVLT,Datavault AI Inc. Common Stock,$1.63,-0.06,-3.55%,159238570.00,United States,2018,49894270,Technology,Semiconductors
DVN,Devon Energy Corporation Common Stock,$33.92,0.22,0.653%,21278016000.00,United States,1985,6806556,Energy,Oil & Gas Production
DVS,Dolly Varden Silver Corporation Common Shares,$4.14,0.31,8.094%,360863742.00,,2025,1002922,,
DWSN,Dawson Geophysical Company Common Stock,$2.11,0.16,8.205%,65510860.00,United States,,64048,Energy,Oil & Gas Production
DWTX,Dogwood Therapeutics Inc. Common Stock,$5.56,0.30,5.703%,12749981.00,United States,2020,11109,Health Care,Biotechnology: Pharmaceutical Preparations
DX,Dynex Capital Inc. Common Stock,$13.59,-0.03,-0.22%,1995307515.00,United States,,5623300,Real Estate,Real Estate Investment Trusts
DX^C,Dynex Capital Inc. 6.900% Series C Fixed-to-Floating Rate Cumulative Redeemable Preferred Stock,$25.90,-0.21,-0.804%,,United States,,49338,,
DXC,DXC Technology Company Common Stock ,$13.52,0.36,2.736%,2354290963.00,United States,,1855796,Technology,EDP Services
DXCM,DexCom Inc. Common Stock,$54.84,-0.16,-0.291%,2377935831.00,United States,2005,8862840,Health Care,Medical/Dental Instruments
DXF,Eason Technology Limited American Depositary Shares (each representing sixty-thousand (60000) Ordinary Shares),$2.66,0.07,2.703%,3691934.00,,,14331,Finance,Finance: Consumer Services
DXLG,Destination XL Group Inc. Common Stock,$0.90,-0.0423,-4.489%,48494838.00,United States,,31386,Consumer Discretionary,Clothing/Shoe/Accessory Stores
DXPE,DXP Enterprises Inc. Common Stock,$100.98,-0.04,-0.04%,1583294704.00,United States,,266509,Industrials,Industrial Machinery/Components
DXR,Daxor Corporation Common Stock,$12.80,-0.16,-1.235%,61952000.00,United States,,30295,Health Care,Medical/Dental Instruments
DXST,Decent Holding Inc Class A Ordinary Shares,$1.17,0.06,5.405%,19012500.00,China,2025,68307,Industrials,Miscellaneous
DXYZ,Destiny Tech100 Inc. Common Stock,$24.64,-0.41,-1.637%,0.00,,2024,240499,,
DY,Dycom Industries Inc. Common Stock,$293.62,7.21,2.517%,8501503136.00,United States,,263308,Industrials,Water Sewer Pipeline Comm & Power Line Construction
DYAI,Dyadic International Inc. Common Stock,$0.9993,0.0646,6.911%,36162467.00,United States,,296193,Health Care,Biotechnology: Biological Products (No Diagnostic Substances)
DYCQ,DT Cloud Acquisition Corporation Ordinary Shares,$12.54,0.00,0.00%,0.00,United Kingdom,2024,339,,
DYCQR,DT Cloud Acquisition Corporation Right,$0.25,0.00,0.00%,0.00,United Kingdom,2024,158,,
DYCQU,DT Cloud Acquisition Corporation Unit,$12.51,-0.39,-3.023%,0.00,United Kingdom,2024,1764,,
DYN,Dyne Therapeutics Inc. Common Stock,$18.51,0.15,0.817%,2643684956.00,United States,2020,2038066,Health Care,Biotechnology: Pharmaceutical Preparations
DYORU,Insight Digital Partners II Units,$10.13,-0.02,-0.197%,0.00,United States,2025,66269,Finance,Blank Checks
E,ENI S.p.A. Common Stock,$37.63,0.57,1.538%,61797689247.00,Italy,,260952,Energy,Oil & Gas Production
EA,Electronic Arts Inc. Common Stock,$201.40,0.80,0.399%,50230078787.00,United States,,1622892,Consumer Discretionary,Services-Misc. Amusement & Recreation
EAD,Allspring Income Opportunities Fund Common Shares,$6.89,0.03,0.437%,0.00,United States,2003,248131,Finance,Finance/Investors Services
EAF,GrafTech International Ltd. Common Stock,$13.24,0.35,2.715%,341858256.00,United States,2018,215715,Energy,Industrial Machinery/Components
EAI,Entergy Arkansas LLC First Mortgage Bonds 4.875% Series Due September 1 2066,$21.44,0.1601,0.752%,9575037622.00,United States,2016,12096,Utilities,Electric Utilities: Central
EARN,Ellington Credit Company Common Shares of Beneficial Interest,$5.22,-0.05,-0.949%,196058998.00,United States,2013,366486,Real Estate,Real Estate Investment Trusts
EAT,Brinker International Inc. Common Stock,$106.61,3.97,3.868%,4736811831.00,United States,,2228938,Consumer Discretionary,Restaurants
EB,Eventbrite Inc. Class A Common Stock,$2.74,0.11,4.183%,267629927.00,United States,2018,957025,Technology,Computer Software: Programming Data Processing
EBAY,eBay Inc. Common Stock,$85.18,1.38,1.647%,38501360000.00,United States,1998,4573023,Real Estate,Real Estate
EBC,Eastern Bankshares Inc. Common Stock,$17.40,-0.15,-0.855%,3667883982.00,United States,2020,2308882,Finance,Savings Institutions
EBF,Ennis Inc. Common Stock,$17.02,0.05,0.295%,436218362.00,United States,,265380,Consumer Discretionary,Office Equipment/Supplies/Services
EBMT,Eagle Bancorp Montana Inc. Common Stock,$16.59,0.09,0.545%,131926616.00,United States,2010,10362,Finance,Major Banks
EBON,Ebang International Holdings Inc. Class A Ordinary Shares,$4.15,-0.115,-2.696%,27157343.00,China,2020,3344,Technology,Semiconductors
EBS,Emergent BioSolutions Inc. Common Stock,$10.99,0.83,8.169%,577194404.00,United States,2006,1286696,Health Care,Biotechnology: Pharmaceutical Preparations
EC,Ecopetrol S.A. American Depositary Shares,$9.88,-0.04,-0.403%,20311647182.00,Colombia,,2933839,Energy,Oil & Gas Production
ECAT,BlackRock ESG Capital Allocation Term Trust Common Shares of Beneficial Interest,$16.30,0.30,1.875%,1762600500.00,United States,2021,277841,Finance,Trusts Except Educational Religious and Charitable
ECBK,ECB Bancorp Inc. Common Stock,$17.38,0.34,1.995%,153831179.00,United States,2022,3036,Finance,Banks
ECC,Eagle Point Credit Company Inc. Common Stock,$6.03,-0.21,-3.365%,365795020.00,United States,2014,2400198,Finance,Trusts Except Educational Religious and Charitable
ECC^D,Eagle Point Credit Company Inc. 6.75% Series D Preferred Stock,$19.5105,-0.1495,-0.76%,,United States,,14969,,
ECCC,Eagle Point Credit Company Inc. 6.50% Series C Term Preferred Stock due 2031,$23.35,-0.02,-0.086%,1416469935.00,United States,,883,Finance,Trusts Except Educational Religious and Charitable
ECCF,Eagle Point Credit Company Inc. 8.00% Series F Term Preferred Stock due 2029,$25.27,-0.11,-0.433%,27510762364.00,United States,,805,,
ECCU,Eagle Point Credit Company Inc. 7.75% Notes due 2030,$25.0603,-0.0297,-0.118%,0.00,United States,2024,8450,,
ECCV,Eagle Point Credit Company Inc. 5.375% Notes due 2029,$23.285,-0.1285,-0.549%,1412526871.00,United States,2022,5585,Finance,Trusts Except Educational Religious and Charitable
ECCW,Eagle Point Credit Company Inc. 6.75% Notes due 2031,$23.96,0.01,0.042%,1453474075.00,United States,2021,774,Finance,Trusts Except Educational Religious and Charitable
ECCX,Eagle Point Credit Company Inc. 6.6875% Notes due 2028,$24.9452,-0.0148,-0.059%,1513238794.00,United States,2022,369,Finance,Trusts Except Educational Religious and Charitable
ECDA,ECD Automotive Design Inc. Common Stock,$1.10,-0.23,-17.293%,1625006.00,United States,2022,185169,Industrials,Auto Manufacturing
ECDAW,ECD Automotive Design Inc. Warrant ,$0.0169,-0.0029,-14.646%,24966.00,United States,2022,13297,Industrials,Auto Manufacturing
ECF,Ellsworth Growth and Income Fund Ltd.,$12.345,0.195,1.605%,0.00,United States,1986,24807,Finance,Finance/Investors Services
ECF^A,Ellsworth Growth and Income Fund Ltd. 5.25% Series A Cumulative Preferred Shares (Liquidation Preference $25.00 per share),$21.96,0.0046,0.021%,,United States,,921,,
ECG,Everus Construction Group Inc. Common Stock,$100.85,3.04,3.108%,5144013089.00,United States,2024,354907,Consumer Discretionary,Homebuilding
ECL,Ecolab Inc. Common Stock,$258.56,2.43,0.949%,73233410440.00,United States,,1294720,Consumer Discretionary,Package Goods/Cosmetics
ECO,Okeanis Eco Tankers Corp. Common Stock,$34.13,0.61,1.82%,1098784906.00,,,103035,Consumer Discretionary,Marine Transportation
ECOR,electroCore Inc. Common Stock,$6.22,0.39,6.69%,49734517.00,United States,2018,135450,Health Care,Biotechnology: Electromedical & Electrotherapeutic Apparatus
ECPG,Encore Capital Group Inc Common Stock,$49.60,2.29,4.84%,1106262330.00,United States,,392651,Finance,Finance Companies
ECVT,Ecovyst Inc. Common Stock,$8.58,0.14,1.659%,978286572.00,United States,2017,1077444,Industrials,Major Chemicals
ECX,ECARX Holdings Inc. Class A Ordinary shares,$2.14,-0.19,-8.155%,739862256.00,China,,11222421,Technology,EDP Services
ECXWW,ECARX Holdings Inc. Warrants,$0.088,0.0081,10.138%,30424242.00,China,,4100,Technology,EDP Services
ED,Consolidated Edison Inc. Common Stock,$98.24,-0.28,-0.284%,35458314130.00,United States,,2188924,Utilities,Power Generation
EDAP,EDAP TMS S.A. American Depositary Shares,$2.03,0.01,0.495%,75905935.00,France,1997,105684,Health Care,Biotechnology: Electromedical & Electrotherapeutic Apparatus
EDBL,Edible Garden AG Incorporated Common Stock,$1.44,0.02,1.408%,4211902.00,United States,2022,42092,Consumer Staples,Farming/Seeds/Milling
EDBLW,Edible Garden AG Incorporated Warrant,$0.1774,0.0114,6.867%,518883.00,United States,2022,28329,Consumer Staples,Farming/Seeds/Milling
EDD,Morgan Stanley Emerging Markets Domestic Debt Fund Inc. Common Stock,$5.34,0.03,0.565%,0.00,United States,2007,303725,Finance,Finance Companies
EDF,Virtus Stone Harbor Emerging Markets Income Fund Common Shares of Beneficial Interest,$5.00,0.078,1.585%,0.00,United States,2010,125014,Finance,Investment Managers
EDHL,Everbright Digital Holding Limited Ordinary Shares,$1.07,0.00,0.00%,28355000.00,Hong Kong,2025,492891,Consumer Discretionary,Advertising
EDIT,Editas Medicine Inc. Common Stock,$2.52,0.05,2.024%,226598813.00,United States,2016,2283600,Health Care,Biotechnology: Biological Products (No Diagnostic Substances)
EDN,Empresa Distribuidora Y Comercializadora Norte S.A. (Edenor) American Depositary Shares,$33.17,0.48,1.468%,1503355783.00,Argentina,2007,211715,Utilities,Electric Utilities: Central
EDRY,EuroDry Ltd. Common Shares ,$13.4792,0.9492,7.575%,38101614.00,Greece,,2321,Consumer Discretionary,Marine Transportation
EDSA,Edesa Biotech Inc. Common Shares,$1.73,0.02,1.17%,12175131.00,United States,,42471,Health Care,Biotechnology: Pharmaceutical Preparations
EDTK,Skillful Craftsman Education Technology Limited Ordinary Share,$1.06,0.01,0.952%,16885218.00,China,2020,801,Real Estate,Other Consumer Services
EDU,New Oriental Education & Technology Group Inc. Sponsored ADR representing 10 Ordinary Share (Cayman Islands),$55.17,0.72,1.322%,21950177183.00,China,2006,639799,Real Estate,Other Consumer Services
EDUC,Educational Development Corporation Common Stock,$1.35,0.00,0.00%,11587321.00,United States,,29144,Consumer Discretionary,Consumer Specialties
EE,Excelerate Energy Inc. Class A Common Stock,$27.88,0.31,1.124%,3179183444.00,United States,2022,341418,Utilities,Oil/Gas Transmission
EEA,The European Equity Fund Inc. Common Stock,$10.6205,0.0205,0.193%,0.00,United States,,35528,Finance,Trusts Except Educational Religious and Charitable
EEFT,Euronet Worldwide Inc. Common Stock,$71.64,-0.64,-0.885%,3012080947.00,United States,1997,651937,Finance,Investment Bankers/Brokers/Service
EEIQ,EpicQuest Education Group International Limited Common Stock,$0.3899,0.0348,9.80%,5184958.00,United States,2021,116393,Real Estate,Other Consumer Services
EEX,Emerald Holding Inc. Common Stock,$4.02,0.03,0.752%,795185567.00,United States,2017,25381,Real Estate,Real Estate
EFC,Ellington Financial Inc. Common Stock ,$13.28,-0.07,-0.524%,1326590912.00,United States,2010,1250131,Finance,Real Estate
EFC^A,Ellington Financial Inc. 6.750% Series A Fixed-to-Floating Rate Cumulative Redeemable Preferred Stock,$25.2999,-0.0001,0.00%,,United States,,4310,,
EFC^B,Ellington Financial Inc. 6.250% Series B Fixed-Rate Reset Cumulative Redeemable Preferred Stock,$23.57,0.12,0.512%,,United States,,1011,,
EFC^C,Ellington Financial Inc. 8.625% Series C Fixed-Rate Reset Cumulative Redeemable Preferred Stock,$25.25,0.0022,0.009%,,United States,,4816,,
EFC^D,Ellington Financial Inc. 7.00% Series D Cumulative Perpetual Redeemable Preferred Stock,$24.40,0.1499,0.618%,,United States,,877,,
EFOI,Energy Focus Inc. Common Stock,$2.35,0.08,3.524%,12865933.00,United States,,11748,Consumer Discretionary,Building Products
EFR,Eaton Vance Senior Floating-Rate Fund Common Shares of Beneficial Interest,$11.19,0.01,0.089%,0.00,United States,2003,144616,Finance,Trusts Except Educational Religious and Charitable
EFSC,Enterprise Financial Services Corporation Common Stock,$53.47,0.73,1.384%,1978973304.00,United States,,118219,Finance,Major Banks
EFSCP,Enterprise Financial Services Corporation Depositary Shares Each Representing a 1/40th Interest in a Share of 5% Fixed Rate Non-Cumulative Perpetual Preferred Stock Series A,$20.40,0.15,0.741%,755022544.00,United States,,3829,Finance,Major Banks
EFSI,Eagle Financial Services Inc Common Stock,$35.93,0.40,1.126%,193172112.00,United States,,1802,Finance,Major Banks
EFT,Eaton Vance Floating Rate Income Trust Common Shares of Beneficial Interest,$11.45,0.00,0.00%,333085252.00,United States,2004,92050,Finance,Finance Companies
EFX,Equifax Inc. Common Stock,$208.82,1.23,0.593%,25851368892.00,United States,,1158840,Finance,Finance: Consumer Services
EFXT,Enerflex Ltd Common Shares,$13.55,0.16,1.195%,1650414105.00,Canada,2022,820722,Industrials,Industrial Machinery/Components
EG,Everest Group Ltd. Common Stock,$328.61,2.47,0.757%,13794409639.00,Bermuda,,440930,Finance,Property-Casualty Insurers
EGAN,eGain Corporation Common Stock,$15.175,0.755,5.236%,407707742.00,United States,1999,1262843,Technology,Computer Software: Prepackaged Software
EGBN,Eagle Bancorp Inc. Common Stock,$16.32,-0.26,-1.568%,495621835.00,United States,,439881,Finance,Major Banks
EGO,Eldorado Gold Corporation Ordinary Shares,$28.10,1.32,4.929%,5655818620.00,Canada,,1767958,Basic Materials,Precious Metals
EGP,EastGroup Properties Inc. Common Stock,$176.81,-0.89,-0.501%,9432573746.00,United States,,248346,Real Estate,Real Estate Investment Trusts
EGY,VAALCO Energy Inc.  Common Stock,$3.96,0.04,1.02%,412862682.00,United States,,695915,Energy,Oil & Gas Production
EH,EHang Holdings Limited ADS,$16.39,-0.13,-0.787%,1179831823.00,China,2019,748442,Industrials,Aerospace
EHAB,Enhabit Inc. Common Stock,$7.93,-0.02,-0.252%,401314105.00,United States,2022,532122,Health Care,Medical/Nursing Services
EHC,Encompass Health Corporation Common Stock,$115.21,-0.06,-0.052%,11591966710.00,United States,,854912,Health Care,Hospital/Nursing Management
EHGO,Eshallgo Inc. Class A Ordinary Shares,$0.37,-0.0191,-4.909%,10986840.00,China,2024,474335,Consumer Discretionary,Diversified Commercial Services
EHI,Western Asset Global High Income Fund Inc Common Stock,$6.35,0.00,0.00%,0.00,United States,2003,100272,Finance,Investment Managers
EHLD,Euroholdings Ltd. Common Stock ,$7.048,-0.002,-0.028%,19851503.00,Greece,,1469,Consumer Discretionary,Marine Transportation
EHTH,eHealth Inc. Common Stock,$4.06,-0.02,-0.49%,124905027.00,United States,2006,321391,Finance,Specialty Insurers
EIC,Eagle Point Income Company Inc. Common Stock,$12.14,-0.13,-1.059%,108144431.00,United States,2019,152692,Finance,Finance/Investors Services
EICA,Eagle Point Income Company Inc. 5.00% Series A Term Preferred Stock due 2026,$24.66,-0.09,-0.364%,219673943.00,United States,2021,1200,Finance,Finance/Investors Services
EICB,Eagle Point Income Company Inc. 7.75% Series B Term Preferred Stock Due 2028,$25.0874,-0.0926,-0.368%,0.00,United States,,4498,,
EICC,Eagle Point Income Company Inc. 8.00% Series C Term Preferred Stock due 2029,$25.16,-0.12,-0.475%,0.00,United States,,41640,,
EIG,Employers Holdings Inc Common Stock,$38.69,0.29,0.755%,869716611.00,United States,2007,232217,Finance,Property-Casualty Insurers
EIIA,Eagle Point Institutional Income Fund 8.125% Series A Term Preferred Shares Due 2029,$25.10,-0.1278,-0.507%,0.00,,2024,3531,,
EIM,Eaton Vance Municipal Bond Fund Common Shares of Beneficial Interest $.01 par value,$9.90,0.028,0.284%,0.00,United States,2002,122869,Finance,Finance/Investors Services
EIX,Edison International Common Stock,$57.34,0.30,0.526%,22063689791.00,United States,,2247244,Utilities,Electric Utilities: Central
EJH,E-Home Household Service Holdings Limited Ordinary Shares,$0.763,-0.0467,-5.768%,15262944.00,China,2021,122822,Consumer Discretionary,Other Consumer Services
EKSO,Ekso Bionics Holdings Inc. Common Stock,$5.00,0.33,7.066%,13116165.00,United States,,95595,Industrials,Industrial Machinery/Components
EL,Estee Lauder Companies Inc. (The) Common Stock,$89.63,1.88,2.142%,32299088311.00,United States,1995,3509592,Consumer Discretionary,Package Goods/Cosmetics
ELA,Envela Corporation Common Stock,$11.24,1.07,10.521%,291829470.00,United States,,207840,Consumer Discretionary,Consumer Specialties
ELAB,PMGC Holdings Inc. Common Stock,$5.60,0.17,3.131%,3791564.00,United States,2023,42635,Health Care,Biotechnology: Pharmaceutical Preparations
ELAN,Elanco Animal Health Incorporated Common Stock,$22.27,0.78,3.63%,11065149544.00,United States,2018,5271892,Health Care,Biotechnology: Pharmaceutical Preparations
ELBM,Electra Battery Materials Corporation Common Stock,$1.10,0.06,5.769%,19758390.00,Canada,,5381051,Miscellaneous,Industrial Machinery/Components
ELC,Entergy Louisiana Inc. Collateral Trust Mortgage Bonds 4.875 % Series due September 1 2066,$21.19,0.06,0.284%,4518503727.00,United States,2016,13536,Utilities,Electric Utilities: Central
ELDN,Eledon Pharmaceuticals Inc. Common Stock,$2.25,0.19,9.223%,134733994.00,United States,2014,3789134,Health Care,Biotechnology: Pharmaceutical Preparations
ELF,e.l.f. Beauty Inc. Common Stock,$79.85,6.11,8.286%,4530282005.00,United States,2016,6597754,Consumer Discretionary,Package Goods/Cosmetics
ELLO,Ellomay Capital Ltd Ordinary Shares (Israel),$21.22,0.73,3.563%,272731854.00,Israel,,4993,Utilities,Electric Utilities: Central
ELMD,Electromed Inc. Common Stock,$24.30,0.13,0.538%,202884977.00,United States,2011,31180,Health Care,Biotechnology: Electromedical & Electrotherapeutic Apparatus
ELME,Elme Communities Common Stock,$16.69,-0.05,-0.299%,1471409777.00,United States,2000,1124649,Real Estate,Real Estate Investment Trusts
ELOG,Eastern International Ltd. Ordinary Shares,$2.43,-0.09,-3.571%,29201310.00,China,2025,16910,Industrials,Integrated Freight & Logistics
ELP,Companhia Paranaense de Energia (COPEL) American Depositary Shares (each representing four (4) Class A Preferred Shares),$10.78,0.08,0.748%,3497364833.00,Brazil,2021,158014,Utilities,Electric Utilities: Central
ELPC,Companhia Paranaense de Energia (COPEL) American Depositary Shares (each representing four (4) Common Shares),$10.31,0.28,2.792%,3344882321.00,Brazil,2023,1282,Utilities,Electric Utilities: Central
ELPW,Elong Power Holding Limited Class A Ordinary Shares,$0.2898,-0.0018,-0.617%,16824646.00,China,,462641,Miscellaneous,Industrial Machinery/Components
ELS,Equity Lifestyle Properties Inc. Common Stock,$61.92,-0.20,-0.322%,12001859482.00,United States,,1369543,Real Estate,Real Estate Investment Trusts
ELSE,Electro-Sensors Inc. Common Stock,$4.7793,0.0592,1.254%,16483906.00,United States,,4060,Industrials,Industrial Machinery/Components
ELTK,Eltek Ltd. Ordinary Shares,$11.45,0.22,1.959%,76875758.00,Israel,1997,586,Technology,Electrical Products
ELTX,Elicio Therapeutics Inc. Common Stock,$8.82,-0.05,-0.564%,144103665.00,United States,2021,82838,Health Care,Biotechnology: Pharmaceutical Preparations
ELUT,Elutia Inc. Class A Common Stock,$0.862,-0.0331,-3.698%,36544784.00,United States,2020,109053,Health Care,Biotechnology: Biological Products (No Diagnostic Substances)
ELV,Elevance Health Inc. Common Stock,$303.78,-14.00,-4.406%,68404665189.00,United States,,1964309,Health Care,Medical Specialities
ELVA,Electrovaya Inc. Common Shares,$5.40,0.06,1.124%,216577341.00,Canada,,584320,,
ELVN,Enliven Therapeutics Inc. Common Stock,$18.71,1.08,6.126%,1108297084.00,United States,2020,575752,Health Care,Biotechnology: Pharmaceutical Preparations
ELVR,Elevra Lithium Limited American Depository Shares,$27.50,2.62,10.531%,31744064028.00,Australia,,81762,Industrials,Mining & Quarrying of Nonmetallic Minerals (No Fuels)
ELWS,Earlyworks Co. Ltd. American Depositary Shares,$4.36,0.46,11.795%,13147057.00,Japan,2023,78745,Technology,EDP Services
ELWT,Elauwit Connection Inc. Common Stock,$7.20,0.08,1.124%,48002400.00,United States,2025,41355,Consumer Discretionary,Telecommunications Equipment
EM,Smart Share Global Limited American Depositary Shares,$1.355,-0.005,-0.368%,343586342.00,China,2021,151480,Consumer Discretionary,Other Consumer Services
EMA,Emera Incorporated Common Shares,$47.85,-0.09,-0.188%,14321505000.00,,2025,120603,Utilities,Electric Utilities: Central
EMBC,Embecta Corp. Common Stock,$13.67,-0.12,-0.87%,799491577.00,United States,,253736,Health Care,Medical/Dental Instruments
EMBJ,Embraer S.A. Common Stock,$65.32,0.92,1.429%,11979135066.00,Brazil,,657364,Industrials,Aerospace
EMD,Western Asset Emerging Markets Debt Fund Inc Common Stock,$10.40,0.08,0.775%,0.00,United States,,145493,Finance,Finance/Investors Services
EME,EMCOR Group Inc. Common Stock,$656.33,6.99,1.076%,29381179519.00,United States,,290327,Industrials,Engineering & Construction
EMF,Templeton Emerging Markets Fund Common Stock,$17.65,0.19,1.088%,0.00,United States,1987,36697,Finance,Finance/Investors Services
EMIS,Emmis Acquisition Corp. Class A Ordinary Shares,$9.95,0.00,0.00%,0.00,United States,2025,20,Health Care,Biotechnology: Pharmaceutical Preparations
EMISR,Emmis Acquisition Corp. Rights,$0.185,0.003,1.648%,0.00,United States,2025,147668,,
EML,Eastern Company (The) Common Stock,$19.66,0.01,0.051%,119309659.00,United States,,3924,Consumer Discretionary,Industrial Machinery/Components
EMN,Eastman Chemical Company Common Stock,$61.53,0.28,0.457%,7018714794.00,United States,,1893791,Industrials,Major Chemicals
EMO,ClearBridge Energy Midstream Opportunity Fund Inc. Common Stock,$42.13,0.25,0.597%,0.00,United States,2011,100867,Finance,Investment Managers
EMP,Entergy Mississippi LLC First Mortgage Bonds 4.90% Series Due October 1 2066,$21.50,0.17,0.797%,9601833436.00,United States,2016,9951,Utilities,Electric Utilities: Central
EMPD,Empery Digital Inc. Common stock,$6.53,0.11,1.713%,0.00,United States,2021,519824,,
EMR,Emerson Electric Company Common Stock,$129.99,0.50,0.386%,73158372000.00,United States,,2509071,Technology,Consumer Electronics/Appliances
EMX,EMX Royalty Corporation Common Shares (Canada),$4.05,0.12,3.053%,441717422.00,Canada,,555660,Basic Materials,Metal Mining
ENB,Enbridge Inc Common Stock,$47.92,0.21,0.44%,104513520000.00,Canada,,4986685,Energy,Natural Gas Distribution
ENGN,enGene Holdings Inc. Common Stock,$6.01,-0.05,-0.825%,307145900.00,Canada,,85526,Health Care,Biotechnology: Biological Products (No Diagnostic Substances)
ENGNW,enGene Holdings Inc. Warrants,$1.30,-0.20,-13.333%,66437549.00,Canada,,776,Health Care,Biotechnology: Biological Products (No Diagnostic Substances)
ENGS,Energys Group Limited Ordinary Shares,$1.18,-0.62,-34.444%,16859675.00,United Kingdom,2025,2480820,Industrials,Engineering & Construction
ENIC,Enel Chile S.A. American Depositary Shares (Each representing 50 shares of Common Stock),$3.80,-0.04,-1.042%,5256658347.00,Chile,2016,641572,Utilities,Electric Utilities: Central
ENJ,Entergy New Orleans LLC First Mortgage Bonds 5.0% Series due December 1 2052,$22.25,0.1412,0.639%,9936781114.00,United States,,559,Utilities,Power Generation
ENLT,Enlight Renewable Energy Ltd. Ordinary Shares,$35.95,1.51,4.384%,4281488258.00,Israel,2023,24428,Utilities,Electric Utilities: Central
ENLV,Enlivex Therapeutics Ltd. Ordinary Shares,$1.00,0.00,0.00%,23849935.00,Israel,2014,107413,Health Care,Biotechnology: Pharmaceutical Preparations
ENO,Entergy New Orleans LLC First Mortgage Bonds 5.50% Series due April 1 2066,$23.00,0.17,0.745%,4918109458.00,United States,2016,4794,Utilities,Power Generation
ENOV,Enovis Corporation Common Stock,$30.26,2.20,7.84%,1730550669.00,United States,,1204144,Health Care,Industrial Specialties
ENPH,Enphase Energy Inc. Common Stock,$32.84,2.62,8.67%,4297432844.00,United States,2012,11485427,Technology,Semiconductors
ENR,Energizer Holdings Inc. Common Stock,$23.82,-0.02,-0.084%,1626156504.00,United States,2015,706589,Miscellaneous,Industrial Machinery/Components
ENS,EnerSys Common Stock,$134.82,2.84,2.152%,4976089581.00,United States,2004,784714,Technology,Industrial Machinery/Components
ENSC,Ensysce Biosciences Inc. Common Stock,$2.03,-0.03,-1.456%,6025941.00,United States,,78472,Health Care,Biotechnology: Pharmaceutical Preparations
ENSG,The Ensign Group Inc. Common Stock,$181.52,1.55,0.861%,10514506610.00,United States,2007,633172,Health Care,Hospital/Nursing Management
ENTA,Enanta Pharmaceuticals Inc. Common Stock,$11.51,0.52,4.732%,246059894.00,United States,2013,249224,Health Care,Biotechnology: Pharmaceutical Preparations
ENTG,Entegris Inc. Common Stock,$85.96,-0.71,-0.819%,13031536000.00,United States,2000,2003642,Industrials,Plastic Products
ENTO,Entero Therapeutics Inc. Common Stock,$3.84,-0.06,-1.538%,6100132.00,United States,2016,28404,Health Care,Biotechnology: Pharmaceutical Preparations
ENTX,Entera Bio Ltd. Ordinary Shares,$3.00,-0.14,-4.459%,136990143.00,Israel,2018,89887,Health Care,Biotechnology: Biological Products (No Diagnostic Substances)
ENVA,Enova International Inc. Common Stock,$127.06,2.20,1.762%,3151288628.00,United States,2014,170170,Finance,Finance: Consumer Services
ENVB,Enveric Biosciences Inc. Common Stock,$5.78,-0.33,-5.401%,2995757.00,United States,,36740,Health Care,Biotechnology: Pharmaceutical Preparations
ENVX,Enovix Corporation Common Stock,$9.28,-0.285,-2.98%,2002772517.00,United States,2021,7713092,Miscellaneous,Industrial Machinery/Components
EOD,Allspring Global Dividend Opportunity Fund Common Shares of Beneficial Interest,$5.81,0.10,1.751%,0.00,United States,2007,221757,Finance,Investment Managers
EOG,EOG Resources Inc. Common Stock,$106.57,1.16,1.10%,57824717562.00,United States,,4811019,Energy,Oil & Gas Production
EOI,Eaton Vance Enhance Equity Income Fund Eaton Vance Enhanced Equity Income Fund Shares of Beneficial Interest,$20.37,0.31,1.545%,0.00,United States,2004,64643,Finance,Finance/Investors Services
EOLS,Evolus Inc. Common Stock,$7.05,0.49,7.47%,456979477.00,United States,2018,3320226,Health Care,Biotechnology: Pharmaceutical Preparations
EONR,EON Resources Inc. Class A Common Stock,$0.498,0.0129,2.659%,18576076.00,,2022,358711,Energy,Oil & Gas Production
EOS,Eaton Vance Enhance Equity Income Fund II Common Stock,$23.27,0.37,1.616%,0.00,,2005,171948,Finance,Trusts Except Educational Religious and Charitable
EOSE,Eos Energy Enterprises Inc. Class A Common Stock,$19.19,0.93,5.093%,5531374189.00,United States,,42295553,Miscellaneous,Industrial Machinery/Components
EOSEW,Eos Energy Enterprises Inc. Warrant,$7.73,1.00,14.859%,2228114772.00,United States,,675379,Miscellaneous,Industrial Machinery/Components
EOT,Eaton Vance Municipal Income Trust EATON VANCE NATIONAL MUNICIPAL OPPORTUNITIES TRUST,$16.80,0.11,0.659%,262498673.00,United States,2009,41111,Finance,Investment Bankers/Brokers/Service
EP,Empire Petroleum Corporation Common Stock,$3.49,0.33,10.443%,117810517.00,United States,2022,25842,Energy,Oil & Gas Production
EP^C,El Paso Corporation Preferred Stock,$49.47,-0.12,-0.242%,,United States,,1154,,
EPAC,Enerpac Tool Group Corp. Common Stock,$40.23,-0.01,-0.025%,2131447596.00,United States,,322814,Technology,Industrial Machinery/Components
EPAM,EPAM Systems Inc. Common Stock,$182.40,7.10,4.05%,10076253523.00,United States,2012,1809049,Technology,EDP Services
EPC,Edgewell Personal Care Company Common Stock,$18.83,0.10,0.534%,874921715.00,United States,,727843,Consumer Discretionary,Package Goods/Cosmetics
EPD,Enterprise Products Partners L.P. Common Stock,$31.28,0.02,0.064%,67668682444.00,United States,,4241290,Utilities,Natural Gas Distribution
EPM,Evolution Petroleum Corporation Inc. Common Stock,$4.45,0.00,0.00%,152898200.00,United States,,259999,Energy,Oil & Gas Production
EPOW,Sunrise New Energy Co. Ltd Class A Ordinary Shares,$1.17,0.02,1.739%,31574732.00,China,2021,90402,Real Estate,Real Estate
EPR,EPR Properties Common Stock,$51.08,0.12,0.235%,3889248618.00,United States,1997,653445,Real Estate,Real Estate Investment Trusts
EPR^C,EPR Properties 5.75% Series C Cumulative Convertible Preferred Shares,$22.85,0.57,2.558%,,United States,,2967,,
EPR^E,EPR Properties Series E Cumulative Conv Pfd Shs Ser E,$30.045,0.305,1.026%,,United States,,10995,,
EPR^G,EPR Properties 5.750% Series G Cumulative Redeemable Preferred Shares,$20.23,0.23,1.15%,,United States,,17498,,
EPRT,Essential Properties Realty Trust Inc. Common Stock,$30.54,-0.01,-0.033%,6051182956.00,United States,2018,1801929,Real Estate,Real Estate Investment Trusts
EPRX,Eupraxia Pharmaceuticals Inc. Common Stock,$6.23,0.78,14.312%,315539102.00,Canada,,199838,Health Care,Pharmaceuticals and Biotechnology
EPSM,Epsium Enterprise Limited Class A Ordinary Shares,$5.76,-0.24,-4.00%,77403076.00,Macau,2025,308748,Consumer Staples,Beverages (Production/Distribution)
EPSN,Epsilon Energy Ltd. Common Share,$4.74,0.20,4.405%,104598590.00,United States,,621447,Energy,Oil & Gas Production
EPWK,EPWK Holdings Ltd. Class A Ordinary Shares,$0.071,-0.0023,-3.138%,1555428.00,China,2025,23343553,Real Estate,Real Estate
EQ,Equillium Inc. Common Stock,$0.9682,-0.1318,-11.982%,57611021.00,United States,2018,685289,Health Care,Biotechnology: Pharmaceutical Preparations
EQBK,Equity Bancshares Inc. Class A Common Stock,$41.69,0.46,1.116%,795295616.00,United States,,67882,Finance,Major Banks
EQH,Equitable Holdings Inc. Common Stock,$44.61,-0.66,-1.458%,13362321837.00,United States,2018,3141843,Finance,Specialty Insurers
EQH^A,Equitable Holdings Inc. Depositary Shares,$20.47,0.10,0.491%,,United States,,58575,,
EQH^C,Equitable Holdings Inc. Depositary Shares each representing a 1/1000th interest in a share of Fixed Rate Noncumulative Perpetual Preferred Stock Series C,$16.81,0.15,0.90%,,United States,,31543,,
EQIX,Equinix Inc. Common Stock REIT,$828.13,3.38,0.41%,81310836774.00,United States,2000,512921,Real Estate,Real Estate Investment Trusts
EQNR,Equinor ASA,$24.21,-0.13,-0.534%,71291989416.00,Norway,,3802933,Energy,Integrated oil Companies
EQR,Equity Residential Common Shares of Beneficial Interest,$59.51,-0.20,-0.335%,22642050647.00,United States,,2003573,Real Estate,Real Estate Investment Trusts
EQS,Equus Total Return Inc. Common Stock,$1.87,0.0209,1.13%,25406144.00,United States,,4481,Finance,Finance/Investors Services
EQT,EQT Corporation Common Stock,$58.94,0.97,1.673%,36781919580.00,United States,,7437480,Energy,Oil & Gas Production
EQX,Equinox Gold Corp. Common Shares,$12.21,0.50,4.27%,9582119563.00,Canada,,12129726,Basic Materials,Precious Metals
ERAS,Erasca Inc. Common Stock,$2.29,0.02,0.881%,649604618.00,United States,2021,966730,Health Care,Biotechnology: Pharmaceutical Preparations
ERC,Allspring Multi-Sector Income Fund Common Stock,$9.48,0.12,1.282%,0.00,United States,2003,124710,Finance,Finance/Investors Services
ERH,Allspring Utilities and High Income Fund Common Shares,$12.80,0.04,0.313%,0.00,,2004,21143,Finance,Finance/Investors Services
ERIC,Ericsson American Depositary Shares,$9.74,0.01,0.103%,32611971899.00,Sweden,,19167691,Technology,Radio And Television Broadcasting And Communications Equipment
ERIE,Erie Indemnity Company Class A Common Stock,$277.63,-7.21,-2.531%,12824176684.00,United States,,136550,Finance,Specialty Insurers
ERII,Energy Recovery Inc. Common Stock,$14.06,0.085,0.608%,744787670.00,United States,2008,1050219,Technology,Industrial Machinery/Components
ERNA,Ernexa Therapeutics Inc. Common Stock,$1.67,-0.08,-4.571%,12810385.00,United States,,116902,Health Care,Biotechnology: Pharmaceutical Preparations
ERO,Ero Copper Corp. Common Shares,$22.11,0.48,2.219%,2297013516.00,Canada,2021,1137866,Basic Materials,Metal Mining
ES,Eversource Energy (D/B/A) Common Stock,$72.51,-0.53,-0.726%,27204964904.00,United States,,2778644,Utilities,Electric Utilities: Central
ESAB,ESAB Corporation Common Stock,$115.06,0.67,0.586%,6985403748.00,United States,2022,281973,Industrials,Industrial Machinery/Components
ESCA,Escalade Incorporated Common Stock,$12.30,0.39,3.275%,169786064.00,United States,,11855,Consumer Discretionary,Recreational Games/Products/Toys
ESE,ESCO Technologies Inc. Common Stock,$221.20,4.98,2.303%,5712420986.00,United States,,172849,Telecommunications,Telecommunications Equipment
ESEA,Euroseas Ltd. Common Stock (Marshall Islands),$58.83,0.92,1.589%,412198984.00,Greece,,46974,Consumer Discretionary,Marine Transportation
ESGL,ESGL Holdings Limited Ordinary Shares,$3.75,0.03,0.806%,156810900.00,Singapore,,367,Utilities,Environmental Services
ESGLW,ESGL Holdings Limited Warrants,$0.10,0.0244,32.275%,4181624.00,Singapore,,9579,Utilities,Environmental Services
ESHA,ESH Acquisition Corp. Class A Common Stock,$11.40,0.10,0.885%,0.00,United States,2023,1704,Finance,Blank Checks
ESHAR,ESH Acquisition Corp. Right,$0.1947,0.00,0.00%,0.00,United States,2023,50,Finance,Blank Checks
ESI,Element Solutions Inc. Common Stock,$27.74,0.08,0.289%,6713077614.00,United States,2014,1784056,Industrials,Major Chemicals
ESLA,Estrella Immunopharma Inc. Common Stock,$2.65,-0.28,-9.556%,98223811.00,United States,2021,399205,Health Care,Biotechnology: Biological Products (No Diagnostic Substances)
ESLAW,Estrella Immunopharma Inc. Warrant,$0.16,-0.064,-28.571%,5930494.00,United States,2021,1323,Health Care,Biotechnology: Biological Products (No Diagnostic Substances)
ESLT,Elbit Systems Ltd. Ordinary Shares,$486.25,17.685,3.774%,21690037536.00,Israel,,85327,Industrials,Military/Government/Technical
ESNT,Essent Group Ltd. Common Shares,$61.79,0.68,1.113%,6088400845.00,Bermuda,2013,531786,Finance,Property-Casualty Insurers
ESOA,Energy Services of America Corporation Common Stock,$10.91,0.07,0.646%,181657370.00,United States,,78303,Industrials,Water Sewer Pipeline Comm & Power Line Construction
ESP,Espey Mfg. & Electronics Corp. Common Stock,$37.59,0.02,0.053%,109928873.00,United States,1960,14127,Technology,Industrial Machinery/Components
ESPR,Esperion Therapeutics Inc. Common Stock,$2.88,0.22,8.271%,688502699.00,United States,2013,8143594,Health Care,Biotechnology: Pharmaceutical Preparations
ESQ,Esquire Financial Holdings Inc. Common Stock,$97.07,0.035,0.036%,828837825.00,United States,2017,34822,Finance,Commercial Banks
ESRT,Empire State Realty Trust Inc. Class A Common Stock,$7.32,-0.13,-1.745%,1245814414.00,United States,2013,1091110,Real Estate,Real Estate Investment Trusts
ESS,Essex Property Trust Inc. Common Stock,$260.15,-0.27,-0.104%,16754706323.00,United States,1994,451188,Real Estate,Real Estate Investment Trusts
ESTA,Establishment Labs Holdings Inc. Common Shares,$67.69,2.69,4.138%,1961029120.00,Costa Rica,2018,965380,Health Care,Industrial Specialties
ESTC,Elastic N.V. Ordinary Shares,$93.07,3.05,3.388%,9890636386.00,United States,2018,1901958,Technology,Computer Software: Prepackaged Software
ET,Energy Transfer LP Common Units ,$16.69,0.24,1.459%,57303226593.00,United States,,18543662,Utilities,Natural Gas Distribution
ET^I,Energy Transfer L.P. Series I Fixed Rate Perpetual Preferred Units,$11.67,-0.01,-0.086%,,United States,,27695,,
ETB,Eaton Vance Tax-Managed Buy-Write Income Fund Eaton Vance Tax-Managed Buy-Write Income Fund Common Shares of Beneficial Interest,$15.19,0.26,1.741%,446151536.00,United States,2005,93941,Finance,Investment Bankers/Brokers/Service
ETD,Ethan Allen Interiors Inc. Common Stock,$23.45,-0.22,-0.929%,596716650.00,United States,,257502,Consumer Discretionary,Home Furnishings
ETG,Eaton Vance Tax-Advantaged Global Dividend Income Fund Common Shares of Beneficial Interest,$22.04,0.28,1.287%,0.00,United States,2004,105871,Finance,Investment Managers
ETHM,Dynamix Corporation Class A Ordinary Shares,$10.32,0.00,0.00%,0.00,United States,2024,105115,,
ETHMU,Dynamix Corporation Unit,$10.85,0.00,0.00%,0.00,United States,2024,153,,
ETHMW,Dynamix Corporation Warrant,$2.15,0.05,2.381%,0.00,United States,2024,3653,,
ETHZ,ETHZilla Corporation Common Stock,$18.17,0.23,1.282%,300669274.00,United States,2017,610791,Health Care,Biotechnology: Pharmaceutical Preparations
ETI^,Entergy Texas Inc 5.375% Series A Preferred Stock Cumulative No Par Value,$23.00,0.09,0.393%,,United States,,3320,,
ETJ,Eaton Vance Risk-Managed Diversified Equity Income Fund Common Shares of Beneficial Interest,$8.90,0.12,1.367%,0.00,United States,2007,129987,Finance,Finance Companies
ETN,Eaton Corporation PLC Ordinary Shares,$379.57,5.80,1.552%,147424988000.00,Ireland,,1801671,Technology,Industrial Machinery/Components
ETO,Eaton Vance Tax-Advantage Global Dividend Opp Common Stock,$28.53,0.56,2.002%,467553577.00,United States,2004,20788,Finance,Investment Managers
ETON,Eton Pharmaceuticals Inc. Common Stock,$16.92,0.02,0.118%,453752692.00,United States,2018,352915,Health Care,Biotechnology: Pharmaceutical Preparations
ETOR,eToro Group Ltd. Class A Common Shares,$37.73,2.85,8.171%,3051358777.00,Israel,2025,4173449,Finance,Investment Bankers/Brokers/Service
ETR,Entergy Corporation Common Stock,$97.11,-0.08,-0.082%,43369025347.00,United States,,2657321,Utilities,Electric Utilities: Central
ETS,Elite Express Holding Inc. Class A Common Stock,$0.5301,-0.0498,-8.588%,8861508.00,United States,2025,224338,Industrials,Trucking Freight/Courier Services
ETSY,Etsy Inc. Common Stock,$60.24,1.15,1.946%,5946049922.00,United States,2025,4266165,Real Estate,Real Estate
ETV,Eaton Vance Corporation Eaton Vance Tax-Managed Buy-Write Opportunities Fund Common Shares of Beneficial Interest,$14.31,0.15,1.059%,1563630074.00,United States,2005,156648,Finance,Investment Bankers/Brokers/Service
ETW,Eaton Vance Corporation Eaton Vance Tax-Managed Global Buy-Write Opportunites Fund Common Shares of Beneficial Interest,$9.14,0.14,1.556%,1001723764.00,United States,2005,259947,Finance,Investment Managers
ETX,Eaton Vance Municipal Income 2028 Term Trust Common Shares of Beneficial Interest,$19.31,0.02,0.104%,210188500.00,,2013,10217,Finance,Investment Managers
ETY,Eaton Vance Tax-Managed Diversified Equity Income Fund Common Shares of Beneficial Interest,$15.69,0.21,1.357%,0.00,United States,2006,139043,Finance,Finance Companies
EU,enCore Energy Corp. Common Shares,$2.75,0.11,4.167%,514509969.00,United States,,2998710,Basic Materials,Other Metals and Minerals
EUDA,EUDA Health Holdings Limited Ordinary Shares,$3.05,-0.38,-11.079%,113326965.00,Singapore,2021,77660,Health Care,Medical/Nursing Services
EUDAW,EUDA Health Holdings Limited Warrant,$0.10,0.00,0.00%,3715638.00,Singapore,2021,8974,Health Care,Medical/Nursing Services
EURK,Eureka Acquisition Corp Class A Ordinary Share,$10.89,0.00,0.00%,0.00,United States,2024,1498,,
EURKR,Eureka Acquisition Corp Right,$0.40,0.00,0.00%,0.00,United States,2024,64,,
EVAC,EQV Ventures Acquisition Corp. II Class A Ordinary Shares,$10.06,0.015,0.149%,0.00,,2025,49566,Industrials,Fluid Controls
EVAX,Evaxion A/S American Depositary Share,$6.38,0.00,0.00%,52971322.00,Denmark,2021,190612,Health Care,Biotechnology: Biological Products (No Diagnostic Substances)
EVC,Entravision Communications Corporation Common Stock,$2.92,0.04,1.389%,265650761.00,United States,2000,565616,Industrials,Broadcasting
EVCM,EverCommerce Inc. Common Stock,$8.84,-0.51,-5.455%,1585607630.00,United States,2021,486110,Technology,Computer Software: Prepackaged Software
EVER,EverQuote Inc. Class A Common Stock,$26.45,1.02,4.011%,951034110.00,United States,2018,548292,Technology,Computer Software: Programming Data Processing
EVEX,Eve Holding Inc. Common Stock,$4.21,0.08,1.937%,1466362299.00,,2022,987465,Industrials,Aerospace
EVF,Eaton Vance Senior Income Trust Common Stock,$5.41,0.01,0.185%,94885222.00,United States,1998,97231,Finance,Investment Bankers/Brokers/Service
EVG,Eaton Vance Short Diversified Income Fund Eaton Vance Short Duration Diversified Income Fund Common Shares of Beneficial Interest,$11.08,0.07,0.636%,0.00,United States,2005,26519,Finance,Investment Managers
EVGN,Evogene Ltd Ordinary Shares,$1.185,0.035,3.043%,7719788.00,Israel,,13479,Industrials,Agricultural Chemicals
EVGO,EVgo Inc. Class A Common Stock,$3.44,0.02,0.585%,1057768724.00,United States,,6977230,Technology,EDP Services
EVGOW,EVgo Inc. Warrants,$0.17,0.005,3.03%,52273454.00,United States,,15433,Technology,EDP Services
EVH,Evolent Health Inc Class A Common Stock,$4.95,-0.01,-0.202%,581668149.00,United States,2015,5822583,Consumer Discretionary,Other Consumer Services
EVI,EVI Industries Inc.  Common Stock,$27.12,-0.49,-1.775%,346105250.00,United States,1999,6284,Consumer Discretionary,Other Consumer Services
EVLV,Evolv Technologies Holdings Inc. Class A Common Stock,$7.18,-0.05,-0.692%,1234180733.00,United States,2020,2067769,Technology,Computer peripheral equipment
EVLVW,Evolv Technologies Holdings Inc. Warrant,$0.5034,0.0434,9.435%,86530164.00,United States,2020,6575,Technology,Computer peripheral equipment
EVMN,Evommune Inc. Common Stock,$19.32,0.91,4.943%,581098459.00,,2025,184062,Health Care,Biotechnology: Pharmaceutical Preparations
EVN,Eaton Vance Municipal Income Trust Common Stock,$11.13,0.01,0.09%,441495524.00,United States,1999,29656,Finance,Investment Managers
EVO,Evotec SE American Depositary Shares,$2.99,-0.09,-2.922%,265192133.00,Germany,2021,72413,Health Care,Biotechnology: Pharmaceutical Preparations
EVOK,Evoke Pharma Inc. Common Stock,$10.68,-0.01,-0.094%,16644406.00,United States,2013,41765,Health Care,Biotechnology: Pharmaceutical Preparations
EVR,Evercore Inc. Class A Common Stock,$309.13,2.59,0.845%,11956580528.00,United States,2006,243825,Finance,Investment Managers
EVRG,Evergy Inc. Common Stock,$76.57,0.98,1.296%,17627497006.00,United States,,3177004,Utilities,Power Generation
EVT,Eaton Vance Tax Advantaged Dividend Income Fund Common Shares of Beneficial Interest,$24.40,0.15,0.619%,0.00,United States,2003,150408,Finance,Finance Companies
EVTC,Evertec Inc. Common Stock,$27.04,-0.26,-0.952%,1730073415.00,Puerto Rico,2013,549766,Technology,EDP Services
EVTL,Vertical Aerospace Ltd. Ordinary Shares,$4.28,-0.09,-2.059%,361885646.00,,2021,1594404,Industrials,Aerospace
EVTV,Envirotech Vehicles Inc. Common Stock,$1.28,0.06,4.918%,4519099.00,United States,,295674,Consumer Discretionary,Auto Parts:O.E.M.
EVV,Eaton Vance Limited Duration Income Fund Common Shares of Beneficial Interest,$10.09,0.01,0.099%,0.00,United States,2003,178205,Finance,Finance/Investors Services
EW,Edwards Lifesciences Corporation Common Stock,$84.08,0.69,0.827%,48791624000.00,United States,,3140253,Health Care,Industrial Specialties
EWBC,East West Bancorp Inc. Common Stock,$105.13,1.26,1.213%,14489202260.00,United States,,1163112,Finance,Major Banks
EWCZ,European Wax Center Inc. Class A Common Stock,$3.66,-0.02,-0.543%,202109830.00,United States,2021,197670,Consumer Discretionary,Other Consumer Services
EWTX,Edgewise Therapeutics Inc. Common Stock,$18.28,1.12,6.527%,1935274974.00,United States,2021,1060295,Health Care,Biotechnology: Pharmaceutical Preparations
EXAS,Exact Sciences Corporation Common Stock,$66.58,0.40,0.604%,12614999021.00,United States,2001,2183775,Health Care,Medical Specialities
EXC,Exelon Corporation Common Stock,$45.46,-0.35,-0.764%,45927797765.00,United States,,7480452,Utilities,Power Generation
EXE,Expand Energy Corporation Common Stock,$114.83,2.38,2.116%,27349026307.00,United States,,2703539,Energy,Oil & Gas Production
EXEEL,Expand Energy Corporation Class C Warrants,$101.71,7.57,8.041%,24224239882.00,United States,,270,Energy,Oil & Gas Production
EXEL,Exelixis Inc. Common Stock,$41.41,0.60,1.47%,11102524421.00,United States,2000,2626807,Health Care,Biotechnology: Biological Products (No Diagnostic Substances)
EXFY,Expensify Inc. Class A Common Stock,$1.36,-0.01,-0.73%,126532926.00,United States,2021,338016,Technology,Computer Software: Prepackaged Software
EXG,Eaton Vance Tax-Managed Global Diversified Equity Income Fund Common Shares of Beneficial Interest,$9.27,0.13,1.422%,0.00,United States,2007,363184,Finance,Finance Companies
EXK,Endeavour Silver Corporation Ordinary Shares (Canada),$7.87,0.67,9.306%,2283647541.00,Canada,,12946116,Basic Materials,Precious Metals
EXLS,ExlService Holdings Inc. Common Stock,$39.63,0.09,0.228%,6289316073.00,United States,2006,802275,Real Estate,Real Estate
EXOD,Exodus Movement Inc. Class A Common Stock,$21.86,0.24,1.11%,635460407.00,United States,,159657,Finance,Finance: Consumer Services
EXOZ,eXoZymes Inc. Common Stock,$16.00,2.00,14.286%,134196000.00,United States,2024,11755,Health Care,Biotechnology: Biological Products (No Diagnostic Substances)
EXP,Eagle Materials Inc Common Stock,$206.85,-0.11,-0.053%,6632412957.00,United States,,459150,Industrials,Building Materials
EXPD,Expeditors International of Washington Inc. Common Stock,$140.44,3.01,2.19%,18821899550.00,United States,,2034527,Industrials,Integrated Freight & Logistics
EXPE,Expedia Group Inc. Common Stock,$268.04,9.79,3.791%,33160724867.00,United States,,3310906,Consumer Discretionary,Transportation Services
EXPI,eXp World Holdings Inc. Common Stock,$10.59,-0.21,-1.944%,1682080907.00,United States,,1433906,Finance,Real Estate
EXPO,Exponent Inc. Common Stock,$70.79,0.22,0.312%,3574975347.00,United States,,308453,Consumer Discretionary,Professional Services
EXR,Extra Space Storage Inc Common Stock,$130.50,-2.68,-2.012%,27698309190.00,United States,2004,953772,Real Estate,Real Estate Investment Trusts
EXTR,Extreme Networks Inc. Common Stock,$17.91,0.49,2.813%,2394897959.00,United States,1999,2491557,Telecommunications,Computer Communications Equipment
EYE,National Vision Holdings Inc. Common Stock,$24.14,0.01,0.041%,1914532730.00,United States,2017,1552355,Health Care,Ophthalmic Goods
EYPT,EyePoint Pharmaceuticals Inc. Common Stock,$11.35,0.14,1.249%,939634947.00,United States,,1009661,Industrials,Biotechnology: Laboratory Analytical Instruments
EZGO,EZGO Technologies Ltd. Ordinary Shares,$0.1468,-0.0095,-6.078%,833115.00,China,2021,3343041,Consumer Discretionary,Motor Vehicles
EZPW,EZCORP Inc. Class A Non Voting Common Stock,$17.84,0.14,0.791%,1086387066.00,United States,1991,533156,Consumer Discretionary,Other Specialty Stores
F,Ford Motor Company Common Stock,$13.16,-0.05,-0.379%,52436001129.00,United States,,62017522,Industrials,Auto Manufacturing
F^B,Ford Motor Company 6.20% Notes due June 1 2059,$22.11,0.14,0.637%,,United States,,55877,,
F^C,Ford Motor Company 6% Notes due December 1 2059,$21.83,0.07,0.322%,,United States,,31451,,
F^D,Ford Motor Company 6.500% Notes due August 15 2062,$23.65,0.26,1.112%,,United States,,44862,,
FA,First Advantage Corporation Common Stock,$13.18,-0.13,-0.977%,2294835146.00,United States,2021,1104672,Technology,EDP Services
FACT,FACT II Acquisition Corp. Class A Ordinary Shares,$10.34,0.00,0.00%,0.00,United States,2024,57,,
FACTW,FACT II Acquisition Corp. Warrant,$0.4398,0.02,4.764%,0.00,United States,2024,60534,Finance,Blank Checks
FAF,First American Corporation (New) Common Stock,$63.05,0.68,1.09%,6424795000.00,United States,,645164,Finance,Specialty Insurers
FAMI,Farmmi Inc. Ordinary Shares,$1.5043,0.0043,0.287%,1881127.00,China,2018,4634,Consumer Staples,Packaged Foods
FANG,Diamondback Energy Inc. Common Stock,$144.73,1.08,0.752%,41468852114.00,United States,2012,1331922,Energy,Oil & Gas Production
FARM,Farmer Brothers Company Common Stock,$1.48,0.03,2.069%,31970978.00,United States,,105643,Consumer Staples,Packaged Foods
FAST,Fastenal Company Common Stock,$41.35,0.50,1.224%,47471277063.00,United States,1987,7300434,Consumer Discretionary,RETAIL: Building Materials
FAT,FAT Brands Inc. Class A Common Stock,$1.52,0.07,4.828%,27185512.00,United States,2017,82989,Consumer Discretionary,Restaurants
FATBB,FAT Brands Inc. Class B Common Stock,$2.21,0.00,0.00%,39526303.00,United States,,582,Consumer Discretionary,Restaurants
FATBP,FAT Brands Inc. 8.25% Series B Cumulative Preferred Stock,$2.325,0.14,6.407%,41583102.00,United States,,9523,Consumer Discretionary,Restaurants
FATE,Fate Therapeutics Inc. Common Stock,$1.09,0.02,1.869%,125709370.00,United States,2013,1053483,Health Care,Biotechnology: Biological Products (No Diagnostic Substances)
FATN,FatPipe Inc. Common Stock,$3.01,-0.01,-0.331%,41912649.00,United States,2025,20526,Technology,Computer Software: Prepackaged Software
FAX,abrdn Asia-Pacific Income Fund Inc. Common Stock,$15.29,0.11,0.725%,0.00,United States,1986,147066,Finance,Investment Managers
FBGL,FBS Global Limited Ordinary Shares,$0.55,0.0051,0.936%,7425000.00,Singapore,2025,192134,Consumer Discretionary,Miscellaneous manufacturing industries
FBIN,Fortune Brands Innovations Inc. Common Stock,$48.69,-1.03,-2.072%,5849536651.00,United States,,1435020,Basic Materials,Forest Products
FBIO,Fortress Biotech Inc. Common Stock,$2.59,-0.02,-0.766%,77064810.00,United States,,215026,Health Care,Biotechnology: Pharmaceutical Preparations
FBIOP,Fortress Biotech Inc. 9.375% Series A Cumulative Redeemable Perpetual Preferred Stock,$6.65,-0.125,-1.845%,197869107.00,United States,,14661,Health Care,Biotechnology: Pharmaceutical Preparations
FBIZ,First Business Financial Services Inc. Common Stock,$52.06,0.60,1.166%,433360871.00,United States,,16134,Finance,Major Banks
FBK,FB Financial Corporation Common Stock,$55.12,0.06,0.109%,2968150376.00,United States,2016,282805,Finance,Major Banks
FBLA,FB Bancorp Inc. Common Stock,$12.09,0.02,0.166%,239835375.00,United States,2024,53465,Finance,Banks
FBLG,FibroBiologics Inc. Common Stock,$0.3569,0.0045,1.277%,18364674.00,United States,,1008421,Health Care,Biotechnology: Pharmaceutical Preparations
FBNC,First Bancorp Common Stock,$50.97,-0.13,-0.254%,2113339445.00,United States,1987,117404,Finance,Major Banks
FBP,First BanCorp. New Common Stock,$20.33,0.31,1.548%,3262347863.00,Puerto Rico,,1034857,Finance,Major Banks
FBRT,Franklin BSP Realty Trust Inc. Common Stock,$9.82,-0.09,-0.908%,801376891.00,United States,2021,847545,Real Estate,Real Estate Investment Trusts
FBRT^E,Franklin BSP Realty Trust Inc. 7.50% Series E Cumulative Redeemable Preferred Stock,$21.56,-0.09,-0.416%,,United States,,10113,,
FBRX,Forte Biosciences Inc. Common Stock,$13.67,1.59,13.162%,169957114.00,United States,2017,122527,Health Care,Biotechnology: Pharmaceutical Preparations
FBYD,Falcon's Beyond Global Inc. Class A Common Stock,$13.90,-0.60,-4.138%,1682553189.00,United States,,52391,Consumer Discretionary,Services-Misc. Amusement & Recreation
FBYDW,Falcon's Beyond Global Inc. Warrants,$1.01,-0.12,-10.619%,122257462.00,United States,,200,Consumer Discretionary,Services-Misc. Amusement & Recreation
FC,Franklin Covey Company Common Stock,$14.91,0.02,0.134%,188489566.00,United States,,136748,Consumer Discretionary,Other Consumer Services
FCAP,First Capital Inc. Common Stock,$44.02,-0.08,-0.181%,147692294.00,United States,,1692,Finance,Savings Institutions
FCBC,First Community Bankshares Inc. (VA) Common Stock,$33.42,0.61,1.859%,612084125.00,United States,,47051,Finance,Major Banks
FCCO,First Community Corporation Common Stock,$27.27,0.37,1.375%,209590512.00,United States,,15964,Finance,Major Banks
FCEL,FuelCell Energy Inc. Common Stock,$7.56,0.04,0.532%,244153799.00,United States,,1757731,Energy,Industrial Machinery/Components
FCF,First Commonwealth Financial Corporation Common Stock,$15.75,0.00,0.00%,1646486163.00,United States,,737029,Finance,Major Banks
FCFS,FirstCash Holdings Inc. Common Stock,$161.38,0.65,0.404%,7122369127.00,United States,1991,152353,Consumer Discretionary,Other Specialty Stores
FCHL,Fitness Champs Holdings Limited Common Stock,$0.42,0.0058,1.40%,6300000.00,Singapore,2025,956362,Consumer Discretionary,Services-Misc. Amusement & Recreation
FCN,FTI Consulting Inc. Common Stock,$162.90,-0.51,-0.312%,5029711803.00,United States,1999,196076,Consumer Discretionary,Professional Services
FCNCA,First Citizens BancShares Inc. Class A Common Stock,$1814.41,-4.43,-0.244%,23444347234.00,United States,,59505,Finance,Major Banks
FCNCO,First Citizens BancShares Inc. 5.625% Non-Cumulative Perpetual Preferred Stock Series C,$22.482,0.0519,0.231%,290494328.00,United States,,3351,Finance,Major Banks
FCNCP,First Citizens BancShares Inc. Depositary Shares,$22.095,0.0753,0.342%,285493826.00,United States,,24466,Finance,Major Banks
FCO,abrdn Global Income Fund Inc. Common Stock,$3.03,0.022,0.731%,0.00,United States,1992,49701,Finance,Investment Managers
FCPT,Four Corners Property Trust Inc. Common Stock,$24.14,-0.03,-0.124%,2560819794.00,United States,2015,469940,Real Estate,Real Estate Investment Trusts
FCRX,Crescent Capital BDC Inc. 5.00% Notes due 2026,$25.08,0.00,0.00%,929503599.00,United States,2023,30,Finance,Finance: Consumer Services
FCT,First Trust Senior Floating Rate Income Fund II Common Shares of Beneficial Interest,$9.56,0.04,0.42%,0.00,United States,2004,119387,Finance,Finance Companies
FCUV,Focus Universal Inc. Common Stock,$3.70,0.07,1.928%,27330809.00,United States,,5113,Industrials,Industrial Machinery/Components
FCX,Freeport-McMoRan Inc. Common Stock,$40.95,1.14,2.864%,58801360527.00,United States,,13888094,Basic Materials,Metal Mining
FDBC,Fidelity D & D Bancorp Inc. Common Stock,$44.28,0.06,0.136%,255376133.00,United States,,5966,Finance,Major Banks
FDMT,4D Molecular Therapeutics Inc. Common Stock,$10.17,-0.33,-3.143%,474964089.00,United States,2020,1294814,Health Care,Biotechnology: Biological Products (No Diagnostic Substances)
FDP,Fresh Del Monte Produce Inc. Common Stock,$37.63,0.34,0.912%,1797764859.00,Cayman Islands,1997,279830,Consumer Staples,Farming/Seeds/Milling
FDS,FactSet Research Systems Inc. Common Stock,$265.09,2.49,0.948%,10022197720.00,United States,2000,688490,Technology,Computer Software: Programming Data Processing
FDSB,Fifth District Bancorp Inc. Common Stock,$13.1601,-0.0099,-0.075%,73163221.00,United States,2024,14833,Finance,Savings Institutions
FDUS,Fidus Investment Corporation Common Stock,$19.88,0.11,0.556%,724178521.00,United States,2011,296222,Finance,Finance/Investors Services
FDX,FedEx Corporation Common Stock,$253.89,-8.20,-3.129%,59906731993.00,United States,,2020533,Consumer Discretionary,Air Freight/Delivery Services
FE,FirstEnergy Corp. Common Stock,$46.13,0.23,0.501%,26647712052.00,United States,,4403981,Utilities,Electric Utilities: Central
FEAM,5E Advanced Materials Inc. Common Stock,$4.80,0.56,13.208%,107734018.00,United States,,130408,Industrials,Mining & Quarrying of Nonmetallic Minerals (No Fuels)
FEBO,Fenbo Holdings Limited Class A Ordinary Shares,$0.6943,0.0143,2.103%,7680694.00,Hong Kong,2023,1220,Consumer Discretionary,Home Furnishings
FEDU,Four Seasons Education (Cayman) Inc. American Depositary Shares each ADS representing 10 ordinary shares,$14.38,-0.11,-0.759%,32499634.00,,2017,828,Real Estate,Other Consumer Services
FEIM,Frequency Electronics Inc. Common Stock,$31.31,-0.48,-1.51%,305249675.00,United States,,162786,Industrials,Electrical Products
FELE,Franklin Electric Co. Inc. Common Stock,$94.57,-0.30,-0.316%,4209346731.00,United States,,118401,Consumer Discretionary,Metal Fabrications
FEMY,Femasys Inc. Common Stock,$1.04,0.00,0.00%,33878423.00,United States,2021,13093457,Health Care,Medical/Dental Instruments
FENC,Fennec Pharmaceuticals Inc. Common Stock,$7.68,-0.30,-3.759%,212989440.00,United States,,23475,Health Care,Biotechnology: Biological Products (No Diagnostic Substances)
FENG,Phoenix New Media Limited American Depositary Shares each representing 48 Class A ordinary shares.,$2.2698,-0.0402,-1.74%,27262059.00,China,2011,1726,Industrials,Broadcasting
FER,Ferrovial SE Ordinary Shares,$63.85,0.51,0.805%,45983881974.00,Netherlands,,1301065,Industrials,Military/Government/Technical
FERA,Fifth Era Acquisition Corp I Class A Ordinary Shares,$10.42,0.01,0.096%,0.00,Cayman Islands,2025,5328,,
FERAR,Fifth Era Acquisition Corp I Rights,$0.27,-0.0001,-0.037%,0.00,Cayman Islands,2025,800,,
FERG,Ferguson Enterprises Inc. Common Stock,$251.59,1.93,0.773%,50669988751.00,United Kingdom,2021,1524478,Miscellaneous,Miscellaneous
FET,Forum Energy Technologies Inc. Common Stock,$29.52,0.88,3.073%,335877320.00,United States,2012,104145,Consumer Discretionary,Oil and Gas Field Machinery
FF,FutureFuel Corp.  Common shares,$3.88,0.07,1.837%,169956583.00,United States,,152271,Industrials,Major Chemicals
FFA,First Trust Enhanced Equity Income Fund,$21.72,0.30,1.401%,0.00,United States,2004,11161,Finance,Investment Managers
FFAI,Faraday Future Intelligent Electric Inc. Class A Common Stock,$1.16,-0.03,-2.521%,170321371.00,United States,2020,6278605,Industrials,Auto Manufacturing
FFAIW,Faraday Future Intelligent Electric Inc. Warrant,$0.0346,-0.0054,-13.50%,5080275.00,United States,2020,15775,Industrials,Auto Manufacturing
FFBC,First Financial Bancorp. Common Stock,$24.17,0.14,0.583%,2381462704.00,United States,,321275,Finance,Major Banks
FFC,Flaherty & Crumrine Preferred and Income Securities Fund Incorporated,$16.84,0.00,0.00%,0.00,United States,2003,70967,Finance,Trusts Except Educational Religious and Charitable
FFIC,Flushing Financial Corporation Common Stock,$15.43,0.17,1.114%,521201298.00,United States,,348800,Finance,Major Banks
FFIN,First Financial Bankshares Inc. Common Stock,$31.25,-0.10,-0.319%,4471995688.00,United States,,534197,Finance,Major Banks
FFIV,F5 Inc. Common Stock,$240.77,-4.97,-2.022%,13831555121.00,United States,1999,861079,Telecommunications,Computer Communications Equipment
FFWM,First Foundation Inc. Common Stock,$5.08,-0.07,-1.359%,418521241.00,United States,,1512018,Finance,Major Banks
FG,F&G Annuities & Life Inc. Common Stock,$32.63,1.82,5.907%,4393590409.00,United States,2022,325890,Finance,Life Insurance
FGBI,First Guaranty Bancshares Inc. Common Stock,$5.92,0.1336,2.309%,89511418.00,United States,,42279,Finance,Savings Institutions
FGBIP,First Guaranty Bancshares Inc. 6.75% Series A Fixed-Rate Non-Cumulative Perpetual Preferred Stock,$15.86,0.6101,4.001%,239805928.00,United States,,8711,Finance,Savings Institutions
FGEN,FibroGen Inc Common Stock,$11.00,-0.03,-0.272%,44482889.00,United States,2014,42899,Health Care,Biotechnology: Pharmaceutical Preparations
FGI,FGI Industries Ltd. Ordinary Shares,$5.25,0.08,1.547%,10071133.00,United States,2022,13674,Industrials,Industrial Specialties
FGIWW,FGI Industries Ltd. Warrant,$0.0761,0.00,0.00%,145983.00,United States,2022,100,Industrials,Industrial Specialties
FGL,Founder Group Limited Class A Ordinary Shares,$0.4455,0.0042,0.952%,8649511.00,Malaysia,2024,2537476,Consumer Discretionary,Engineering & Construction
FGMC,FG Merger II Corp. Common stock,$10.005,-0.005,-0.05%,102455182.00,United States,2025,35711,,
FGMCR,FG Merger II Corp. Rights,$0.42,0.0149,3.678%,0.00,United States,2025,10796,,
FGMCU,FG Merger II Corp. Unit,$10.40,0.00,0.00%,0.00,United States,2025,12,,
FGN,F&G Annuities & Life Inc. 7.950% Senior Notes due 2053,$26.49,0.11,0.417%,3340350537.00,United States,2023,6486,Finance,Life Insurance
FGNX,FG Nexus Inc. Common Stock ,$3.21,-0.06,-1.835%,113490722.00,United States,2014,617667,Finance,Property-Casualty Insurers
FGNXP,FG Nexus Inc. 8.00% Cumulative Preferred Stock,$19.48,0.58,3.069%,688722510.00,United States,,5871,Finance,Property-Casualty Insurers
FGSN,F&G Annuities & Life Inc. 7.300% Junior Subordinated Notes due 2065,$23.86,0.19,0.803%,0.00,United States,2025,24757,Finance,Life Insurance
FHB,First Hawaiian Inc. Common Stock,$24.83,0.04,0.161%,3071957296.00,United States,2016,1033647,Finance,Major Banks
FHI,Federated Hermes Inc. Common Stock,$49.67,0.21,0.425%,3851752884.00,United States,,400701,Finance,Investment Managers
FHN,First Horizon Corporation Common Stock,$21.82,0.29,1.347%,10744039393.00,United States,,7765651,Finance,Major Banks
FHN^C,First Horizon Corporation Depositary Shares each representing a 1/400th interest in a share of Non-Cumulative Perpetual Preferred Stock Series C,$25.17,0.04,0.159%,,United States,,3862,,
FHN^E,First Horizon Corporation Depositary Shares each representing a 1/4000th interest in a share of Non-Cumulative Perpetual Preferred Stock Series E,$24.86,0.1689,0.684%,,United States,,8097,,
FHN^F,First Horizon Corporation Depositary Shares each representing 1/4000th Interest in a Share of Non-Cumulative Perpetual Preferred Stock Series F,$18.60,0.19,1.032%,,United States,,5355,,
FHTX,Foghorn Therapeutics Inc. Common Stock,$4.42,0.06,1.376%,249956697.00,United States,2020,122621,Health Care,Biotechnology: Pharmaceutical Preparations
FI,Fiserv Inc. Common Stock,$63.80,0.10,0.157%,34314950391.00,United States,,8425092,Real Estate,Real Estate
FIBK,First Interstate BancSystem Inc. Common Stock (DE),$31.99,-0.03,-0.094%,3291470742.00,United States,2010,633252,Finance,Major Banks
FICO,Fair Isaac Corporation Common Stock,$1756.34,16.34,0.939%,42158581179.00,United States,,277995,Real Estate,Real Estate
FIEE,FiEE Inc Common Stock,$2.42,0.02,0.833%,15063021.00,United States,,9423,Utilities,Telecommunications Equipment
FIG,Figma Inc. Class A Common Stock,$44.42,0.17,0.384%,22014184114.00,United States,2025,12807353,Technology,Computer Software: Prepackaged Software
FIGR,Figure Technology Solutions Inc. Class A Common Stock,$37.60,1.04,2.845%,7958234730.00,U.S. Virgin Islands,2025,847116,Finance,Finance: Consumer Services
FIGS,FIGS Inc. Class A Common Stock,$8.83,0.28,3.275%,1452523512.00,United States,2021,3015820,Consumer Discretionary,Apparel
FIGX,FIGX Capital Acquisition Corp. Class A Ordinary Share,$10.12,0.01,0.099%,0.00,United States,2025,153656,,
FIGXU,FIGX Capital Acquisition Corp. Units,$10.25,0.02,0.196%,0.00,United States,2025,2309,Finance,Blank Checks
FIGXW,FIGX Capital Acquisition Corp. Warrant,$0.30,0.00,0.00%,0.00,United States,2025,1,,
FIHL,Fidelis Insurance Holdings Limited Common Shares,$19.00,0.14,0.742%,2123693441.00,Bermuda,2023,322787,Finance,Property-Casualty Insurers
FINS,Angel Oak Financial Strategies Income Term Trust Common Shares of Beneficial Interest,$13.22,0.096,0.731%,331328074.00,,2019,25924,Finance,Finance/Investors Services
FINV,FinVolution Group American Depositary Shares,$6.15,0.13,2.159%,1558495245.00,United States,2017,1892360,Finance,Finance: Consumer Services
FINW,FinWise Bancorp Common Stock,$18.92,-0.31,-1.612%,255783832.00,United States,2021,11242,Finance,Major Banks
FIP,FTAI Infrastructure Inc. Common Stock ,$5.11,0.03,0.591%,594264696.00,United States,,1465729,Energy,Oil Refining/Marketing
FIS,Fidelity National Information Services Inc. Common Stock,$65.44,0.66,1.019%,33888153996.00,United States,,2479350,Real Estate,Real Estate
FISI,Financial Institutions Inc. Common Stock,$29.79,0.46,1.568%,599688965.00,United States,1999,87397,Finance,Major Banks
FITB,Fifth Third Bancorp Common Stock,$43.13,0.26,0.606%,28509437597.00,United States,,6973645,Finance,Major Banks
FITBI,Fifth Third Bancorp Depositary Shares,$25.585,0.055,0.215%,16911986110.00,United States,,19006,Finance,Major Banks
FITBO,Fifth Third Bancorp Depositary Shares each representing a 1/1000th ownership interest in a share of Non-Cumulative Perpetual Preferred Stock Series K,$20.44,0.17,0.839%,13511080558.00,United States,,25054,Finance,Major Banks
FITBP,Fifth Third Bancorp Depositary Shares each representing 1/40th share of Fifth Third 6.00% Non-Cumulative Perpetual Class B Preferred Stock Series A,$25.00,0.14,0.563%,16525294225.00,United States,,6554,Finance,Major Banks
FIVE,Five Below Inc. Common Stock,$152.49,0.21,0.138%,8409131500.00,United States,2012,1034215,Consumer Discretionary,Department/Specialty Retail Stores
FIVN,Five9 Inc. Common Stock,$20.76,0.92,4.637%,1623765240.00,United States,2014,3706746,Technology,EDP Services
FIX,Comfort Systems USA Inc. Common Stock,$974.14,18.88,1.976%,34359817373.00,United States,1997,279847,Industrials,Engineering & Construction
FIZZ,National Beverage Corp. Common Stock,$32.81,-0.10,-0.304%,3071680271.00,United States,,378843,Consumer Staples,Beverages (Production/Distribution)
FKWL,Franklin Wireless Corp. Common Stock,$5.10,0.06,1.19%,60099828.00,United States,,6119,Utilities,Telecommunications Equipment
FLC,Flaherty & Crumrine Total Return Fund Inc Common Stock,$17.665,0.095,0.541%,0.00,United States,2003,21624,Finance,Trusts Except Educational Religious and Charitable
FLD,Fold Holdings Inc. Class A Common Stock,$2.94,-0.15,-4.854%,137562394.00,United States,2025,307456,Finance,Finance: Consumer Services
FLDDW,Fold Holdings Inc. Warrant,$0.3522,0.0114,3.345%,16479413.00,United States,2025,2308,Finance,Finance: Consumer Services
FLEX,Flex Ltd. Ordinary Shares,$63.64,1.00,1.596%,23533456474.00,Singapore,1994,3148009,Technology,Electrical Products
FLG,Flagstar Bank N.A. Common Stock,$10.96,0.08,0.735%,4556684412.00,United States,,5041821,Finance,Banks
FLG^A,Flagstar Bank N.A. Depositary shares each representing a 1/40th interest in a share of Fixed-to-Floating Rate Series A Noncumulative Perpetual Preferred Stock,$22.21,0.06,0.271%,,United States,,14160,,
FLG^U,Flagstar Bank N.A. Bifurcated Option Note Unit SecuritiES,$38.75,0.1062,0.275%,,United States,,207,,
FLGC,Flora Growth Corp. Common Stock,$8.10,0.09,1.124%,6004214.00,Canada,2021,8971,Health Care,Biotechnology: Pharmaceutical Preparations
FLGT,Fulgent Genetics Inc. Common Stock,$27.16,0.80,3.035%,831341635.00,United States,2016,732999,Health Care,Medical Specialities
FLL,Full House Resorts Inc. Common Stock,$2.64,0.01,0.38%,95360755.00,United States,,174981,Consumer Discretionary,Hotels/Resorts
FLNC,Fluence Energy Inc. Class A Common Stock,$21.79,1.00,4.81%,3976809640.00,United States,2021,11606675,Miscellaneous,Industrial Machinery/Components
FLNG,FLEX LNG Ltd. Ordinary Shares,$26.94,0.39,1.469%,1457124470.00,,2019,311252,Consumer Discretionary,Marine Transportation
FLNT,Fluent Inc. Common Stock,$1.95,0.01,0.515%,47323183.00,United States,,13080,Consumer Discretionary,Advertising
FLO,Flowers Foods Inc. Common Stock,$11.37,-0.50,-4.212%,2401096418.00,United States,,5611786,Consumer Staples,Packaged Foods
FLOC,Flowco Holdings Inc. Class A Common Stock,$17.06,0.52,3.144%,1529513328.00,United States,2025,338467,Consumer Discretionary,Oil and Gas Field Machinery
FLR,Fluor Corporation Common Stock,$45.59,-0.13,-0.284%,7370278674.00,United States,,5400223,Industrials,Military/Government/Technical
FLS,Flowserve Corporation Common Stock,$69.70,0.46,0.664%,8859950977.00,United States,,1318089,Industrials,Fluid Controls
FLUT,Flutter Entertainment plc Ordinary Shares,$229.85,6.82,3.058%,40416865143.00,Ireland,2024,2111805,Technology,Computer Software: Programming Data Processing
FLUX,Flux Power Holdings Inc. Common Stock,$2.37,0.14,6.278%,39900604.00,United States,,510630,Miscellaneous,Industrial Machinery/Components
FLWS,1-800-FLOWERS.COM Inc. Common Stock,$3.29,-0.20,-5.731%,209464150.00,United States,1999,1223485,Consumer Discretionary,Other Specialty Stores
FLX,BingEx Limited American Depositary Shares,$3.45,0.10,2.985%,245398190.00,China,2024,104040,Industrials,Trucking Freight/Courier Services
FLXS,Flexsteel Industries Inc. Common Stock,$35.01,0.40,1.156%,184711465.00,United States,,25434,Consumer Discretionary,Home Furnishings
FLY,Firefly Aerospace Inc. Common Stock,$19.24,-0.50,-2.533%,2819415420.00,United States,2025,1382090,Industrials,Military/Government/Technical
FLYE,Fly-E Group Inc. Common Stock,$5.56,0.08,1.46%,9075877.00,United States,2024,9969,Industrials,Aerospace
FLYW,Flywire Corporation Voting Common Stock,$13.59,0.03,0.221%,1636739020.00,United States,2021,1807963,Real Estate,Real Estate
FLYX,flyExclusive Inc. Class A Common Stock,$3.18,0.00,0.00%,254812083.00,,2023,19351,Consumer Discretionary,Transportation Services
FMAO,Farmers & Merchants Bancorp Inc. Common Stock,$24.30,-0.17,-0.695%,334123639.00,United States,,30946,Finance,Savings Institutions
FMBH,First Mid Bancshares Inc. Common Stock,$37.07,0.25,0.679%,889582395.00,United States,,69389,Finance,Major Banks
FMC,FMC Corporation Common Stock,$14.09,0.10,0.715%,1760123744.00,United States,,5536586,Industrials,Major Chemicals
FMFC,Kandal M Venture Limited Class A Ordinary Shares,$0.6085,-0.1669,-21.524%,11634520.00,Cambodia,2025,982095,Consumer Discretionary,Apparel
FMN,Federated Hermes Premier Municipal Income Fund,$11.12,0.03,0.271%,959153932.00,United States,2002,38100,Finance,Investment Managers
FMNB,Farmers National Banc Corp. Common Stock,$13.30,0.16,1.218%,500787334.00,United States,,153599,Finance,Major Banks
FMS,Fresenius Medical Care AG American Depositary Shares (Each representing 1/2 of an Ordinary Share),$23.70,-0.30,-1.25%,13907797483.00,Germany,,718649,Health Care,Misc Health and Biotechnology Services
FMST,Foremost Clean Energy Ltd. Common Shares,$2.71,0.15,5.859%,33011795.00,Canada,,319654,Basic Materials,Other Metals and Minerals
FMSTW,Foremost Clean Energy Ltd. Warrant,$0.7702,0.0569,7.977%,9382171.00,Canada,,6687,Basic Materials,Other Metals and Minerals
FMX,Fomento Economico Mexicano S.A.B. de C.V. Common Stock,$94.74,-1.11,-1.158%,32931860376.00,Mexico,,230521,Consumer Staples,Beverages (Production/Distribution)
FMY,First Trust Motgage Income Fund Common Shares of Beneficial Interest,$12.12,0.02,0.165%,0.00,United States,2005,1931,Finance,Finance/Investors Services
FN,Fabrinet Ordinary Shares,$467.23,18.10,4.03%,16739547328.00,Cayman Islands,2010,589712,Utilities,Telecommunications Equipment
FNB,F.N.B. Corporation Common Stock,$16.19,0.11,0.684%,5798231279.00,United States,,7523857,Finance,Major Banks
FND,Floor & Decor Holdings Inc. Common Stock,$59.58,0.32,0.54%,6420110047.00,United States,2017,2447669,Consumer Discretionary,RETAIL: Building Materials
FNF,Fidelity National Financial Inc. Common Stock,$57.50,0.45,0.789%,15624046970.00,United States,2014,1154785,Finance,Specialty Insurers
FNGR,FingerMotion Inc. Common Stock,$1.36,0.01,0.741%,82835463.00,United States,,144172,Technology,Computer Software: Prepackaged Software
FNKO,Funko Inc. Class A Common Stock,$3.74,0.41,12.312%,207161697.00,United States,2017,2512152,Consumer Discretionary,Recreational Games/Products/Toys
FNLC,First Bancorp Inc  (ME) Common Stock,$25.25,0.00,0.00%,283067347.00,United States,,12133,Finance,Major Banks
FNV,Franco-Nevada Corporation,$194.84,2.72,1.416%,37560689579.00,Canada,,741816,Basic Materials,Precious Metals
FNWB,First Northwest Bancorp Common Stock,$9.13,0.05,0.551%,86389430.00,United States,2015,6784,Finance,Banks
FNWD,Finward Bancorp Common Stock,$33.38,-0.08,-0.239%,144364795.00,United States,,17587,Finance,Major Banks
FOA,Finance of America Companies Inc. Class A Common Stock,$23.07,0.75,3.36%,255599082.00,United States,2021,132025,Finance,Finance: Consumer Services
FOF,Cohen & Steers Closed-End Opportunity Fund Inc. Common Stock,$12.95,0.07,0.543%,636345233.00,United States,2006,36572,Finance,Investment Managers
FOFO,Hang Feng Technology Innovation Co. Ltd. Ordinary Shares,$13.16,-0.72,-5.187%,87711400.00,Hong Kong,2025,24885,Consumer Discretionary,Professional Services
FOLD,Amicus Therapeutics Inc. Common Stock,$9.00,0.13,1.466%,2776801932.00,United States,2007,3661060,Health Care,Biotechnology: Pharmaceutical Preparations
FONR,Fonar Corporation Common Stock,$14.97,0.27,1.837%,98594276.00,United States,1981,86921,Health Care,Biotechnology: Electromedical & Electrotherapeutic Apparatus
FOR,Forestar Group Inc Common Stock ,$24.26,-0.05,-0.206%,1233212728.00,United States,2017,112919,Finance,Real Estate
FORA,Forian Inc. Common Stock,$2.19,0.04,1.86%,68135963.00,United States,,10099,Technology,EDP Services
FORD,Forward Industries Inc. Common Stock,$10.94,0.57,5.497%,941036296.00,United States,,819738,Industrials,Plastic Products
FORM,FormFactor Inc. FormFactor Inc. Common Stock,$53.55,1.30,2.488%,4151040544.00,United States,2003,919555,Technology,Semiconductors
FORR,Forrester Research Inc. Common Stock,$7.59,0.07,0.931%,144839970.00,United States,1996,114416,Industrials,Diversified Commercial Services
FORTY,Formula Systems (1985) Ltd. American Depositary Shares,$148.00,0.75,0.509%,2267014716.00,Israel,,580,Technology,EDP Services
FOSL,Fossil Group Inc. Common Stock,$2.00,0.10,5.263%,107570738.00,United States,1993,599977,Consumer Discretionary,Consumer Specialties
FOSLL,Fossil Group Inc. 7% Senior Notes due 2026,$17.21,0.12,0.702%,925646200.00,United States,,9143,Consumer Discretionary,Consumer Specialties
FOUR,Shift4 Payments Inc. Class A Common Stock,$70.93,4.78,7.226%,6285762126.00,United States,2020,3753140,Real Estate,Real Estate
FOUR^A,Shift4 Payments Inc. 6.00% Series A Mandatory Convertible Preferred Stock,$86.90,3.64,4.372%,,United States,,3649,,
FOX,Fox Corporation Class B Common Stock,$60.05,0.57,0.958%,26658760396.00,United States,,1448355,Industrials,Broadcasting
FOXA,Fox Corporation Class A Common Stock,$66.53,0.56,0.849%,29535509228.00,United States,,3276610,Industrials,Broadcasting
FOXF,Fox Factory Holding Corp. Common Stock,$16.00,-0.37,-2.26%,668808912.00,United States,2013,1662608,Consumer Discretionary,Motor Vehicles
FOXX,Foxx Development Holdings Inc. Common Stock,$3.39,0.24,7.619%,22986224.00,United States,,14195,Telecommunications,Computer Communications Equipment
FPF,First Trust Intermediate Duration Preferred & Income Fund Common Shares of Beneficial Interest,$18.97,0.17,0.904%,0.00,United States,2013,187019,Finance,Trusts Except Educational Religious and Charitable
FPH,Five Point Holdings LLC Class A Common Shares,$6.02,0.15,2.555%,885348505.00,United States,2017,163410,Finance,Real Estate
FPI,Farmland Partners Inc. Common Stock,$9.74,0.04,0.412%,419770186.00,United States,2014,489371,Real Estate,Real Estate Investment Trusts
FR,First Industrial Realty Trust Inc. Common Stock,$56.03,-0.25,-0.444%,7419619228.00,United States,1994,633458,Real Estate,Real Estate Investment Trusts
FRA,Blackrock Floating Rate Income Strategies Fund Inc  Common Stock,$12.36,0.00,0.00%,1838704142.00,United States,2003,149407,Finance,Investment Bankers/Brokers/Service
FRAF,Franklin Financial Services Corporation Common Stock,$47.15,1.09,2.366%,211074095.00,United States,,49316,Finance,Major Banks
FRBA,First Bank Common Stock,$15.73,-0.03,-0.19%,395364159.00,United States,2013,53833,Finance,Commercial Banks
FRD,Friedman Industries Inc. Common Stock,$21.95,0.92,4.375%,154954708.00,United States,,19416,Industrials,Steel/Iron Ore
FRGE,Forge Global Holdings Inc. Common Stock,$44.21,0.22,0.50%,601316214.00,United States,2021,2351402,Finance,Investment Bankers/Brokers/Service
FRGT,Freight Technologies Inc. Ordinary Shares,$0.8456,0.0055,0.655%,2327363.00,United States,2017,92835,Consumer Discretionary,Professional Services
FRHC,Freedom Holding Corp. Common Stock,$139.72,-2.16,-1.522%,8553894108.00,Kazakhstan,,106288,Finance,Investment Bankers/Brokers/Service
FRME,First Merchants Corporation Common Stock,$36.21,0.19,0.527%,2093843974.00,United States,,207895,Finance,Major Banks
FRMEP,First Merchants Corporation Depository Shares,$25.9137,-0.2563,-0.979%,1498460221.00,United States,,171,Finance,Major Banks
FRMI,Fermi Inc. Common Stock,$25.31,0.96,3.943%,15013308453.00,United States,2025,3856131,Real Estate,Real Estate Investment Trusts
FRO,Frontline Plc Ordinary Shares,$24.10,0.44,1.86%,5365211625.00,Bermuda,,1470080,Consumer Discretionary,Marine Transportation
FROG,JFrog Ltd. Ordinary Shares,$64.32,4.32,7.20%,7508830389.00,United States,2020,4445636,Technology,Computer Software: Prepackaged Software
FRPH,FRP Holdings Inc. Common Stock,$23.48,0.19,0.816%,448684814.00,United States,,106779,Finance,Real Estate
FRPT,Freshpet Inc. Common Stock,$55.35,0.11,0.199%,2701541453.00,United States,2014,1386204,Consumer Staples,Packaged Foods
FRSH,Freshworks Inc. Class A Common Stock,$11.33,0.14,1.251%,3194739961.00,United States,2021,3666378,Technology,Computer Software: Prepackaged Software
FRST,Primis Financial Corp. Common Stock,$10.82,0.00,0.00%,266639262.00,United States,2006,81672,Finance,Major Banks
FRSX,Foresight Autonomous Holdings Ltd. American Depositary Shares,$2.19,-0.01,-0.455%,7931895.00,Israel,,15330,Technology,Computer Software: Prepackaged Software
FRT,Federal Realty Investment Trust Common Stock,$96.78,-0.56,-0.575%,8349213600.00,United States,,1039441,Real Estate,Real Estate Investment Trusts
FRT^C,Federal Realty Investment Trust Depositary Shares each representing a 1/1000th interest in a 5.000% Series C Cumulative Redeemable Preferred Share,$20.8885,0.1185,0.571%,,United States,,2398,,
FSBC,Five Star Bancorp Common Stock,$34.46,0.05,0.145%,736320156.00,United States,2021,44450,Finance,Major Banks
FSBW,FS Bancorp Inc. Common Stock,$40.61,-0.43,-1.048%,308487205.00,United States,2012,11438,Finance,Banks
FSCO,FS Credit Opportunities Corp. Common Stock,$6.47,0.00,0.00%,1283362673.00,United States,2022,1713556,Finance,Trusts Except Educational Religious and Charitable
FSEA,First Seacoast Bancorp Inc. Common Stock,$11.50,0.00,0.00%,54078900.00,United States,2019,67,Finance,Savings Institutions
FSFG,First Savings Financial Group Inc. Common Stock,$30.05,0.13,0.434%,209645568.00,United States,2008,8284,Finance,Savings Institutions
FSHP,Flag Ship Acquisition Corp. Ordinary Shares,$10.72,0.00,0.00%,0.00,United States,2024,942,,
FSHPR,Flag Ship Acquisition Corp. Right,$0.18,0.00,0.00%,0.00,United States,2024,20,,
FSI,Flexible Solutions International Inc. Common Stock (CDA),$8.48,0.18,2.169%,107327391.00,Canada,2002,28083,Industrials,Major Chemicals
FSK,FS KKR Capital Corp. Common Stock,$15.37,0.14,0.919%,4304621075.00,United States,2014,2678717,Finance,Investment Managers
FSLR,First Solar Inc. Common Stock,$272.64,5.00,1.868%,29256491562.00,United States,2006,2140073,Technology,Semiconductors
FSLY,Fastly Inc. Class A Common Stock,$11.93,0.37,3.201%,1758482000.00,United States,2019,5909583,Technology,Computer Software: Prepackaged Software
FSM,Fortuna Mining Corp. Common Shares,$8.42,0.23,2.808%,2584603082.00,Canada,,14114814,Basic Materials,Precious Metals
FSP,Franklin Street Properties Corp. Common Stock,$1.15,-0.01,-0.862%,119243891.00,United States,,827905,Real Estate,Real Estate Investment Trusts
FSS,Federal Signal Corporation Common Stock,$112.60,1.89,1.707%,6847045770.00,United States,,287174,Industrials,Auto Manufacturing
FSTR,L.B. Foster Company Common Stock,$28.10,1.00,3.69%,292043553.00,United States,,15984,Industrials,Metal Fabrications
FSUN,FirstSun Capital Bancorp Common Stock,$32.25,-0.42,-1.286%,897680363.00,United States,,116582,Finance,Major Banks
FSV,FirstService Corporation Common Shares,$152.28,0.87,0.575%,6961059298.00,Canada,,295333,Finance,Real Estate
FT,Franklin Universal Trust Common Stock,$8.07,0.12,1.509%,202814385.00,United States,,110095,Finance,Trusts Except Educational Religious and Charitable
FTAI,FTAI Aviation Ltd. Common Stock,$165.10,1.45,0.886%,16934789918.00,United States,,1146381,Industrials,Misc Corporate Leasing Services
FTAIM,FTAI Aviation Ltd. 9.500% Fixed-Rate Reset Series D Cumulative Perpetual Redeemable Preferred Shares,$26.49,-0.01,-0.038%,2717156783.00,United States,,7367,Industrials,Misc Corporate Leasing Services
FTAIN,FTAI Aviation Ltd. 8.25% Fixed - Rate Reset Series C Cumulative Perpetual Redeemable Preferred Shares,$25.50,0.02,0.078%,2615609588.00,United States,,2057,Industrials,Misc Corporate Leasing Services
FTCI,FTC Solar Inc. Common Stock,$7.38,-0.89,-10.762%,109776002.00,United States,2021,138933,Technology,Semiconductors
FTDR,Frontdoor Inc. Common Stock,$49.88,-0.54,-1.071%,3597006366.00,United States,,902419,Consumer Discretionary,Diversified Commercial Services
FTEK,Fuel Tech Inc. Common Stock,$2.07,-0.04,-1.896%,64324087.00,United States,,240981,Industrials,Pollution Control Equipment
FTEL,Fitell Corporation Class A Ordinary Shares,$1.12,-0.20,-15.152%,1471441.00,Australia,2023,737788,Consumer Discretionary,Recreational Games/Products/Toys
FTF,Franklin Limited Duration Income Trust Common Shares of Beneficial Interest,$6.13,-0.02,-0.325%,247684943.00,United States,2003,165139,Finance,Finance/Investors Services
FTFT,Future FinTech Group Inc. Common Stock,$1.49,0.09,6.429%,5141647.00,China,,27392,Real Estate,Real Estate
FTHM,Fathom Holdings Inc. Common Stock,$1.29,0.04,3.20%,36309787.00,United States,2020,265884,Finance,Real Estate
FTHY,First Trust High Yield Opportunities 2027 Term Fund Common Stock,$14.14,0.02,0.142%,519970064.00,United States,2020,80747,Finance,Investment Managers
FTI,TechnipFMC plc Ordinary Share,$43.74,0.89,2.077%,17693708562.00,,,2877303,Consumer Discretionary,Oil and Gas Field Machinery
FTK,Flotek Industries Inc. Common Stock,$15.23,-0.30,-1.932%,454735558.00,United States,,486036,Industrials,Major Chemicals
FTLF,FitLife Brands Inc. Common Stock,$18.56,0.20,1.089%,174298296.00,United States,,12539,Health Care, Medicinal Chemicals and Botanical Products 
FTNT,Fortinet Inc. Common Stock,$82.28,0.49,0.599%,63048369195.00,United States,2009,6446938,Technology,Computer peripheral equipment
FTRE,Fortrea Holdings Inc. Common Stock,$11.18,-0.07,-0.622%,1033032000.00,United States,,1437390,Health Care,Medical Specialities
FTRK,FAST TRACK GROUP Ordinary shares,$0.4714,-0.009,-1.873%,10282413.00,Singapore,2025,200210,Consumer Discretionary,Package Goods/Cosmetics
FTS,Fortis Inc. Common Shares,$51.39,0.08,0.156%,25972506000.00,United States,2016,494514,Utilities,Electric Utilities: Central
FTV,Fortive Corporation Common Stock ,$51.33,0.10,0.195%,16303005276.00,United States,2016,2547860,Industrials,Industrial Machinery/Components
FTW,EQV Ventures Acquisition Corp. Class A Ordinary Shares,$10.45,0.00,0.00%,465782625.00,,2024,42973,Energy,Oil & Gas Production
FUBO,FuboTV Inc. Class A Common Stock,$3.94,0.06,1.546%,5085100044.00,United States,2020,18911224,Consumer Discretionary,Movies/Entertainment
FUFU,BitFuFu Inc. Class A Ordinary Shares,$3.27,0.08,2.508%,533358631.00,Singapore,,54437,Finance,Finance: Consumer Services
FUFUW,BitFuFu Inc. Warrant,$0.326,-0.0215,-6.187%,53172756.00,Singapore,,11760,Finance,Finance: Consumer Services
FUL,H. B. Fuller Company Common Stock,$57.75,-0.12,-0.207%,3123633340.00,United States,,393536,Industrials,Home Furnishings
FULC,Fulcrum Therapeutics Inc. Common Stock,$7.67,0.04,0.524%,415088419.00,United States,2019,499103,Health Care,Biotechnology: Pharmaceutical Preparations
FULT,Fulton Financial Corporation Common Stock,$17.69,0.06,0.34%,3221425898.00,United States,,955038,Finance,Major Banks
FULTP,Fulton Financial Corporation Depositary Shares Each Representing a 1/40th Interest in a Share of Fixed Rate Non-Cumulative Perpetual Preferred Stock Series A,$19.76,0.19,0.971%,3598381897.00,United States,,3916,Finance,Major Banks
FUN,Six Flags Entertainment Corporation Common Stock New,$16.35,-1.68,-9.318%,1655917569.00,United States,,7030579,Consumer Discretionary,Services-Misc. Amusement & Recreation
FUNC,First United Corporation Common Stock,$35.76,0.28,0.789%,232329430.00,United States,,25568,Finance,Major Banks
FUND,Sprott Focus Trust Inc. Common Stock,$8.35,0.18,2.203%,247440201.00,United States,,11608,Finance,Investment Managers
FURY,Fury Gold Mines Limited Common Shares,$0.566,0.016,2.909%,97157322.00,,2020,443023,Basic Materials,Precious Metals
FUSB,First US Bancshares Inc. Common Stock,$13.45,0.25,1.894%,77564644.00,United States,,1098,Finance,Major Banks
FUSE,Fusemachines Inc. Common stock,$1.96,0.16,8.889%,50019449.00,United States,,214556,Technology,EDP Services
FUSEW,Fusemachines Inc. Warrants,$0.18,0.021,13.208%,4593623.00,United States,,64570,Technology,EDP Services
FUTU,Futu Holdings Limited American Depositary Shares,$187.77,2.43,1.311%,26142748238.00,Hong Kong,2019,1045101,Finance,Investment Bankers/Brokers/Service
FVCB,FVCBankcorp Inc. Common Stock,$12.42,0.12,0.976%,224201953.00,United States,,9314,Finance,Major Banks
FVN,Future Vision II Acquisition Corporation Ordinary shares,$10.56,0.01,0.095%,0.00,China,2024,220,,
FVNNR,Future Vision II Acquisition Corporation Right,$0.1799,0.00,0.00%,0.00,China,2024,25,Finance,Blank Checks
FVNNU,Future Vision II Acquisition Corporation Units,$10.54,-0.01,-0.095%,0.00,China,2024,100,,
FVR,FrontView REIT Inc. Common Stock,$13.21,0.14,1.071%,270263192.00,United States,2024,78476,Real Estate,Real Estate Investment Trusts
FVRR,Fiverr International Ltd. Ordinary Shares no par value,$21.83,0.94,4.50%,783898404.00,,2019,949207,Real Estate,Real Estate
FWONA,Liberty Media Corporation Series A Liberty Formula One Common Stock,$92.38,0.13,0.141%,23100010414.00,United States,,96985,Industrials,Broadcasting
FWONK,Liberty Media Corporation Series C Liberty Formula One Common Stock,$101.86,-0.14,-0.137%,25469743722.00,United States,,1711351,Industrials,Broadcasting
FWRD,Forward Air Corporation Common Stock,$21.56,0.65,3.109%,673711925.00,United States,,1097391,Industrials,Integrated Freight & Logistics
FWRG,First Watch Restaurant Group Inc. Common Stock,$17.68,0.49,2.85%,1079047616.00,United States,2021,1250152,Consumer Discretionary,Restaurants
FXNC,First National Corporation Common Stock,$23.06,0.20,0.875%,207289522.00,United States,,11587,Finance,Major Banks
FYBR,Frontier Communications Parent Inc. Common Stock,$37.88,0.03,0.079%,9482803440.00,United States,,2965450,Telecommunications,Telecommunications Equipment
G,Genpact Limited Common Stock,$44.27,-0.22,-0.494%,7714936265.00,Bermuda,2007,3218651,Consumer Discretionary,Professional Services
GAB,Gabelli Equity Trust Inc. (The) Common Stock,$6.06,0.10,1.678%,1780532311.00,United States,1986,324661,Finance,Investment Managers
GAB^G,Gabelli Equity Trust Inc. (The) Series G Cumulative Preferred Stock,$20.95,0.04,0.191%,,United States,,981,,
GAB^H,Gabelli Equity Trust Inc. (The) Pfd Ser H,$21.02,0.02,0.095%,,United States,,7146,,
GAB^K,Gabelli Equity Trust Inc. (The) 5.00% Series K Cumulative Preferred Stock,$21.09,0.03,0.142%,,United States,,3308,,
GABC,German American Bancorp Inc. Common Stock,$39.52,0.14,0.356%,1481675817.00,United States,,53426,Finance,Major Banks
GAIA,Gaia Inc. Class A Common Stock,$4.34,0.12,2.844%,108974471.00,United States,1999,29792,Consumer Discretionary,Movies/Entertainment
GAIN,Gladstone Investment Corporation Business Development Company,$13.88,-0.11,-0.786%,550292740.00,United States,2005,101250,Finance,Finance: Consumer Services
GAINI,Gladstone Investment Corporation 7.875% Notes due 2030,$25.4499,0.0226,0.089%,0.00,United States,,8057,Finance,Finance: Consumer Services
GAINL,Gladstone Investment Corporation 8.00% Notes due 2028,$25.60,-0.10,-0.389%,978412288.00,United States,,4482,Finance,Finance: Consumer Services
GAINN,Gladstone Investment Corporation 5.00% Notes Due 2026,$25.15,0.13,0.52%,961213635.00,United States,,1946,Finance,Finance: Consumer Services
GAINZ,Gladstone Investment Corporation 4.875% Notes due 2028,$23.94,0.00,0.00%,914968366.00,United States,,100,Finance,Finance: Consumer Services
GALT,Galectin Therapeutics Inc. Common Stock,$5.20,0.00,0.00%,333113362.00,United States,,856484,Health Care,Biotechnology: Pharmaceutical Preparations
GAM,General American Investors Inc. Common Stock,$63.44,0.65,1.035%,1521012698.00,United States,,18455,Finance,Investment Managers
GAM^B,General American Investors Company Inc. Cumulative Preferred Stock,$25.08,0.05,0.20%,,United States,,8905,,
GAMB,Gambling.com Group Limited Ordinary Shares,$6.88,0.23,3.459%,239168745.00,Jersey,2021,925024,Consumer Discretionary,Services-Misc. Amusement & Recreation
GAME,GameSquare Holdings Inc. Common Stock,$0.5471,-0.0247,-4.32%,54162132.00,United States,,1294332,Consumer Discretionary,Services-Misc. Amusement & Recreation
GANX,Gain Therapeutics Inc. Common Stock,$2.49,0.53,27.041%,89512029.00,United States,2021,3235835,Health Care,Biotechnology: Pharmaceutical Preparations
GAP,Gap Inc. (The) Common Stock,$24.09,0.63,2.685%,8938527674.00,United States,,7624839,Consumer Discretionary,Clothing/Shoe/Accessory Stores
GASS,StealthGas Inc. Common Stock,$6.80,0.02,0.295%,251455017.00,Greece,2005,60992,Consumer Discretionary,Marine Transportation
GATX,GATX Corporation Common Stock,$156.71,1.63,1.051%,5594547000.00,United States,,196471,Consumer Discretionary,Transportation Services
GAU,Galiano Gold Inc.,$2.24,0.20,9.804%,581930579.00,Canada,,2925808,Industrials,Mining & Quarrying of Nonmetallic Minerals (No Fuels)
GAUZ,Gauzy Ltd. Ordinary Shares,$4.845,0.105,2.215%,90699791.00,Israel,2024,30320,Miscellaneous,Industrial Machinery/Components
GBAB,Guggenheim Taxable Municipal Bond & Investment Grade Debt Trust Common Shares of Beneficial Interest,$15.52,0.038,0.245%,347599966.00,United States,2010,58965,Finance,Investment Managers
GBCI,Glacier Bancorp Inc. Common Stock,$42.46,-0.14,-0.329%,5517310315.00,United States,,957907,Finance,Major Banks
GBDC,Golub Capital BDC Inc. Common Stock,$13.915,0.035,0.252%,3706627829.00,United States,2010,975226,Finance,Finance: Consumer Services
GBFH,GBank Financial Holdings Inc. Common Stock,$34.29,0.21,0.616%,489653519.00,United States,,37946,Finance,Commercial Banks
GBIO,Generation Bio Co. Common Stock,$5.47,0.36,7.045%,36856308.00,United States,2020,104190,Health Care,Biotechnology: Pharmaceutical Preparations
GBLI,Global Indemnity Group LLC Class A Common Stock ,$29.699,0.949,3.301%,425407110.00,United States,,329,Finance,Property-Casualty Insurers
GBR,New Concept Energy Inc Common Stock,$0.8601,-0.0099,-1.138%,4413976.00,United States,1993,10128,Energy,Oil & Gas Production
GBTG,Global Business Travel Group Inc. Class A Common Stock,$7.65,-0.31,-3.894%,3664473157.00,United States,2020,1945015,Consumer Discretionary,Transportation Services
GBX,Greenbrier Companies Inc. (The) Common Stock,$43.11,0.04,0.093%,1334752119.00,United States,1994,265960,Industrials,Railroads
GCBC,Greene County Bancorp Inc. Common Stock,$22.48,0.03,0.134%,382763093.00,United States,,3429,Finance,Banks
GCI,Gannett Co. Inc. Common Stock,$5.17,0.09,1.772%,760552238.00,United States,2014,1857934,Consumer Discretionary,Newspapers/Magazines
GCL,GCL Global Holdings Ltd Ordinary Shares,$1.786,0.116,6.946%,225604350.00,Singapore,,103742,Technology,Computer Software: Prepackaged Software
GCLWW,GCL Global Holdings Ltd Warrants,$0.055,-0.0006,-1.079%,6947502.00,Singapore,,138,Technology,Computer Software: Prepackaged Software
GCMG,GCM Grosvenor Inc. Class A Common Stock,$11.70,0.00,0.00%,2272098231.00,United States,,678234,Finance,Investment Managers
GCMGW,GCM Grosvenor Inc. Warrant,$0.21,0.011,5.528%,40781250.00,United States,,73553,Finance,Investment Managers
GCO,Genesco Inc. Common Stock,$31.40,0.05,0.159%,338976345.00,United States,,47345,Consumer Discretionary,Clothing/Shoe/Accessory Stores
GCT,GigaCloud Technology Inc Class A Ordinary Shares,$33.77,0.66,1.993%,1251406245.00,United States,2022,1389793,Consumer Discretionary,Catalog/Specialty Distribution
GCTK,GlucoTrack Inc. Common Stock,$5.56,-0.02,-0.358%,5000720.00,United States,,35049,Health Care,Medical/Dental Instruments
GCTS,GCT Semiconductor Holding Inc. Common Stock,$1.35,-0.06,-4.255%,75410870.00,United States,2021,283060,Technology,Semiconductors
GCV,Gabelli Convertible and Income Securities Fund Inc. (The) Common Stock,$4.26,0.02,0.472%,81110524.00,United States,,71521,Finance,Finance/Investors Services
GD,General Dynamics Corporation Common Stock,$349.49,3.15,0.91%,94404393275.00,United States,,923872,Industrials,Marine Transportation
GDC,GD Culture Group Limited Common Stock,$3.88,0.01,0.258%,217220935.00,United States,2015,15237,Industrials,Steel/Iron Ore
GDDY,GoDaddy Inc. Class A Common Stock,$131.45,-0.58,-0.439%,17764362531.00,United States,2015,1768239,Technology,EDP Services
GDEN,Golden Entertainment Inc. Common Stock,$29.29,0.06,0.205%,766636021.00,United States,,1131743,Consumer Discretionary,Services-Misc. Amusement & Recreation
GDEV,GDEV Inc. Ordinary Shares,$21.8923,0.4637,2.164%,396909369.00,Cyprus,,4378,Technology,EDP Services
GDEVW,GDEV Inc. Warrant,$0.0253,0.0033,15.00%,458691.00,Cyprus,,2000,Technology,EDP Services
GDHG,Golden Heaven Group Holdings Ltd. Class A Ordinary Shares,$4.18,0.26,6.633%,10584032.00,China,2023,6280,Consumer Discretionary,Services-Misc. Amusement & Recreation
GDL,GDL Fund The Common Shares of Beneficial Interest,$8.47,-0.04,-0.47%,0.00,United States,2007,15853,Finance,Investment Managers
GDO,Western Asset Global Corporate Opportunity Fund Inc. Common Stock,$11.52,0.10,0.876%,0.00,United States,2009,72695,Finance,Finance Companies
GDOT,Green Dot Corporation Class A Common Stock $0.001 par value,$11.82,0.26,2.249%,654741773.00,United States,2010,891576,Finance,Finance: Consumer Services
GDRX,GoodRx Holdings Inc. Class A Common Stock,$3.06,-0.05,-1.608%,1038665038.00,United States,2020,2026349,Technology,EDP Services
GDS,GDS Holdings Limited ADS,$33.42,0.58,1.766%,6696604787.00,China,2016,1136540,Technology,Computer Software: Programming Data Processing
GDTC,CytoMed Therapeutics Limited Ordinary Shares,$1.97,0.09,4.787%,22733800.00,Singapore,2023,27598,Health Care,Biotechnology: Pharmaceutical Preparations
GDV,Gabelli Dividend & Income Trust Common Shares of Beneficial Interest,$27.03,0.36,1.35%,2437794912.00,United States,2003,78055,Finance,Investment Managers
GDV^H,The Gabelli Dividend & Income Trust 5.375% Series H Cumulative Preferred Shares,$23.06,0.01,0.043%,,United States,,3306,,
GDV^K,The Gabelli Dividend & Income Trust 4.250% Series K Cumulative Preferred Shares,$18.60,0.12,0.649%,,United States,,3526,,
GDYN,Grid Dynamics Holdings Inc. Class A Common Stock,$8.79,-0.03,-0.34%,745120020.00,United States,2018,1105293,Technology,Computer Software: Prepackaged Software
GE,GE Aerospace Common Stock,$311.94,4.67,1.52%,330793462381.00,United States,,3715911,Technology,Consumer Electronics/Appliances
GECC,Great Elm Capital Corp. Common Stock,$7.84,0.10,1.292%,59599366.00,United States,,263286,Finance,Finance: Consumer Services
GECCG,Great Elm Capital Corp. 7.75% Notes Due 2030,$25.2397,0.0697,0.277%,0.00,United States,,549,Finance,Finance: Consumer Services
GECCH,Great Elm Capital Corp. 8.125% Notes Due 2029,$25.10,-0.069,-0.274%,0.00,United States,,447,,
GECCI,Great Elm Capital Corp. 8.50% NOTES DUE 2029,$25.25,0.00,0.00%,0.00,United States,,63,Finance,Finance Companies
GECCO,Great Elm Capital Corp. 5.875% Notes due 2026,$25.10,-0.155,-0.614%,0.00,United States,,798,Finance,Finance Companies
GEF,Greif Inc. Class A Common Stock,$58.85,0.38,0.65%,2795438028.00,United States,,192596,,
GEG,Great Elm Group Inc. Common Stock,$2.49,0.03,1.22%,72202000.00,United States,,14782,Technology,Computer Software: Prepackaged Software
GEGGL,Great Elm Group Inc.  7.25% Notes due 2027,$24.42,0.00,0.00%,708101539.00,United States,,25,Technology,Computer Software: Prepackaged Software
GEHC,GE HealthCare Technologies Inc. Common Stock ,$73.48,0.43,0.589%,33471726580.00,United States,,4400735,Health Care,Medical Electronics
GEL,Genesis Energy L.P. Common Units,$16.11,-0.02,-0.124%,1972900163.00,United States,2001,1274097,Energy,Oil Refining/Marketing
GELS,Gelteq Limited Ordinary Shares,$1.02,0.00,0.00%,9626837.00,Australia,2024,43322,Health Care,Biotechnology: Pharmaceutical Preparations
GEMI,Gemini Space Station Inc. Class A Common Stock,$16.84,0.66,4.079%,2000306882.00,United States,2025,2320731,Finance,Investment Bankers/Brokers/Service
GEN,Gen Digital Inc. Common Stock,$26.35,0.58,2.251%,16228151128.00,United States,,6771563,Technology,Computer Software: Prepackaged Software
GENC,Gencor Industries Inc. Common Stock,$13.87,0.27,1.985%,203302327.00,United States,,12042,Industrials,Construction/Ag Equipment/Trucks
GENI,Genius Sports Limited Ordinary Shares,$10.40,0.17,1.662%,2494102073.00,Guernsey,2021,4117736,Consumer Discretionary,Services-Misc. Amusement & Recreation
GENK,GEN Restaurant Group Inc. Class A Common Stock,$2.54,-0.16,-5.926%,83648004.00,United States,2023,138242,Consumer Discretionary,Restaurants
GENVR,Gen Digital Inc. Contingent Value Rights,$4.20,0.15,3.704%,2586650275.00,United States,,158996,Technology,Computer Software: Prepackaged Software
GEO,Geo Group Inc (The) REIT,$14.98,-0.15,-0.991%,2085174790.00,United States,,2187327,Consumer Discretionary,Homebuilding
GEOS,Geospace Technologies Corporation Common Stock (Texas),$27.76,1.77,6.81%,355902688.00,United States,,169291,Industrials,Industrial Machinery/Components
GERN,Geron Corporation Common Stock,$1.16,0.09,8.411%,740099805.00,United States,1996,16676970,Health Care,Biotechnology: Pharmaceutical Preparations
GES,Guess? Inc. Common Stock,$16.91,-0.05,-0.295%,880714449.00,United States,1996,287371,Consumer Discretionary,Apparel
GETY,Getty Images Holdings Inc. Class A Common Stock,$1.72,-0.05,-2.825%,713475446.00,United States,2022,1815310,Real Estate,Real Estate
GEV,GE Vernova Inc. Common Stock,$579.80,4.67,0.812%,157835440412.00,United States,2024,2554282,,
GEVO,Gevo Inc. Common Stock,$2.12,-0.07,-3.196%,512698856.00,United States,2011,5743950,Industrials,Major Chemicals
GF,New Germany Fund Inc. (The) Common Stock,$10.65,0.11,1.044%,0.00,United States,1990,124783,Finance,Investment Managers
GFAI,Guardforce AI Co. Limited Ordinary Shares,$0.873,0.0162,1.891%,18353540.00,Singapore,,245611,Consumer Discretionary,Diversified Commercial Services
GFAIW,Guardforce AI Co. Limited Warrant,$0.1487,0.0486,48.551%,3126199.00,Singapore,,3807,Consumer Discretionary,Diversified Commercial Services
GFF,Griffon Corporation Common Stock,$72.03,-0.12,-0.166%,3353619487.00,United States,,333972,Industrials,Building Products
GFI,Gold Fields Limited American Depositary Shares,$42.28,3.30,8.466%,37841625163.00,South Africa,,4753762,Basic Materials,Precious Metals
GFL,GFL Environmental Inc. Subordinate voting shares no par value,$43.80,0.84,1.955%,15914503510.00,Canada,2020,1895010,Utilities,Environmental Services
GFR,Greenfire Resources Ltd. Common Shares,$4.60,0.02,0.437%,323182200.00,Canada,,140569,Energy,Oil & Gas Production
GFS,GlobalFoundries Inc. Ordinary Shares,$34.62,0.54,1.585%,19141841932.00,United States,2021,3519395,Technology,Semiconductors
GGAL,Grupo Financiero Galicia S.A. American Depositary Shares,$55.90,0.41,0.739%,8978958351.00,Argentina,,1414598,Finance,Commercial Banks
GGB,Gerdau S.A. Common Stock,$3.60,0.03,0.84%,7483700016.00,Brazil,,10075331,Industrials,Steel/Iron Ore
GGG,Graco Inc. Common Stock,$81.78,0.13,0.159%,13550471185.00,United States,,662251,Industrials,Fluid Controls
GGN,GAMCO Global Gold Natural Resources & Income Trust,$4.88,0.08,1.667%,0.00,United States,2005,543516,Finance,Finance/Investors Services
GGN^B,GAMCO Global Gold Natural Reources & Income Trust 5.00% Series B Cumulative 25.00 Liquidation Preference,$20.67,-0.04,-0.193%,,United States,,9284,,
GGR,Gogoro Inc. Ordinary Shares,$4.08,0.23,5.974%,60195373.00,Taiwan,,38788,Industrials,Auto Manufacturing
GGROW,Gogoro Inc. Warrant,$0.0173,0.0011,6.79%,255240.00,Taiwan,,2000,Industrials,Auto Manufacturing
GGT,Gabelli Multi-Media Trust Inc. (The) Common Stock,$4.07,0.025,0.618%,112070507.00,United States,,180951,Finance,Trusts Except Educational Religious and Charitable
GGT^E,Gabelli Multi-Media Trust Inc. (The) 5.125% Series E Cumulative Preferred Stock,$21.52,-0.12,-0.555%,,United States,,1242,,
GGT^G,Gabelli Multi-Media Trust Inc. (The) 5.125% Series G Cumulative Preferred Shares,$21.68,0.00,0.00%,,United States,,321,,
GGZ,Gabelli Global Small and Mid Cap Value Trust (The) Common Shares of Beneficial Interest,$14.02,0.19,1.374%,124384977.00,,2014,3998,Finance,Investment Managers
GH,Guardant Health Inc. Common Stock,$97.92,1.20,1.241%,12341943435.00,United States,2018,2825300,Health Care,Medical Specialities
GHC,Graham Holdings Company Common Stock,$1099.20,49.71,4.737%,4795175362.00,United States,,32770,Real Estate,Other Consumer Services
GHG,GreenTree Hospitality Group Ltd. American depositary shares each representing one Class A ordinary share,$1.93,-0.03,-1.531%,195942268.00,,2018,4157,Consumer Discretionary,Hotels/Resorts
GHI,Greystone Housing Impact Investors LP Beneficial Unit Certificates representing assignments of limited partnership interests,$7.13,0.07,0.992%,168142890.00,United States,2022,208314,Finance,Finance: Consumer Services
GHLD,Guild Holdings Company Class A Common Stock,$19.96,0.01,0.05%,1243011036.00,United States,2020,5469,Finance,Finance: Consumer Services
GHM,Graham Corporation Common Stock,$62.00,-0.36,-0.577%,680504188.00,United States,1978,123205,Industrials,Industrial Machinery/Components
GHRS,GH Research PLC Ordinary Shares,$13.54,0.04,0.296%,839861083.00,Ireland,2021,197997,Health Care,Biotechnology: Pharmaceutical Preparations
GHY,PGIM Global High Yield Fund Inc.,$12.58,0.02,0.159%,0.00,United States,2012,195277,Finance,Trusts Except Educational Religious and Charitable
GIB,CGI Inc. Common Stock,$85.71,-0.47,-0.545%,18783523063.00,Canada,,425516,Consumer Discretionary,Professional Services
GIBO,GIBO Holdings Limited Class A Ordinary Shares,$1.86,-0.10,-5.102%,6984925.00,Hong Kong,,42949,Technology,Computer Software: Prepackaged Software
GIBOW,GIBO Holdings Limited Warrants,$0.0333,-0.0067,-16.75%,125053.00,Hong Kong,,6900,Technology,Computer Software: Prepackaged Software
GIC,Global Industrial Company Common Stock,$26.88,-0.41,-1.502%,1034718129.00,United States,,102698,Industrials,Industrial Machinery/Components
GIFI,Gulf Island Fabrication Inc. Common Stock,$11.77,-0.01,-0.085%,188729349.00,United States,1997,846737,Industrials,Metal Fabrications
GIFT,Giftify Inc. Common Stock,$1.12,0.02,1.818%,34207225.00,United States,,17261,Consumer Discretionary,Catalog/Specialty Distribution
GIG,GigCapital7 Corp. Class A Ordinary Share,$10.55,-0.01,-0.095%,0.00,United States,2024,397116,Finance,Blank Checks
GIGGU,GigCapital7 Corp. Unit,$11.255,0.025,0.223%,1753836262.00,United States,2024,101,Technology,Computer Software: Prepackaged Software
GIGGW,GigCapital7 Corp. Warrant,$0.7899,-0.0001,-0.013%,0.00,United States,2024,19507,Finance,Blank Checks
GIGM,GigaMedia Limited Ordinary Shares,$1.58,-0.01,-0.629%,17462531.00,Taiwan,,3521,Technology,Computer Software: Programming Data Processing
GIII,G-III Apparel Group LTD. Common Stock,$27.87,0.25,0.905%,1176545233.00,United States,1989,241185,Consumer Discretionary,Apparel
GIL,Gildan Activewear Inc. Class A Sub. Vot. Common Stock,$55.67,0.28,0.506%,8297669170.00,Canada,2000,715574,Consumer Discretionary,Apparel
GILD,Gilead Sciences Inc. Common Stock,$118.15,-0.69,-0.581%,146601337125.00,United States,1992,7565978,Health Care,Biotechnology: Biological Products (No Diagnostic Substances)
GILT,Gilat Satellite Networks Ltd. Ordinary Shares,$12.48,0.08,0.645%,712163113.00,Israel,,640159,Technology,Radio And Television Broadcasting And Communications Equipment
GIPR,Generation Income Properties Inc. Common Stock,$1.06,0.02,1.923%,5769779.00,United States,,32448,Real Estate,Real Estate Investment Trusts
GIPRW,Generation Income Properties Inc Warrant,$0.0514,0.00,0.00%,279780.00,United States,,5,Real Estate,Real Estate Investment Trusts
GIS,General Mills Inc. Common Stock,$46.22,-0.66,-1.408%,24654507025.00,United States,,4783388,Consumer Staples,Packaged Foods
GITS,Global Interactive Technologies Inc. Common Stock,$1.55,0.00,0.00%,5500679.00,South Korea,2023,8600,Technology,Computer Software: Programming Data Processing
GIW,GigCapital8 Corp. Class A Ordinary Shares,$9.92,0.01,0.101%,0.00,United States,2025,5281,,
GIWWR,GigCapital8 Corp. Rights,$0.41,0.01,2.50%,0.00,United States,2025,15286,,
GIWWU,GigCapital8 Corp. Units,$10.30,0.00,0.00%,0.00,United States,2025,98,,
GJH,Synthetic Fixed-Income Securities Inc 6.375% (STRATS) Cl A-1,$9.80,0.00,0.00%,0.00,United States,,1383,Finance,Finance: Consumer Services
GJO,Synthetic Fixed-Income Securities Inc. on behalf of STRATS(SM) Trust for Wal-Mart Stores Inc. Securities Series 2004-5,$24.85,0.00,0.00%,0.00,United States,,5,Finance,Finance: Consumer Services
GJP,Synthetic Fixed-Income Securities Inc. on behalf of STRATS (SM) Trust for Dominion Resources Inc. Securities Series 2005-6 Floating Rate Structured Repackaged Asset-Backed Trust Securities (STRATS) Certificates,$24.90,0.00,0.00%,0.00,United States,,200,Finance,Finance: Consumer Services
GJS,Goldman Sachs Group Securities STRATS Trust for Goldman Sachs Group Securities Series 2006-2,$23.21,0.2501,1.089%,7242425956.00,United States,,1000,Finance,Finance: Consumer Services
GJT,Synthetic Fixed-Income Securities Inc. Floating Rate Structured Repackaged Asset-Backed Trust Securities Certificates Series 2006-3,$23.00,0.00,0.00%,0.00,United States,,2201,Finance,Finance: Consumer Services
GKOS,Glaukos Corporation Common Stock,$88.35,4.49,5.354%,5074359279.00,United States,2015,1140707,Health Care,Medical/Dental Instruments
GL,Globe Life Inc. Common Stock,$132.77,0.53,0.401%,10569262066.00,United States,,452189,Finance,Life Insurance
GL^D,Globe Life Inc. 4.25% Junior Subordinated Debentures due 2061,$17.02,0.24,1.43%,,United States,,9874,,
GLAD,Gladstone Capital Corporation Common Stock,$19.38,0.23,1.201%,432752532.00,United States,2001,139462,Consumer Discretionary,Textiles
GLBE,Global-E Online Ltd. Ordinary Shares,$36.39,-0.04,-0.11%,6154686843.00,Israel,2021,1156572,Technology,Computer Software: Prepackaged Software
GLBS,Globus Maritime Limited Common Stock,$1.19,0.00,0.00%,24492938.00,Greece,,41380,Consumer Discretionary,Marine Transportation
GLBZ,Glen Burnie Bancorp Common Stock,$4.55,0.00,0.00%,13198099.00,United States,,7444,Finance,Major Banks
GLDD,Great Lakes Dredge & Dock Corporation Common Stock,$12.54,0.29,2.367%,852711285.00,United States,,450304,Industrials,Military/Government/Technical
GLDG,GoldMining Inc. Common Shares,$1.39,0.12,9.449%,278313487.00,,,3038328,Basic Materials,Precious Metals
GLE,Global Engine Group Holding Limited Class A Ordinary Shares,$0.5301,0.0046,0.875%,9700830.00,Hong Kong,2024,83375,Technology,EDP Services
GLIBA,GCI Liberty Inc. Series A GCI Group Common Stock,$33.31,0.03,0.09%,955925017.00,United States,,233136,Telecommunications,Cable & Other Pay Television Services
GLIBK,GCI Liberty Inc. Series C GCI Group Common Stock,$33.08,-0.225,-0.676%,949324514.00,United States,,557756,Telecommunications,Cable & Other Pay Television Services
GLMD,Galmed Pharmaceuticals Ltd. Ordinary Shares,$1.22,0.015,1.245%,2754801.00,Israel,2014,51251,Health Care,Biotechnology: Pharmaceutical Preparations
GLNG,Golar Lng Ltd,$39.05,0.63,1.64%,4085507688.00,Bermuda,,1972596,Consumer Discretionary,Marine Transportation
GLO,Clough Global Opportunities Fund Common Stock,$5.77,0.05,0.874%,0.00,United States,2006,78443,Finance,Finance/Investors Services
GLOB,Globant S.A. Common Shares,$63.89,3.19,5.255%,2814070701.00,United States,2014,1836288,Technology,EDP Services
GLOP^A,GasLog Partners LP 8.625% Series A Cumulative Redeemable Perpetual Fixed to Floating Rate Preference Units,$25.50,0.01,0.039%,,Greece,,3528,,
GLOP^B,GasLog Partners LP 8.200% Series B Cumulative Redeemable Perpetual Fixed to Floating Rate Preference Units,$25.9601,0.1401,0.543%,,Greece,,848,,
GLOP^C,GasLog Partners LP 8.500% Series C Cumulative Redeemable Perpetual Fixed to Floating Rate Preference Units,$25.48,0.02,0.079%,,Greece,,2178,,
GLP,Global Partners LP Common Units representing Limited Partner Interests,$40.68,-1.49,-3.533%,1382939503.00,United States,2005,124109,Energy,Oil Refining/Marketing
GLP^B,Global Partners LP 9.50% Series B Fixed Rate Cumulative Redeemable Perpetual Preferred Units representing limited partner interests,$25.6625,0.0325,0.127%,,United States,,10769,,
GLPG,Galapagos NV American Depositary Shares,$32.45,0.92,2.918%,2138359954.00,Belgium,2015,156850,Health Care,Biotechnology: Pharmaceutical Preparations
GLPI,Gaming and Leisure Properties Inc. Common Stock,$44.98,0.03,0.067%,12729715223.00,United States,,1854282,Real Estate,Real Estate Investment Trusts
GLQ,Clough Global Equity Fund Clough Global Equity Fund Common Shares of Beneficial Interest,$7.77,0.10,1.304%,0.00,United States,2005,35887,Finance,Finance/Investors Services
GLRE,Greenlight Capital Re Ltd. Class A Ordinary Shares,$12.78,-0.19,-1.465%,435788108.00,Cayman Islands,2007,162999,Finance,Property-Casualty Insurers
GLSI,Greenwich LifeSciences Inc. Common Stock,$8.625,-0.035,-0.404%,117560967.00,United States,2020,185660,Health Care,Biotechnology: Pharmaceutical Preparations
GLTO,Galecto Inc. Common Stock,$17.25,12.30,248.485%,22894407.00,Denmark,2020,43257466,Health Care,Biotechnology: Pharmaceutical Preparations
GLU,Gabelli Global Utility Common Shares of Beneficial Ownership,$18.218,-0.0165,-0.09%,108741621.00,United States,2004,5850,Finance,Finance/Investors Services
GLU^A,The Gabelli Global Utility and Income Trust Series A Cumulative Puttable and Callable Preferred Shares,$47.15,0.00,0.00%,,United States,,12,,
GLU^B,The Gabelli Global Utility and Income Trust Series B Cumulative Puttable and Callable Preferred Shares,$50.35,0.00,0.00%,,United States,,140,,
GLUE,Monte Rosa Therapeutics Inc. Common Stock,$14.06,1.75,14.216%,915555720.00,United States,2021,1228929,Health Care,Biotechnology: Biological Products (No Diagnostic Substances)
GLV,Clough Global Dividend and Income Fund Common Shares of beneficial interest,$6.175,0.135,2.235%,78481675.00,United States,2004,128551,Finance,Finance/Investors Services
GLW,Corning Incorporated Common Stock,$88.56,3.08,3.603%,75927836670.00,United States,,6727822,Industrials,Telecommunications Equipment
GLXG,Galaxy Payroll Group Limited Class A Ordinary Shares,$3.95,0.14,3.675%,8536997.00,Hong Kong,2024,5127,Industrials,Diversified Commercial Services
GLXY,Galaxy Digital Inc. Class A Common Stock,$31.79,0.23,0.729%,11962150219.00,United States,,6756060,Finance,Investment Bankers/Brokers/Service
GM,General Motors Company Common Stock,$71.05,0.30,0.424%,67645127761.00,United States,2010,8591853,Industrials,Auto Manufacturing
GMAB,Genmab A/S ADS,$29.06,0.40,1.396%,19233996252.00,Denmark,2019,1877572,Health Care,Biotechnology: Pharmaceutical Preparations
GME,GameStop Corporation Common Stock,$21.49,-0.01,-0.047%,10582386954.00,United States,2002,4715455,Consumer Discretionary,Electronics Distribution
GMED,Globus Medical Inc. Class A Common Stock,$86.36,2.47,2.944%,11558350376.00,United States,2012,3713899,Health Care,Medical/Dental Instruments
GMGI,Golden Matrix Group Inc. Common Stock,$1.02,0.0999,10.858%,144062629.00,United States,,132344,Technology,Computer Software: Prepackaged Software
GMHS,Gamehaus Holdings Inc. Class A Ordinary Shares,$1.12,0.02,1.818%,59997681.00,China,,65337,Technology,EDP Services
GMM,Global Mofy AI Limited Class A Ordinary Shares,$1.81,0.08,4.624%,5305534.00,China,2023,8303,Technology,Computer Software: Programming Data Processing
GMRE,Global Medical REIT Inc. Common Stock,$32.54,0.19,0.587%,436275429.00,United States,2016,134847,Real Estate,Real Estate Investment Trusts
GMRE^A,Global Medical REIT Inc. Series A Cumulative Redeemable Preferred Stock,$24.25,-0.13,-0.533%,,United States,,36578,,
GNE,Genie Energy Ltd. Class B Common Stock Stock,$14.93,0.08,0.539%,395569663.00,United States,2011,84951,Utilities,Power Generation
GNFT,GENFIT S.A. American Depositary Shares,$4.11,0.22,5.656%,205484320.00,France,2019,7890,Health Care,Biotechnology: Biological Products (No Diagnostic Substances)
GNK,Genco Shipping & Trading Limited Ordinary Shares New (Marshall Islands),$17.65,0.74,4.376%,763241862.00,United States,,533779,Consumer Discretionary,Marine Transportation
GNL,Global Net Lease Inc. Common Stock,$7.85,-0.23,-2.847%,1720970768.00,United States,2015,1271394,Real Estate,Real Estate Investment Trusts
GNL^A,Global Net Lease Inc. 7.25% Series A Cumulative Redeemable Preferred Stock $0.01 par value per share,$23.08,0.05,0.217%,,United States,,4354,,
GNL^B,Global Net Lease Inc. 6.875% Series B Cumulative Redeemable Perpetual Preferred Stock,$21.9063,0.0163,0.074%,,United States,,4007,,
GNL^D,Global Net Lease Inc. 7.50% Series D Cumulative Redeemable Perpetual Preferred Stock,$24.27,-0.15,-0.614%,,United States,,6926,,
GNL^E,Global Net Lease Inc. 7.375% Series E Cumulative Redeemable Perpetual Preferred Stock,$23.14,-0.14,-0.601%,,United States,,2287,,
GNLN,Greenlane Holdings Inc. Class A Common Stock,$3.03,-0.01,-0.329%,4201250.00,United States,2019,35303,Consumer Discretionary,Durable Goods
GNLX,Genelux Corporation Common Stock,$5.89,0.47,8.672%,224124931.00,United States,2023,366706,Health Care,Biotechnology: Pharmaceutical Preparations
GNPX,Genprex Inc. Common Stock,$4.00,-0.21,-4.988%,3432428.00,United States,2018,241968,Health Care,Biotechnology: Pharmaceutical Preparations
GNRC,Generac Holdlings Inc. Common Stock,$156.64,1.35,0.869%,9192272098.00,United States,2010,1480777,Consumer Discretionary,Metal Fabrications
GNS,Genius Group Limited Ordinary Shares,$0.80,0.061,8.254%,51513081.00,Singapore,2022,1614641,Consumer Discretionary,Services-Misc. Amusement & Recreation
GNSS,Genasys Inc. Common Stock,$2.38,0.00,0.00%,107467720.00,United States,,125418,Consumer Staples,Consumer Electronics/Appliances
GNT,GAMCO Natural Resources Gold & Income Trust,$7.11,0.15,2.155%,131360371.00,United States,2011,205289,Finance,Finance/Investors Services
GNT^A,GAMCO Natural Resources Gold & Income Tust  5.20% Series A Cumulative Preferred Shares (Liquidation Preference $25.00 per share),$21.355,-0.205,-0.951%,,United States,,1006,,
GNTA,Genenta Science S.p.A. American Depositary Shares,$2.20,-0.10,-4.348%,51550803.00,Italy,2021,72702,Health Care,Biotechnology: Biological Products (No Diagnostic Substances)
GNTX,Gentex Corporation Common Stock,$23.31,-0.17,-0.724%,5116296935.00,United States,,2059454,Consumer Discretionary,Auto Parts:O.E.M.
GNW,Genworth Financial Inc Common Stock,$8.63,-0.04,-0.461%,3446654293.00,United States,2004,4248618,Finance,Life Insurance
GO,Grocery Outlet Holding Corp. Common Stock,$11.59,-0.56,-4.609%,1137410496.00,United States,2019,2681000,Consumer Staples,Food Chains
GOCO,GoHealth Inc. Class A Common Stock,$3.40,0.01,0.295%,97271409.00,United States,2020,20778,Finance,Specialty Insurers
GOF,Guggenheim Strategic Opportunities Fund Common Shares of Beneficial Interest,$13.22,0.11,0.839%,0.00,United States,,1233290,Finance,Finance/Investors Services
GOGO,Gogo Inc. Common Stock,$7.60,-0.045,-0.589%,1017292999.00,United States,2013,1558629,Consumer Discretionary,Telecommunications Equipment
GOLF,Acushnet Holdings Corp. Common Stock,$80.61,0.96,1.205%,4728689731.00,United States,2016,295926,Consumer Discretionary,Recreational Games/Products/Toys
GOOD,Gladstone Commercial Corporation Real Estate Investment Trust,$10.98,0.03,0.274%,531444682.00,United States,2003,670276,Real Estate,Real Estate
GOODN,Gladstone Commercial Corporation 6.625% Series E Cumulative Redeemable Preferred Stock,$22.2201,-0.0821,-0.368%,1075478504.00,United States,,4438,Real Estate,Real Estate
GOODO,Gladstone Commercial Corporation 6.00% Series G Cumulative Redeemable Preferred Stock par value $0.001 per share,$19.85,-0.07,-0.351%,960762927.00,United States,,3195,Real Estate,Real Estate
GOOG,Alphabet Inc. Class C Capital Stock,$290.59,10.89,3.893%,3506549530000.00,United States,2004,19475811,Technology,Computer Software: Programming Data Processing
GOOGL,Alphabet Inc. Class A Common Stock,$290.10,11.27,4.042%,3500636700000.00,United States,2004,29521968,Technology,Computer Software: Programming Data Processing
GOOS,Canada Goose Holdings Inc. Subordinate Voting Shares,$13.00,0.41,3.257%,1261920660.00,,2017,1927692,Consumer Discretionary,Apparel
GORO,Gold Resource Corporation Common Stock,$0.7513,0.0283,3.914%,121534559.00,United States,,1758065,Basic Materials,Precious Metals
GORV,Lazydays Holdings Inc. Common Stock,$1.13,-0.48,-29.814%,4221290.00,United States,,1140444,Consumer Discretionary,Retail-Auto Dealers and Gas Stations
GOSS,Gossamer Bio Inc. Common Stock,$2.48,0.12,5.085%,574011493.00,United States,2019,4073059,Health Care,Biotechnology: Pharmaceutical Preparations
GOTU,Gaotu Techedu Inc. American Depositary Shares,$2.70,-0.01,-0.369%,674489957.00,China,2019,382173,Real Estate,Other Consumer Services
GOVX,GeoVax Labs Inc. Common Stock,$0.5008,-0.0128,-2.492%,12700084.00,United States,,336250,Health Care,Biotechnology: Pharmaceutical Preparations
GP,GreenPower Motor Company Inc. Common Shares,$1.63,-0.04,-2.395%,5016297.00,Canada,,14458,Consumer Discretionary,Construction/Ag Equipment/Trucks
GPAT,GP-Act III Acquisition Corp. Class A Ordinary Share,$10.66,-0.01,-0.094%,0.00,United States,2024,5417,,
GPATW,GP-Act III Acquisition Corp. Warrants,$0.3083,-0.0677,-18.005%,0.00,United States,2024,33768,,
GPC,Genuine Parts Company Common Stock,$125.16,-1.50,-1.184%,17408791517.00,United States,,1288854,Consumer Discretionary,Automotive Aftermarket
GPCR,Structure Therapeutics Inc. American Depositary Shares,$33.90,1.06,3.228%,2056971996.00,United States,2023,969129,Health Care,Biotechnology: Pharmaceutical Preparations
GPI,Group 1 Automotive Inc. Common Stock,$389.70,-1.17,-0.299%,4922151445.00,United States,1997,109528,Consumer Discretionary,Retail-Auto Dealers and Gas Stations
GPJA,Georgia Power Company Series 2017A 5.00% Junior Subordinated Notes due October 1 2077,$23.12,0.09,0.391%,214125880.00,United States,2017,7452,Utilities,Electric Utilities: Central
GPK,Graphic Packaging Holding Company,$16.13,-0.30,-1.826%,4760335797.00,United States,,7338115,Consumer Discretionary,Containers/Packaging
GPMT,Granite Point Mortgage Trust Inc. Common Stock,$2.68,-0.10,-3.597%,127047367.00,United States,2017,227681,Real Estate,Real Estate Investment Trusts
GPMT^A,Granite Point Mortgage Trust Inc. 7.00% Series A Fixed-to-Floating Rate Cumulative Redeemable Preferred Stock,$19.32,0.011,0.057%,,United States,,13757,,
GPN,Global Payments Inc. Common Stock,$75.69,-0.34,-0.447%,17919131864.00,United States,,2550557,Real Estate,Real Estate
GPOR,Gulfport Energy Corporation Common Shares,$206.04,4.13,2.045%,3980037387.00,United States,2021,241087,Energy,Oil & Gas Production
GPRE,Green Plains Inc. Common Stock,$9.77,-0.34,-3.363%,682288360.00,United States,,2581434,Industrials,Major Chemicals
GPRK,Geopark Ltd Common Shares,$8.10,-0.10,-1.22%,415103025.00,Bermuda,2014,778469,Energy,Oil & Gas Production
GPRO,GoPro Inc. Class A Common Stock,$1.60,0.07,4.575%,255565240.00,United States,2014,3784652,Consumer Discretionary,Industrial Machinery/Components
GPUS,Hyperscale Data Inc. Common Stock,$0.3536,-0.0186,-4.997%,11366278.00,United States,1997,46427906,Technology,Industrial Machinery/Components
GPUS^D,Hyperscale Data Inc. 13.00% Series D Cumulative Redeemable Perpetual Preferred Stock,$22.51,-0.29,-1.272%,,United States,,846,,
GRAB,Grab Holdings Limited Class A Ordinary Shares,$5.90,0.34,6.115%,24037414607.00,Singapore,,59861461,Real Estate,Real Estate
GRABW,Grab Holdings Limited Warrant,$0.421,0.0084,2.036%,1715212127.00,Singapore,,32863,Real Estate,Real Estate
GRAF,Graf Global Corp. Class A ordinary shares,$10.66,-0.01,-0.094%,0.00,,2024,310,,
GRAL,GRAIL Inc. Common Stock ,$85.11,5.71,7.191%,3068028173.00,United States,,598970,Health Care,Medical Specialities
GRAN,Grande Group Limited Class A Ordinary Shares,$2.63,-0.12,-4.364%,59832500.00,Hong Kong,2025,4437,Finance,Finance: Consumer Services
GRBK,Green Brick Partners Inc. Common Stock,$63.07,0.36,0.574%,2747650731.00,United States,2021,188219,Consumer Discretionary,Homebuilding
GRBK^A,Green Brick Partners Inc. Depositary Shares (each representing a 1/1000th fractional interest in a share of 5.75% Series A Cumulative Perpetual Preferred Stock),$23.4838,-0.0162,-0.069%,,United States,,2570,,
GRC,Gorman-Rupp Company (The) Common Stock,$44.49,0.01,0.022%,1170658341.00,United States,1971,44211,Industrials,Fluid Controls
GRCE,Grace Therapeutics Inc. Common Stock,$2.99,0.00,0.00%,41347400.00,Canada,,40937,Health Care,Biotechnology: Pharmaceutical Preparations
GRDN,Guardian Pharmacy Services Inc. Class A Common Stock,$29.75,0.95,3.299%,1883804510.00,United States,2024,504879,Consumer Staples,Retail-Drug Stores and Proprietary Stores
GREE,Greenidge Generation Holdings Inc. Class A Common Stock,$2.10,0.59,39.073%,32914176.00,United States,,31383675,Finance,Finance: Consumer Services
GREEL,Greenidge Generation Holdings Inc. 8.50% Senior Notes due 2026,$17.75,0.75,4.412%,278203152.00,United States,,4423,Finance,Finance: Consumer Services
GRF,Eagle Capital Growth Fund Inc. Common Stock,$10.71,0.50,4.897%,0.00,United States,,220,Finance,Finance/Investors Services
GRFS,Grifols S.A. American Depositary Shares,$8.60,0.16,1.896%,5912972209.00,Spain,,521853,Health Care,Biotechnology: Pharmaceutical Preparations
GRI,GRI Bio Inc. Common Stock,$1.74,0.06,3.571%,4376631.00,United States,2021,172519,Health Care,Biotechnology: Pharmaceutical Preparations
GRMN,Garmin Ltd. Common Stock (Switzerland),$202.73,1.57,0.78%,38992035220.00,Switzerland,2000,903444,Industrials,Industrial Machinery/Components
GRND,Grindr Inc. Common Stock,$15.17,0.08,0.53%,2802416616.00,Singapore,2021,2135641,Technology,Computer Software: Programming Data Processing
GRNQ,Greenpro Capital Corp. Common Stock,$1.6098,0.0338,2.145%,13322404.00,China,,19046,Technology,EDP Services
GRNT,Granite Ridge Resources Inc. Common Stock,$5.08,-0.07,-1.359%,666738885.00,United States,2022,700975,Energy,Oil & Gas Production
GRO,Brazil Potash Corp. Common Shares,$2.17,-0.03,-1.364%,83357809.00,,2024,169081,Industrials,Mining & Quarrying of Nonmetallic Minerals (No Fuels)
GROV,Grove Collaborative Holdings Inc. Class A Common Stock,$1.38,0.01,0.73%,56597773.00,,2021,22437,Consumer Discretionary,Catalog/Specialty Distribution
GROW,U.S. Global Investors Inc. Class A Common Stock,$2.36,0.0075,0.319%,32726118.00,United States,,15967,Finance,Investment Managers
GROY,Gold Royalty Corp. Common Shares,$3.35,0.07,2.134%,582667942.00,Canada,2021,4634304,Basic Materials,Precious Metals
GRPN,Groupon Inc. Common Stock,$18.87,0.92,5.125%,769043133.00,United States,2011,2243022,Consumer Discretionary,Advertising
GRRR,Gorilla Technology Group Inc. Ordinary shares,$14.39,0.21,1.481%,290998062.00,Taiwan,,675348,Technology,Computer Software: Prepackaged Software
GRRRW,Gorilla Technology Group Inc. Warrant,$0.50,-0.0185,-3.568%,10111121.00,Taiwan,,27960,Technology,Computer Software: Prepackaged Software
GRVY,GRAVITY Co. Ltd. American Depository Shares,$59.42,0.44,0.746%,412903638.00,South Korea,2005,16271,Real Estate,Real Estate
GRWG,GrowGeneration Corp. Common Stock,$1.78,0.01,0.565%,106521329.00,United States,,969942,Consumer Discretionary,RETAIL: Building Materials
GRX,The Gabelli Healthcare & Wellness Trust Common Shares of Beneficial Interest,$9.33,0.1372,1.492%,159477438.00,United States,,33883,Finance,Finance/Investors Services
GS,Goldman Sachs Group Inc. (The) Common Stock,$797.20,10.86,1.381%,239103008969.00,United States,1999,1697741,Finance,Investment Bankers/Brokers/Service
GS^A,Goldman Sachs Group Inc. (The) Depositary Shares each representing 1/1000th Interest in a Share of Floating Rate Non-Cumulative Preferred Stock Series A,$20.99,0.07,0.335%,,United States,,93617,,
GS^C,Goldman Sachs Group Inc. (The) Depositary Share repstg 1/1000th Preferred Series C,$20.92,0.14,0.674%,,United States,,20323,,
GS^D,Goldman Sachs Group Inc. (The) Dep Shs repstg 1/1000 Pfd Ser D Fltg,$20.53,0.11,0.539%,,United States,,128398,,
GSAT,Globalstar Inc. Common Stock,$57.58,7.10,14.065%,7303355878.00,United States,2025,2167545,Consumer Discretionary,Telecommunications Equipment
GSBC,Great Southern Bancorp Inc. Common Stock,$57.68,0.50,0.874%,645396632.00,United States,1989,35353,Finance,Major Banks
GSBD,Goldman Sachs BDC Inc. Common Stock,$9.63,-0.25,-2.53%,1098909114.00,United States,2015,1462165,Finance,Investment Managers
GSHD,Goosehead Insurance Inc. Class A Common Stock,$69.12,-0.43,-0.618%,2546675942.00,United States,2018,246490,Finance,Specialty Insurers
GSHR,Gesher Acquisition Corp. II Class A Ordinary Shares,$10.26,0.00,0.00%,0.00,United States,2025,40,,
GSHRW,Gesher Acquisition Corp. II Warrants,$0.43,0.0301,7.527%,0.00,United States,2025,1034,Finance,Blank Checks
GSIT,GSI Technology Common Stock,$8.32,-0.31,-3.592%,242034008.00,United States,2007,1258032,Technology,Semiconductors
GSIW,Garden Stage Limited Ordinary Shares,$0.1625,-0.004,-2.402%,12030094.00,Hong Kong,2023,446590,Finance,Investment Bankers/Brokers/Service
GSK,GSK plc American Depositary Shares (Each representing two Ordinary Shares),$47.36,0.73,1.566%,96359799365.00,United Kingdom,2022,2861673,Health Care,Biotechnology: Pharmaceutical Preparations
GSL,Global Ship Lease Inc New Class A Common Shares,$34.66,2.98,9.407%,1238614023.00,United Kingdom,,1096197,Consumer Discretionary,Marine Transportation
GSL^B,Global Ship Lease Inc. Depository Shares Representing 1/100th Perpetual Preferred Series B% (Marshall Island),$27.35,0.81,3.052%,,United Kingdom,,13740,,
GSM,Ferroglobe PLC Ordinary Shares,$3.91,-0.02,-0.509%,729707156.00,United Kingdom,,1653678,Basic Materials,Metal Mining
GSRF,GSR IV Acquisition Corp. Class A ordinary share,$10.07,0.00,0.00%,0.00,United States,2025,12369,,
GSRFR,GSR IV Acquisition Corp. Rights,$2.50,0.00,0.00%,0.00,United States,2025,33300,,
GSRFU,GSR IV Acquisition Corp. Units,$10.48,0.00,0.00%,0.00,United States,2025,144,,
GSUN,Golden Sun Health Technology Group Limited Class A Ordinary Shares,$2.00,-0.16,-7.407%,3961888.00,China,2022,324305,Real Estate,Other Consumer Services
GT,The Goodyear Tire & Rubber Company Common Stock,$7.58,0.01,0.132%,2169099690.00,United States,,7407410,Consumer Discretionary,Automotive Aftermarket
GTBP,GT Biopharma Inc. Common Stock,$0.6578,0.0383,6.182%,2340125.00,United States,,601859,Health Care,Biotechnology: Pharmaceutical Preparations
GTE,Gran Tierra Energy Inc. Common Stock,$4.44,0.13,3.016%,156683093.00,Canada,,785456,Energy,Oil & Gas Production
GTEC,Greenland Technologies Holding Corporation Ordinary Shares,$1.09,0.091,9.109%,18959706.00,China,2018,297649,Industrials,Industrial Machinery/Components
GTEN,Gores Holdings X Inc. Class A ordinary shares,$10.38,0.0186,0.18%,0.00,United States,2025,158,,
GTENU,Gores Holdings X Inc. Units,$10.54,0.00,0.00%,0.00,United States,2025,2,,
GTENW,Gores Holdings X Inc. Warrants,$0.9882,0.0882,9.80%,0.00,United States,2025,16217,,
GTERA,Globa Terra Acquisition Corporation Class A Ordinary Shares,$10.03,0.00,0.00%,0.00,Mexico,2025,248,Finance,Blank Checks
GTERR,Globa Terra Acquisition Corporation Rights,$0.1499,0.00,0.00%,0.00,Mexico,2025,32,Finance,Blank Checks
GTERU,Globa Terra Acquisition Corporation Units,$10.27,0.00,0.00%,0.00,Mexico,2025,151,Finance,Blank Checks
GTERW,Globa Terra Acquisition Corporation Warrants,$0.1758,-0.0142,-7.474%,0.00,Mexico,2025,1115,Finance,Blank Checks
GTES,Gates Industrial Corporation plc Ordinary Shares,$22.15,0.03,0.136%,5720910661.00,United Kingdom,2018,2435427,Industrials,Industrial Machinery/Components
GTI,Graphjet Technology Class A Ordinary Shares,$4.22,0.23,5.764%,13546462.00,Malaysia,2022,24436,Energy,Industrial Machinery/Components
GTIM,Good Times Restaurants Inc. Common Stock,$1.3299,0.0049,0.37%,14029791.00,United States,,53166,Consumer Discretionary,Restaurants
GTLB,GitLab Inc. Class A Common Stock,$46.19,0.64,1.405%,6831501000.00,United States,2021,2948595,Technology,Computer Software: Prepackaged Software
GTLS,Chart Industries Inc. Common Stock,$202.94,2.29,1.141%,9122752282.00,United States,2006,982382,Industrials,Metal Fabrications
GTLS^B,Chart Industries Inc. Depositary Shares each Representing a 1/20th Interest in a Share of 6.75% Series B Mandatory Convertible Preferred Stock,$72.43,0.89,1.244%,,United States,,2654,,
GTM,ZoomInfo Technologies Inc Common Stock,$10.57,-0.005,-0.047%,3293533084.00,United States,2020,3788955,Technology,Computer Software: Prepackaged Software
GTN,Gray Media Inc. Common Stock,$5.04,0.22,4.564%,514516731.00,United States,,1521666,Industrials,Broadcasting
GTX,Garrett Motion Inc. Common Stock,$17.51,-0.04,-0.228%,3405388890.00,Switzerland,,3052534,Consumer Discretionary,Auto Parts:O.E.M.
GTY,Getty Realty Corporation Common Stock,$27.23,-0.08,-0.293%,1572351067.00,United States,,349725,Finance,Real Estate
GUG,Guggenheim Active Allocation Fund Common Shares of Beneficial Interest,$15.50,0.01,0.065%,0.00,United States,2021,49477,Finance,Trusts Except Educational Religious and Charitable
GURE,Gulf Resources Inc. (NV) Common Stock,$3.75,-0.53,-12.383%,5004983.00,China,,93944,Industrials,Major Chemicals
GUT,Gabelli Utility Trust (The) Common Stock,$6.09,0.03,0.495%,447000087.00,United States,,310323,Finance,Trusts Except Educational Religious and Charitable
GUT^C,Gabelli Utility Trust (The) 5.375% Series C Cumulative Preferred Shares,$22.69,0.1608,0.714%,,United States,,1359,,
GUTS,Fractyl Health Inc. Common Stock,$1.12,0.02,1.818%,56323696.00,United States,2024,1405104,Health Care,Medical/Dental Instruments
GV,Visionary Holdings Inc. Common Shares,$1.435,-0.035,-2.381%,5416066.00,Canada,2022,65249,Real Estate,Other Consumer Services
GVA,Granite Construction Incorporated Common Stock,$100.16,1.66,1.685%,4371964569.00,United States,,542695,Industrials,Military/Government/Technical
GVH,Globavend Holdings Limited Ordinary Shares,$4.50,0.05,1.124%,5715000.00,Australia,2023,9532,Industrials,Integrated Freight & Logistics
GWAV,Greenwave Technology Solutions Inc. Common Stock,$6.76,0.19,2.892%,3759141.00,United States,,32650,Industrials,Metal Fabrications
GWH,ESS Tech Inc. Common Stock,$4.29,-0.15,-3.378%,60873654.00,United States,,537218,Miscellaneous,Industrial Machinery/Components
GWRE,Guidewire Software Inc. Common Stock,$217.77,-0.27,-0.124%,18408223971.00,United States,2012,524567,Technology,Computer Software: Prepackaged Software
GWRS,Global Water Resources Inc. Common Stock,$10.06,0.06,0.60%,276381167.00,United States,2016,36509,Utilities,Water Supply
GWW,W.W. Grainger Inc. Common Stock,$949.96,-5.08,-0.532%,45169968177.00,United States,,229447,Industrials,Office Equipment/Supplies/Services
GXAI,Gaxos.ai Inc. Common Stock,$1.46,0.10,7.353%,10400241.00,United States,2023,116425,Technology,Computer Software: Prepackaged Software
GXO,GXO Logistics Inc. Common Stock ,$51.00,0.16,0.315%,5838961287.00,United States,2021,926707,Consumer Discretionary,Transportation Services
GYRE,Gyre Therapeutics Inc. Common Stock,$7.92,0.71,9.847%,762800203.00,United States,2006,80473,Health Care,Biotechnology: Pharmaceutical Preparations
GYRO,Gyrodyne LLC Common Stock,$9.60,0.00,0.00%,21113357.00,United States,,44,Real Estate,Building operators
H,Hyatt Hotels Corporation Class A Common Stock,$156.63,1.29,0.83%,14874009894.00,United States,2009,1286239,Consumer Discretionary,Hotels/Resorts
HAE,Haemonetics Corporation Common Stock,$70.48,2.12,3.101%,3299145683.00,United States,1991,1354337,Health Care,Medical/Dental Instruments
HAFC,Hanmi Financial Corporation Common Stock,$26.99,0.40,1.504%,813101523.00,United States,,106429,Finance,Major Banks
HAFN,Hafnia Limited Common Shares,$6.29,0.11,1.78%,3132354848.00,,2024,1109487,Consumer Discretionary,Transportation Services
HAIN,Hain Celestial Group Inc. (The) Common Stock,$1.26,0.06,5.00%,113768868.00,United States,,4614269,Consumer Staples,Packaged Foods
HAL,Halliburton Company Common Stock,$27.71,0.14,0.508%,23321473363.00,United States,,8445813,Energy,Oilfield Services/Equipment
HALO,Halozyme Therapeutics Inc. Common Stock,$68.01,-0.23,-0.337%,7997771970.00,United States,,2475757,Health Care,Biotechnology: Biological Products (No Diagnostic Substances)
HAO,Haoxi Health Technology Limited Class A Ordinary Shares,$0.933,-0.0438,-4.484%,2777016.00,China,2024,28169,Consumer Discretionary,Advertising
HAS,Hasbro Inc. Common Stock,$78.15,1.58,2.063%,10967338347.00,United States,,2082643,Consumer Discretionary,Recreational Games/Products/Toys
HASI,HA Sustainable Infrastructure Capital Inc. Common Stock,$33.79,1.76,5.495%,4201675804.00,United States,2013,2961303,Finance,Finance/Investors Services
HAVAU,Harvard Ave Acquisition Corporation Unit,$10.01,0.00,0.00%,0.00,South Korea,2025,23520,Finance,Blank Checks
HAYW,Hayward Holdings Inc. Common Stock,$16.13,0.24,1.51%,3498004045.00,United States,2021,1369075,Industrials,Industrial Machinery/Components
HBAN,Huntington Bancshares Incorporated Common Stock,$15.81,0.12,0.765%,23072967868.00,United States,,20030192,Finance,Major Banks
HBANL,Huntington Bancshares Incorporated Depositary Shares Each Representing a 1/40th Interest in a Share of 6.875% Series J Non-Cumulative Perpetual Preferred Stock,$25.41,0.0998,0.394%,37083119135.00,United States,,15852,Finance,Major Banks
HBANM,Huntington Bancshares Incorporated Depositary Shares each representing a 1/1000th interest in a share of Huntington Series I Preferred Stock,$23.23,-0.0054,-0.023%,33901647285.00,United States,,10939,Finance,Major Banks
HBANP,Huntington Bancshares Incorporated Depositary Shares 4.500% Series H Non-Cumulative Perpetual Preferred Stock,$17.87,0.02,0.112%,26079312828.00,United States,,33072,Finance,Major Banks
HBB,Hamilton Beach Brands Holding Company Class A Common Stock ,$13.93,0.05,0.36%,187263107.00,United States,2017,11989,Consumer Discretionary,Home Furnishings
HBCP,Home Bancorp Inc. Common Stock,$54.41,0.58,1.077%,425929315.00,United States,2008,25698,Finance,Banks
HBI,Hanesbrands Inc. Common Stock,$6.40,0.01,0.156%,2264333805.00,United States,,3448679,Consumer Discretionary,Clothing/Shoe/Accessory Stores
HBIO,Harvard Bioscience Inc. Common Stock,$0.5812,0.0381,7.015%,25909701.00,United States,2000,1893953,Industrials,Biotechnology: Laboratory Analytical Instruments
HBM,Hudbay Minerals Inc. Ordinary Shares (Canada),$16.86,0.73,4.526%,6671164598.00,Canada,,7436243,Basic Materials,Metal Mining
HBNB,Hotel101 Global Holdings Corp. Class A Ordinary Shares,$5.57,0.32,6.095%,1304228857.00,Singapore,,84567,Consumer Discretionary,Hotels/Resorts
HBNC,Horizon Bancorp Inc. Common Stock,$16.06,0.06,0.375%,708212129.00,United States,,197527,Finance,Major Banks
HBR,Canary HBAR ETF Shares of Beneficial Interest,$26.54,2.0935,8.564%,45648800.00,United States,,78474,Finance,Finance: Consumer Services
HBT,HBT Financial Inc. Common Stock,$23.88,-0.13,-0.541%,750594345.00,United States,2019,30837,Finance,Major Banks
HCA,HCA Healthcare Inc. Common Stock,$459.30,-17.31,-3.632%,104809458270.00,United States,2011,1716492,Health Care,Hospital/Nursing Management
HCAI,Huachen AI Parking Management Technology Holding Co. Ltd. Class A Ordinary Shares,$0.55,0.0227,4.305%,18554250.00,China,2025,84765,Consumer Discretionary,Miscellaneous manufacturing industries
HCAT,Health Catalyst Inc Common Stock,$2.85,0.02,0.707%,200564831.00,United States,2019,1002786,Technology,Computer Software: Programming Data Processing
HCC,Warrior Met Coal Inc. Common Stock,$82.36,1.17,1.441%,4329678048.00,United States,2017,964418,Energy,Coal Mining
HCHL,Happy City Holdings Limited Class A Ordinary shares,$3.30,0.13,4.101%,62700000.00,Hong Kong,2025,35634,Consumer Discretionary,Restaurants
HCI,HCI Group Inc. Common Stock,$188.60,7.20,3.969%,2444217148.00,United States,,192876,Finance,Property-Casualty Insurers
HCKT,Hackett Group Inc (The). Common Stock,$18.43,-0.14,-0.754%,500020920.00,United States,,240298,Consumer Discretionary,Professional Services
HCM,HUTCHMED (China) Limited American Depositary Shares,$15.085,0.135,0.903%,2631273518.00,Hong Kong,2016,49608,Health Care,Biotechnology: Pharmaceutical Preparations
HCMA,HCM III Acquisition Corp. Class A Ordinary Share,$10.24,-0.02,-0.195%,812090737.00,United States,2025,31927,Consumer Discretionary,Hotels/Resorts
HCMAU,HCM III Acquisition Corp. Units,$10.46,-0.01,-0.096%,0.00,United States,2025,115,,
HCMAW,HCM III Acquisition Corp. Warrants,$0.7018,0.00,0.00%,55656766.00,United States,2025,18242,Consumer Discretionary,Hotels/Resorts
HCSG,Healthcare Services Group Inc. Common Stock,$17.59,0.33,1.912%,1239312403.00,United States,1983,583071,Health Care,Hospital/Nursing Management
HCTI,Healthcare Triangle Inc. Common Stock,$2.67,-0.11,-3.957%,15570983.00,United States,2021,162643,Technology,EDP Services
HCWB,HCW Biologics Inc. Common Stock,$3.06,0.04,1.325%,6583917.00,United States,2021,10966,Health Care,Biotechnology: Pharmaceutical Preparations
HCWC,Healthy Choice Wellness Corp. Class A Common Stock,$0.58,0.0102,1.79%,8738135.00,,2024,136353,Consumer Staples,Food Chains
HCXY,Hercules Capital Inc. 6.25% Notes due 2033,$25.18,0.00,0.00%,4574593698.00,United States,2018,78,Finance,Investment Managers
HD,Home Depot Inc. (The) Common Stock,$370.43,-0.68,-0.183%,368721075648.00,United States,,3256416,Consumer Discretionary,RETAIL: Building Materials
HDB,HDFC Bank Limited Common Stock,$36.07,0.26,0.726%,184607216107.00,India,2001,2415989,Finance,Commercial Banks
HDL,SUPER HI INTERNATIONAL HOLDING LTD. American Depositary Shares,$17.8674,0.8674,5.102%,1161915235.00,Singapore,2024,836,Consumer Discretionary,Restaurants
HDSN,Hudson Technologies Inc. Common Stock,$6.99,0.14,2.044%,305241906.00,United States,,632894,Consumer Discretionary,Industrial Specialties
HE,Hawaiian Electric Industries Inc. Common Stock,$11.20,-0.37,-3.198%,1933252754.00,United States,,3342827,Utilities,Electric Utilities: Central
HEI,Heico Corporation Common Stock,$330.64,7.62,2.359%,46027230878.00,United States,2000,596915,Industrials,Aerospace
HEI/A,Heico Corporation,$258.18,6.61,2.627%,,United States,,264805,,
HELE,Helen of Troy Limited Common Stock,$19.45,0.05,0.258%,447910530.00,Bermuda,,558942,Consumer Discretionary,Home Furnishings
HEPS,D-Market Electronic Services & Trading American Depositary Shares,$2.33,0.02,0.866%,748822171.00,Turkey,2021,160515,Consumer Discretionary,Catalog/Specialty Distribution
HEQ,John Hancock Diversified Income Fund Common Shares of Beneficial Interest,$10.73,0.07,0.657%,0.00,United States,2011,54897,Finance,Investment Managers
HERZ,Herzfeld Credit Income Fund Inc. Common Stock,$2.35,-0.06,-2.49%,0.00,United States,,57704,Finance,Investment Managers
HESM,Hess Midstream LP Class A Representing Limited Partner Interests,$33.61,-0.30,-0.885%,4348877825.00,United States,2017,2528873,Energy,Oil & Gas Production
HFBL,Home Federal Bancorp Inc. of Louisiana Common Stock,$15.9752,0.0152,0.095%,48854861.00,United States,2010,1666,Finance,Savings Institutions
HFFG,HF Foods Group Inc. Common Stock,$2.34,-0.04,-1.681%,128728380.00,United States,2017,110035,Consumer Discretionary,Food Distributors
HFRO,Highland Opportunities and Income Fund Common Shares of Beneficial Interest,$6.52,0.05,0.773%,0.00,United States,2017,135548,Finance,Finance/Investors Services
HFRO^A,Highland Opportunities and Income Fund 5.375% Series A Cumulative Preferred Shares,$16.74,0.025,0.15%,,United States,,11078,,
HFRO^B,Highland Opportunities and Income Fund 5.375% Series B Cumulative Preferred Shares,$16.65,-0.05,-0.299%,,United States,,5442,,
HFWA,Heritage Financial Corporation Common Stock,$22.40,0.34,1.541%,760551546.00,United States,,182461,Finance,Banks
HG,Hamilton Insurance Group Ltd. Class B Common Shares,$26.26,0.18,0.69%,1694761893.00,Bermuda,2023,648514,,
HGBL,Heritage Global Inc. Common Stock,$1.33,0.03,2.308%,46206265.00,United States,,122064,Real Estate,Real Estate
HGLB,Highland Global Allocation Fund Common Stock,$10.13,0.00,0.00%,0.00,,2019,68827,Finance,Trusts Except Educational Religious and Charitable
HGTY,Hagerty Inc. Class A Common Stock,$12.94,0.51,4.103%,4426308794.00,United States,2021,285925,Finance,Specialty Insurers
HGV,Hilton Grand Vacations Inc. Common Stock ,$40.12,0.35,0.88%,3431988891.00,United States,2016,832048,Consumer Discretionary,Hotels/Resorts
HHH,Howard Hughes Holdings Inc. Common Stock,$89.14,9.05,11.30%,5295023859.00,United States,,785761,Real Estate,Real Estate Investment Trusts
HHS,Harte Hanks Inc. Common Stock,$2.86,0.09,3.249%,21206311.00,United States,,7116,Consumer Discretionary,Advertising
HI,Hillenbrand Inc Common Stock,$31.66,-0.02,-0.063%,2231461608.00,United States,,764263,Consumer Discretionary,Miscellaneous manufacturing industries
HIFS,Hingham Institution for Savings Common Stock,$284.88,-3.27,-1.135%,611751312.00,United States,,57948,Finance,Banks
HIG,The Hartford Insurance Group Inc. Common Stock,$130.86,1.45,1.12%,36464177211.00,United States,,1275716,Finance,Property-Casualty Insurers
HIG^G,The Hartford Insurance Group Inc. Depositary Shares each representing a 1/1000th interest in a share of 6.000% Non-Cumulative Preferred Stock Series G,$25.08,0.06,0.24%,,United States,,13487,,
HIHO,Highway Holdings Limited Common Stock,$1.43,-0.03,-2.055%,6580610.00,Hong Kong,,3743,Industrials,Metal Fabrications
HII,Huntington Ingalls Industries Inc. Common Stock,$318.66,9.10,2.94%,12504675358.00,United States,,708113,Industrials,Marine Transportation
HIMS,Hims & Hers Health Inc. Class A Common Stock,$41.05,0.02,0.049%,9344971500.00,United States,2019,21734613,Health Care,Medical/Nursing Services
HIMX,Himax Technologies Inc. American Depositary Shares,$7.96,-0.18,-2.211%,1392310775.00,Taiwan,2006,1200829,Technology,Semiconductors
HIND,Vyome Holdings Inc. Common Stock,$5.44,-0.07,-1.27%,14651759.00,United States,2016,12651,Health Care,Medical/Dental Instruments
HIO,Western Asset High Income Opportunity Fund Inc. Common Stock,$3.78,0.01,0.265%,0.00,United States,,287701,Finance,Finance/Investors Services
HIPO,Hippo Holdings Inc. Common Stock,$33.59,-0.28,-0.827%,851008663.00,United States,2021,429109,Finance,Property-Casualty Insurers
HIT,Health In Tech Inc. Class A Common Stock,$2.92,0.01,0.344%,164656730.00,United States,2024,385730,Finance,Specialty Insurers
HITI,High Tide Inc. Common Shares,$3.00,0.04,1.351%,261227640.00,Canada,,433534,Consumer Discretionary,Other Specialty Stores
HIVE,HIVE Digital Technologies Ltd. Common Shares,$4.73,0.03,0.638%,1122761391.00,Canada,,21779683,Finance,Finance: Consumer Services
HIW,Highwoods Properties Inc. Common Stock,$28.76,-0.60,-2.044%,3160549772.00,United States,1994,1961660,Real Estate,Real Estate Investment Trusts
HIX,Western Asset High Income Fund II Inc. Common Stock,$4.27,0.02,0.471%,0.00,United States,1998,230685,Finance,Finance/Investors Services
HKD,AMTD Digital Inc. American Depositary Shares (every five of which represent two Class A Ordinary Shares),$1.72,-0.18,-9.474%,217002030.00,,2022,1459609,Finance,Finance: Consumer Services
HKIT,Hitek Global Inc. Class A Ordinary Share,$4.15,1.96,89.498%,121592361.00,China,2023,9121851,Technology,Computer Software: Prepackaged Software
HKPD,Hong Kong Pharma Digital Technology Holdings Limited Ordinary shares,$1.20,-0.01,-0.826%,13200000.00,Hong Kong,2025,15686,Health Care,Other Pharmaceuticals
HL,Hecla Mining Company Common Stock,$15.02,1.14,8.213%,10064882023.00,United States,,19375723,Industrials,Mining & Quarrying of Nonmetallic Minerals (No Fuels)
HL^B,Hecla Mining Company Preferred Stock,$60.00,-2.08,-3.351%,,United States,,4540,,
HLF,Herbalife Ltd. Common Shares,$9.05,-0.04,-0.44%,934962016.00,Cayman Islands,2004,1161148,Health Care,Other Pharmaceuticals
HLI,Houlihan Lokey Inc. Class A Common Stock,$181.43,1.10,0.61%,12712566055.00,United States,2015,364573,Finance,Investment Managers
HLIO,Helios Technologies Inc. Common Stock,$53.93,-0.37,-0.681%,1786619681.00,United States,2021,295573,Industrials,Metal Fabrications
HLIT,Harmonic Inc. Common Stock,$10.09,0.08,0.799%,1132431797.00,United States,1995,886633,Technology,Radio And Television Broadcasting And Communications Equipment
HLLY,Holley Inc. Common Stock,$3.59,-0.03,-0.829%,436520345.00,United States,2020,2482453,Consumer Discretionary,Auto Parts:O.E.M.
HLMN,Hillman Solutions Corp. Common Stock,$8.76,0.00,0.00%,1728257229.00,United States,2020,667362,Consumer Discretionary,Industrial Machinery/Components
HLN,Haleon plc American Depositary Shares (Each representing two Ordinary Shares),$9.57,0.11,1.163%,42831701803.00,United Kingdom,2022,8717136,Consumer Discretionary,Package Goods/Cosmetics
HLNE,Hamilton Lane Incorporated Class A Common Stock,$130.35,-0.69,-0.527%,7274017248.00,United States,2017,527731,Finance,Investment Managers
HLP,Hongli Group Inc. Ordinary Shares,$1.695,0.035,2.108%,124478681.00,China,2023,159471,Industrials,Industrial Machinery/Components
HLT,Hilton Worldwide Holdings Inc. Common Stock ,$274.54,1.22,0.446%,64570092949.00,United States,2016,1587222,Consumer Discretionary,Hotels/Resorts
HLX,Helix Energy Solutions Group Inc. Common Stock,$6.74,0.25,3.852%,991325381.00,United States,,1829281,Energy,Oilfield Services/Equipment
HMC,Honda Motor Company Ltd. Common Stock,$29.48,-0.33,-1.107%,42711700728.00,Japan,,916215,Industrials,Auto Manufacturing
HMN,Horace Mann Educators Corporation Common Stock,$45.62,0.28,0.618%,1856539157.00,United States,1991,255022,Finance,Property-Casualty Insurers
HMR,Heidmar Maritime Holdings Corp. Common Stock,$1.28,-0.02,-1.538%,74449076.00,Greece,,33483,Consumer Discretionary,Marine Transportation
HMY,Harmony Gold Mining Company Limited,$17.47,1.05,6.395%,11089392138.00,South Africa,,4962427,Basic Materials,Precious Metals
HNGE,Hinge Health Inc. Class A Common Stock,$44.30,-0.19,-0.427%,3474681442.00,United States,2025,766863,Technology,EDP Services
HNI,HNI Corporation Common Stock,$39.41,-0.05,-0.127%,1806209996.00,United States,,672465,Consumer Discretionary,Office Equipment/Supplies/Services
HNNA,Hennessy Advisors Inc. Common Stock,$10.12,0.17,1.709%,78810107.00,United States,,14044,Finance,Investment Managers
HNNAZ,Hennessy Advisors Inc. 4.875% Notes due 2026,$24.78,-0.095,-0.382%,192975737.00,United States,,354,Finance,Investment Managers
HNRG,Hallador Energy Company Common Stock,$20.01,0.34,1.729%,860634702.00,United States,,471124,Energy,Coal Mining
HNST,The Honest Company Inc. Common Stock,$2.62,-0.045,-1.689%,292891566.00,United States,2021,6462172,Consumer Discretionary,Catalog/Specialty Distribution
HNVR,Hanover Bancorp Inc. Common Stock,$22.21,0.20,0.909%,160249459.00,United States,2022,17763,Finance,Major Banks
HOFT,Hooker Furnishings Corporation Common Stock,$9.57,0.11,1.163%,102877816.00,United States,,30165,Consumer Discretionary,Home Furnishings
HOG,Harley-Davidson Inc. Common Stock,$25.24,-0.35,-1.368%,2981900622.00,United States,,1852337,Consumer Discretionary,Motor Vehicles
HOLO,MicroCloud Hologram Inc. Ordinary Shares,$3.67,0.00,0.00%,53462050.00,United States,2021,533340,Technology,Computer Software: Programming Data Processing
HOLOW,MicroCloud Hologram Inc. Warrant,$0.1402,0.0051,3.775%,2042338.00,United States,2021,29176,Technology,Computer Software: Programming Data Processing
HOLX,Hologic Inc. Common Stock,$74.30,0.20,0.27%,16525752653.00,United States,1990,2146867,Health Care,Medical Electronics
HOMB,Home BancShares Inc. Common Stock,$27.55,0.07,0.255%,5414742569.00,United States,2006,667652,Finance,Major Banks
HON,Honeywell International Inc. Common Stock,$196.07,2.00,1.031%,124482334873.00,United States,,3820075,Industrials,Aerospace
HOOD,Robinhood Markets Inc. Class A Common Stock,$135.88,5.52,4.234%,122181783520.00,United States,2021,30930367,Finance,Investment Bankers/Brokers/Service
HOPE,Hope Bancorp Inc. Common Stock,$10.42,-0.04,-0.382%,1335700558.00,United States,,618306,Finance,Major Banks
HOTH,Hoth Therapeutics Inc. Common Stock,$1.27,0.04,3.252%,16838964.00,United States,2019,187302,Health Care,Biotechnology: Pharmaceutical Preparations
HOUR,Hour Loop Inc. Common Stock,$1.96,0.09,4.813%,68936267.00,United States,2022,25492,Consumer Discretionary,Catalog/Specialty Distribution
HOUS,Anywhere Real Estate Inc. Common Stock,$11.80,0.38,3.327%,1323142213.00,United States,2012,1813990,Finance,Real Estate
HOV,Hovnanian Enterprises Inc. Class A Common Stock,$122.31,0.62,0.509%,720666910.00,United States,1983,127564,Consumer Discretionary,Homebuilding
HOVNP,Hovnanian Enterprises Inc Dep Shr Srs A Pfd,$20.19,-0.0799,-0.394%,118962185.00,United States,,7527,Consumer Discretionary,Homebuilding
HOVR,New Horizon Aircraft Ltd. Class A Ordinary Share,$2.06,0.02,0.98%,89311689.00,United States,2023,579384,Industrials,Aerospace
HOVRW,New Horizon Aircraft Ltd. Warrant,$0.4093,0.0141,3.568%,17745279.00,United States,2023,32160,Industrials,Aerospace
HOWL,Werewolf Therapeutics Inc. Common Stock,$1.16,0.01,0.87%,56306632.00,United States,2021,390253,Health Care,Biotechnology: Pharmaceutical Preparations
HP,Helmerich & Payne Inc. Common Stock,$26.83,0.64,2.444%,2667970719.00,United States,,1002065,Energy,Oil & Gas Production
HPAI,Helport AI Limited Ordinary Shares,$2.92,0.2544,9.544%,108428267.00,Singapore,,3378,Technology,Computer Software: Prepackaged Software
HPAIW,Helport AI Limited Warrants,$0.1121,-0.0018,-1.58%,4162606.00,Singapore,,355,Technology,Computer Software: Prepackaged Software
HPE,Hewlett Packard Enterprise Company Common Stock,$23.88,0.43,1.834%,31508467481.00,United States,2015,34047751,Technology,Retail: Computer Software & Peripheral Equipment
HPE^C,Hewlett Packard Enterprise Company 7.625% Series C Mandatory Convertible Preferred Stock,$66.65,1.03,1.57%,,United States,,3796,,
HPF,John Hancock Pfd Income Fund II Pfd Income Fund II,$16.76,0.08,0.48%,0.00,United States,2002,24472,Finance,Finance Companies
HPI,John Hancock Preferred Income Fund Common Shares of Beneficial Interest,$17.32,0.04,0.231%,0.00,United States,2002,43843,Finance,Trusts Except Educational Religious and Charitable
HPK,HighPeak Energy Inc. Common Stock,$5.77,-0.06,-1.029%,724637527.00,United States,,304253,Energy,Oil & Gas Production
HPP,Hudson Pacific Properties Inc. Common Stock,$2.20,-0.05,-2.222%,834893902.00,United States,2010,3273922,Finance,Real Estate
HPP^C,Hudson Pacific Properties Inc. 4.750% Series C Cumulative Redeemable Preferred Stock,$15.01,0.00,0.00%,,United States,,1798,,
HPQ,HP Inc. Common Stock,$25.29,-0.99,-3.767%,23638609812.00,United States,,16142362,Technology,Computer Manufacturing
HPS,John Hancock Preferred Income Fund III Preferred Income Fund III,$15.52,0.15,0.976%,0.00,United States,2003,41329,Finance,Investment Managers
HQH,abrdn Healthcare Investors Shares of Beneficial Interest,$17.94,0.18,1.014%,849346444.00,United States,1987,306008,Finance,Finance Companies
HQI,HireQuest Inc. Common Stock (DE),$9.93,0.26,2.689%,140013000.00,United States,,9938,Consumer Discretionary,Professional Services
HQL,abrdn Life Sciences Investors Shares of Beneficial Interest,$16.08,0.15,0.942%,412928547.00,United States,1992,116167,Finance,Investment Managers
HQY,HealthEquity Inc. Common Stock,$99.83,6.12,6.531%,8600986823.00,United States,2014,1617729,Real Estate,Real Estate
HR,Healthcare Realty Trust Incorporated Common Stock,$18.06,-0.04,-0.221%,6350414123.00,United States,,4836543,Real Estate,Real Estate Investment Trusts
HRB,H&R Block Inc. Common Stock,$47.69,-1.95,-3.928%,6029222795.00,United States,,1684252,Consumer Discretionary,Other Consumer Services
HRI,Herc Holdings Inc. Common Stock ,$140.50,3.45,2.517%,4674394817.00,United States,2016,442472,Industrials,Misc Corporate Leasing Services
HRL,Hormel Foods Corporation Common Stock,$22.15,0.12,0.545%,12182465291.00,United States,,4558945,Consumer Staples,Meat/Poultry/Fish
HRMY,Harmony Biosciences Holdings Inc. Common Stock,$31.82,0.39,1.241%,1832716112.00,United States,2020,765993,Health Care,Biotechnology: Pharmaceutical Preparations
HROW,Harrow Inc. Common Stock,$34.14,0.21,0.619%,1263252923.00,United States,,1566824,Health Care,Biotechnology: Pharmaceutical Preparations
HRTG,Heritage Insurance Holdings Inc. Common Stock,$28.91,-0.63,-2.133%,896717949.00,United States,2014,724071,Finance,Property-Casualty Insurers
HRTX,Heron Therapeutics Inc. Common Stock,$1.11,0.01,0.909%,203532399.00,United States,,1743676,Health Care,Biotechnology: Pharmaceutical Preparations
HRZN,Horizon Technology Finance Corporation Common Stock,$6.65,-0.02,-0.30%,295148892.00,United States,2010,642212,Finance,Finance: Consumer Services
HSAI,Hesai Group American Depositary Share each ADS represents one Class B ordinary share,$23.06,1.98,9.393%,3054704332.00,China,2023,3821002,Industrials,Industrial Machinery/Components
HSBC,HSBC Holdings plc. Common Stock,$72.04,0.77,1.08%,249478567711.00,United Kingdom,,1664970,Finance,Savings Institutions
HSCS,HeartSciences Inc. Common Stock,$2.80,0.19,7.28%,7413594.00,United States,2022,22126,Health Care,Industrial Specialties
HSCSW,HeartSciences Inc. Warrant,$0.0606,0.00,0.00%,160451.00,United States,2022,1,Health Care,Industrial Specialties
HSDT,Solana Company Class A Common Stock (DE),$5.38,-0.12,-2.182%,5795643.00,United States,,298522,Health Care,Biotechnology: Electromedical & Electrotherapeutic Apparatus
HSHP,Himalaya Shipping Ltd. Common Shares,$7.91,0.19,2.461%,368210500.00,,2023,85428,Consumer Discretionary,Marine Transportation
HSIC,Henry Schein Inc. Common Stock,$73.00,1.10,1.53%,8593910911.00,United States,1995,1470237,Health Care,Medical Specialities
HSII,Heidrick & Struggles International Inc. Common Stock,$58.76,0.02,0.034%,1221652307.00,United States,1999,223463,Consumer Discretionary,Diversified Commercial Services
HSPO,Horizon Space Acquisition I Corp. Ordinary Shares,$12.51,0.00,0.00%,0.00,United States,2023,11,Finance,Blank Checks
HSPOR,Horizon Space Acquisition I Corp. Right,$0.12,-0.0288,-19.355%,0.00,United States,2023,1986,Finance,Blank Checks
HSPOU,Horizon Space Acquisition I Corp. Unit,$12.33,-0.17,-1.36%,0.00,United States,2022,1202,Finance,Blank Checks
HSPOW,Horizon Space Acquisition I Corp. Warrant,$0.0777,0.0078,11.159%,0.00,United States,2023,2080,Finance,Blank Checks
HSPT,Horizon Space Acquisition II Corp. Ordinary share,$10.39,0.00,0.00%,0.00,United States,2025,6,,
HSPTR,Horizon Space Acquisition II Corp. Right,$0.1627,0.00,0.00%,0.00,United States,2025,321,Finance,Blank Checks
HSPTU,Horizon Space Acquisition II Corp. Units,$10.5148,0.00,0.00%,0.00,United States,2024,17,,
HST,Host Hotels & Resorts Inc. Common Stock,$18.18,0.34,1.906%,12499529522.00,United States,,15282342,Real Estate,Real Estate Investment Trusts
HSTM,HealthStream Inc. Common Stock,$24.54,-0.11,-0.446%,728056082.00,United States,2000,171515,Technology,Computer Software: Programming Data Processing
HSY,The Hershey Company Common Stock,$168.91,-1.70,-0.996%,34252434957.00,United States,,2248160,Consumer Staples,Specialty Foods
HTB,HomeTrust Bancshares Inc. Common Stock,$40.18,0.43,1.082%,700901206.00,United States,,45038,Finance,Savings Institutions
HTBK,Heritage Commerce Corp Common Stock,$10.74,0.16,1.512%,658185230.00,United States,,549865,Finance,Major Banks
HTCO,High-Trend International Group Class A Ordinary Shares,$10.76,-0.053,-0.49%,61332000.00,Singapore,,13789,Consumer Discretionary,Marine Transportation
HTCR,Heartcore Enterprises Inc. Common Stock,$0.7502,0.0064,0.86%,17487740.00,Japan,2022,392645,Technology,EDP Services
HTD,John Hancock Tax Advantaged Dividend Income Fund Common Shares of Beneficial Interest,$25.04,0.01,0.04%,0.00,United States,2004,64128,Finance,Finance Companies
HTFC,Horizon Technology Finance Corporation 6.25% Notes due 2027,$24.845,0.105,0.424%,1057048389.00,United States,2022,779,Finance,Finance: Consumer Services
HTFL,Heartflow Inc. Common Stock,$33.83,1.27,3.90%,2821290131.00,United States,2025,319249,Health Care,Medical/Dental Instruments
HTGC,Hercules Capital Inc. Common Stock,$17.85,-0.15,-0.833%,3243667639.00,United States,2012,1624777,Finance,Investment Managers
HTH,Hilltop Holdings Inc.,$33.69,0.67,2.029%,2066158412.00,United States,,404335,Finance,Major Banks
HTHT,H World Group Limited American Depositary Shares,$44.61,3.54,8.619%,13692552047.00,China,2010,5001385,Consumer Discretionary,Hotels/Resorts
HTLD,Heartland Express Inc. Common Stock,$7.69,0.06,0.786%,595269281.00,United States,1986,428210,Industrials,Trucking Freight/Courier Services
HTLM,HomesToLife Ltd Ordinary Shares,$3.22,-0.1397,-4.158%,288793750.00,Singapore,2024,3077,Consumer Discretionary,Other Specialty Stores
HTO,H2O America Common Stock,$46.66,-0.59,-1.249%,1670665453.00,United States,,178873,Utilities,Water Supply
HTOO,Fusion Fuel Green PLC Class A Ordinary Shares,$4.075,0.185,4.756%,3192257.00,Ireland,,43094,Energy,Industrial Machinery/Components
HTOOW,Fusion Fuel Green PLC Warrant,$0.0133,-0.006,-31.088%,10419.00,Ireland,,56750,Energy,Industrial Machinery/Components
HTZ,Hertz Global Holdings Inc Common Stock,$6.28,-0.30,-4.559%,1956803443.00,United States,,10536688,Consumer Discretionary,Rental/Leasing Companies
HTZWW,Hertz Global Holdings Inc Warrant,$3.43,-0.17,-4.722%,1068763664.00,United States,,80518,Consumer Discretionary,Rental/Leasing Companies
HUBB,Hubbell Inc Common Stock,$462.28,-0.15,-0.032%,24567755955.00,United States,2015,655427,Technology,Electrical Products
HUBC,Hub Cyber Security Ltd. Ordinary Shares,$1.42,0.13,10.078%,14267160.00,Israel,,216290,Telecommunications,Computer Communications Equipment
HUBCW,Hub Cyber Security Ltd. Warrant 2/27/28,$0.0229,0.0002,0.881%,230083.00,Israel,,7350,Telecommunications,Computer Communications Equipment
HUBCZ,Hub Cyber Security Ltd. Warrant ,$0.008,-0.0017,-17.526%,80378.00,Israel,,500,Telecommunications,Computer Communications Equipment
HUBG,Hub Group Inc. Class A Common Stock,$35.42,-0.27,-0.757%,2166057324.00,United States,1996,427090,Industrials,Integrated Freight & Logistics
HUBS,HubSpot Inc. Common Stock,$386.35,-12.05,-3.025%,20239157629.00,United States,2014,1293253,Technology,Computer Software: Prepackaged Software
HUDI,Huadi International Group Co. Ltd. Ordinary Shares,$1.245,0.035,2.893%,17777582.00,China,2021,9898,Industrials,Steel/Iron Ore
HUHU,HUHUTECH International Group Inc. Ordinary Shares,$10.12,0.05,0.497%,214274940.00,China,2024,24669,Telecommunications,Metal Fabrications
HUIZ,Huize Holding Limited American Depositary Shares,$3.301,0.021,0.64%,33302389.00,China,2020,7404,Finance,Specialty Insurers
HUM,Humana Inc. Common Stock,$238.42,-13.62,-5.404%,28675504873.00,United States,,1973462,Health Care,Medical Specialities
HUMA,Humacyte Inc. Common Stock,$1.35,0.02,1.504%,213802434.00,United States,2020,3897472,Health Care,Biotechnology: Biological Products (No Diagnostic Substances)
HUMAW,Humacyte Inc. Warrant,$0.16,-0.01,-5.882%,25339548.00,United States,2020,133255,Health Care,Biotechnology: Biological Products (No Diagnostic Substances)
HUN,Huntsman Corporation Common Stock,$8.29,0.11,1.345%,1440405083.00,United States,2005,8579949,Industrials,Major Chemicals
HURA,TuHURA Biosciences Inc. Common Stock,$2.48,-0.04,-1.587%,124116376.00,United States,,144162,Health Care,Biotechnology: Pharmaceutical Preparations
HURC,Hurco Companies Inc. Common Stock,$16.40,0.00,0.00%,104999294.00,United States,,16000,Industrials,Industrial Machinery/Components
HURN,Huron Consulting Group Inc. Common Stock,$166.20,0.51,0.308%,2865531982.00,United States,2004,148008,Consumer Discretionary,Professional Services
HUSA,Houston American Energy Corporation Common Stock,$5.34,0.34,6.80%,180718507.00,United States,,118365,Energy,Oil & Gas Production
HUT,Hut 8 Corp. Common Stock,$47.17,2.58,5.786%,5096087931.00,United States,,9480222,Finance,Finance: Consumer Services
HUYA,HUYA Inc. American depositary shares each  representing one Class A ordinary share,$2.78,0.07,2.583%,621356991.00,United States,2018,669970,Technology,Computer Software: Programming Data Processing
HVII,Hennessy Capital Investment Corp. VII Ordinary Shares,$10.47,-0.02,-0.191%,,United States,2025,22788,,
HVIIR,Hennessy Capital Investment Corp. VII Rights,$0.40,-0.0125,-3.03%,0.00,United States,2025,6239,Finance,Blank Checks
HVIIU,Hennessy Capital Investment Corp. VII Unit,$10.87,0.00,0.00%,0.00,United States,2025,279,Finance,Blank Checks
HVMC,Highview Merger Corp. Class A Ordinary Share,$10.00,0.01,0.10%,0.00,United States,2025,256400,,
HVMCU,Highview Merger Corp. Units,$10.17,0.00,0.00%,0.00,United States,2025,4,Finance,Blank Checks
HVMCW,Highview Merger Corp. Warrants,$0.375,0.025,7.143%,0.00,United States,2025,1150,,
HVT,Haverty Furniture Companies Inc. Common Stock,$22.43,0.47,2.14%,364864930.00,United States,,120235,Consumer Discretionary,Other Specialty Stores
HVT/A,Haverty Furniture Companies Inc.,$22.76,0.00,0.00%,,United States,,33,,
HWBK,Hawthorn Bancshares Inc. Common Stock,$31.00,0.09,0.291%,214085008.00,United States,,2923,Finance,Major Banks
HWC,Hancock Whitney Corporation Common Stock,$58.78,0.01,0.017%,4914779311.00,United States,,779338,Finance,Major Banks
HWCPZ,Hancock Whitney Corporation 6.25% Subordinated Notes due 2060,$24.02,0.166,0.696%,2035814572.00,United States,,4347,Finance,Major Banks
HWH,HWH International Inc. Common Stock,$1.81,0.03,1.685%,11722284.00,United States,2022,14832,Health Care,Other Pharmaceuticals
HWKN,Hawkins Inc. Common Stock,$128.20,0.29,0.227%,2678128640.00,United States,,108972,Consumer Discretionary,Specialty Chemicals
HWM,Howmet Aerospace Inc. Common Stock,$209.74,3.08,1.49%,84328538832.00,United States,,1413676,Industrials,Metal Fabrications
HWM^,Howmet Aerospace Inc. $3.75 Preferred Stock,$65.08,-1.7002,-2.546%,,United States,,422,,
HXHX,Haoxin Holdings Limited Class A Ordinary Shares,$0.7465,0.0163,2.232%,10264375.00,China,2025,40175,Industrials,Trucking Freight/Courier Services
HXL,Hexcel Corporation Common Stock,$67.81,-1.32,-1.909%,5395190492.00,United States,,953302,Industrials,Major Chemicals
HY,Hyster-Yale Inc. Class A common stock,$31.78,-2.29,-6.721%,563579973.00,United States,,89879,Industrials,Construction/Ag Equipment/Trucks
HYAC,Haymaker Acquisition Corp. 4 Class A Ordinary Shares,$11.31,0.00,0.00%,0.00,,2023,33,,
HYFM,Hydrofarm Holdings Group Inc. Common Stock,$2.24,0.02,0.901%,10436205.00,United States,2020,12509,Consumer Discretionary,Consumer Specialties
HYFT,MindWalk Holdings Corp. Common Stock,$1.77,0.04,2.312%,81698442.00,Canada,,272638,Health Care,Biotechnology: Pharmaceutical Preparations
HYI,Western Asset High Yield Opportunity Fund Inc. Common Stock,$11.34,0.03,0.265%,0.00,,2010,69465,Finance,Investment Managers
HYLN,Hyliion Holdings Corp. Class A Common Stock,$2.06,-0.06,-2.83%,361399470.00,United States,2019,1770963,Consumer Discretionary,Construction/Ag Equipment/Trucks
HYMC,Hycroft Mining Holding Corporation Class A Common Stock,$7.88,0.23,3.007%,638010433.00,United States,2018,1059803,Basic Materials,Precious Metals
HYPD,Hyperion DeFi Inc. Common Stock,$5.82,-0.62,-9.627%,33142915.00,United States,2018,556577,Health Care,Biotechnology: Pharmaceutical Preparations
HYPR,Hyperfine Inc. Class A Common Stock,$1.03,-0.04,-3.738%,80938431.00,United States,2021,530702,Health Care,Biotechnology: Electromedical & Electrotherapeutic Apparatus
HYT,Blackrock Corporate High Yield Fund Inc. Common Stock,$9.47,0.03,0.318%,0.00,United States,2003,373879,Finance,Finance Companies
HZO,MarineMax Inc.  (FL) Common Stock,$23.62,-0.15,-0.631%,506969358.00,United States,1998,326814,Consumer Discretionary,Auto & Home Supply Stores
IAC,IAC Inc. Common Stock,$34.01,0.78,2.347%,2633497826.00,United States,,1005332,Technology,Computer Software: Programming Data Processing
IAE,Voya Asia Pacific High Dividend Equity Income Fund ING Asia Pacific High Dividend Equity Income Fund Common Shares of Beneficial Interest,$7.38,-0.05,-0.673%,0.00,United States,2007,30807,Finance,Trusts Except Educational Religious and Charitable
IAF,abrdn Australia Equity Fund Inc. Common Stock,$13.60,0.21,1.568%,0.00,United States,1985,11897,Finance,Finance/Investors Services
IAG,Iamgold Corporation Ordinary Shares,$13.30,0.62,4.89%,7651490000.00,Canada,,11371287,Basic Materials,Precious Metals
IART,Integra LifeSciences Holdings Corporation Common Stock,$12.18,0.14,1.163%,948725912.00,United States,,1066112,Health Care,Medical/Dental Instruments
IAS,Integral Ad Science Holding Corp. Common Stock,$10.27,0.02,0.195%,1723866013.00,United States,2021,1304951,Technology,Computer Software: Programming Data Processing
IAUX,i-80 Gold Corp. Common Shares,$0.9736,0.0336,3.574%,794503643.00,Canada,2022,5778416,Basic Materials,Precious Metals
IBAC,IB Acquisition Corp. Common Stock,$10.45,0.01,0.096%,0.00,United States,2024,60471,Finance,Blank Checks
IBACR,IB Acquisition Corp. Right,$0.0695,0.00,0.00%,0.00,United States,2024,29,Finance,Blank Checks
IBCP,Independent Bank Corporation Common Stock,$31.11,0.44,1.435%,643726627.00,United States,,69728,Finance,Major Banks
IBEX,IBEX Limited Common Shares,$36.49,-0.36,-0.977%,491417216.00,Bermuda,2020,85702,Technology,EDP Services
IBG,Innovation Beverage Group Limited Ordinary Shares,$2.08,-0.06,-2.804%,4831212.00,Australia,2024,147542,Consumer Staples,Beverages (Production/Distribution)
IBIO,iBio Inc. Common Stock,$1.29,-0.03,-2.273%,25354480.00,United States,,763118,Health Care,Biotechnology: Pharmaceutical Preparations
IBKR,Interactive Brokers Group Inc. Class A Common Stock,$71.13,0.59,0.836%,31678749642.00,United States,2019,3253348,Finance,Investment Bankers/Brokers/Service
IBM,International Business Machines Corporation Common Stock,$309.13,2.75,0.898%,288954694231.00,United States,,2974088,Technology,Computer Manufacturing
IBN,ICICI Bank Limited Common Stock,$30.35,0.12,0.397%,108281812095.00,India,,4233927,Finance,Commercial Banks
IBO,Impact BioMedical Inc. Common Stock,$0.5596,0.0091,1.653%,6818957.00,,2024,162736,Health Care,Biotechnology: Pharmaceutical Preparations
IBOC,International Bancshares Corporation Common Stock,$65.83,-1.35,-2.01%,4092248681.00,United States,,208874,Finance,Major Banks
IBP,Installed Building Products Inc. Common Stock,$257.52,-0.24,-0.093%,6985321935.00,United States,2014,260753,Consumer Discretionary,Homebuilding
IBRX,ImmunityBio Inc. Common Stock,$2.16,0.03,1.408%,2127524787.00,United States,2015,7186044,Health Care,Biotechnology: Biological Products (No Diagnostic Substances)
IBTA,Ibotta Inc. Class A Common Stock,$28.36,0.15,0.532%,805389571.00,United States,2024,259428,Consumer Discretionary,Advertising
ICCC,ImmuCell Corporation Common Stock,$6.08,-0.02,-0.328%,54998774.00,United States,1987,31150,Health Care,Biotechnology: In Vitro & In Vivo Diagnostic Substances
ICCM,IceCure Medical Ltd. Ordinary Shares,$0.7209,0.0318,4.615%,40780591.00,Israel,,489205,Health Care,Medical/Dental Instruments
ICE,Intercontinental Exchange Inc. Common Stock,$149.50,0.50,0.336%,85241698458.00,United States,2005,3231177,Finance,Investment Bankers/Brokers/Service
ICFI,ICF International Inc. Common Stock,$83.14,1.33,1.626%,1532763386.00,United States,2006,263331,Consumer Discretionary,Professional Services
ICG,Intchains Group Limited American Depositary Shares,$1.03,0.0599,6.175%,123546952.00,China,2023,314182,Technology,Semiconductors
ICHR,Ichor Holdings Ordinary Shares,$15.42,0.45,3.006%,530204842.00,United States,2016,774804,Technology,Semiconductors
ICL,ICL Group Ltd. Ordinary Shares,$5.70,0.06,1.064%,7355520717.00,Israel,2014,1145929,Industrials,Agricultural Chemicals
ICLR,ICON plc Ordinary Shares,$157.68,-1.46,-0.917%,12733741685.00,Ireland,1998,907911,Health Care,Biotechnology: Commercial Physical & Biological Resarch
ICMB,Investcorp Credit Management BDC Inc. Common Stock,$2.76,0.01,0.364%,39830118.00,United States,2014,6307,Finance,Finance: Consumer Services
ICON,Icon Energy Corp. Common stock,$1.25,-0.05,-3.846%,2731538.00,Greece,2024,30551,Consumer Discretionary,Marine Transportation
ICR^A,InPoint Commercial Real Estate Income Inc. 6.75% Series A Cumulative Redeemable Preferred Stock,$21.0045,-0.5755,-2.667%,,,,1876,,
ICU,SeaStar Medical Holding Corporation Common Stock,$0.4799,-0.0103,-2.101%,13396215.00,United States,2021,341422,Health Care,Medical/Dental Instruments
ICUCW,SeaStar Medical Holding Corporation Warrant,$0.0259,0.00,0.00%,722988.00,United States,2021,5026,Health Care,Medical/Dental Instruments
ICUI,ICU Medical Inc. Common Stock,$139.23,-0.93,-0.664%,3437123672.00,United States,1992,331288,Health Care,Medical/Dental Instruments
IDA,IDACORP Inc. Common Stock,$128.80,-0.64,-0.494%,6961024851.00,United States,,320597,Utilities,Electric Utilities: Central
IDAI,T Stamp Inc. Class A Common Stock,$4.55,0.38,9.113%,11567420.00,United States,,353138,Technology,Computer Software: Prepackaged Software
IDCC,InterDigital Inc. Common Stock,$365.00,-5.07,-1.37%,9396761480.00,United States,,270978,Miscellaneous,Multi-Sector Companies
IDE,Voya Infrastructure Industrials and Materials Fund Common Shares of Beneficial Interest,$11.66,-0.18,-1.52%,0.00,United States,2010,203496,Finance,Finance/Investors Services
IDN,Intellicheck Inc. Common Stock,$4.52,0.20,4.63%,90568465.00,United States,1999,85272,Technology,Computer Software: Prepackaged Software
IDR,Idaho Strategic Resources Inc. Common Stock,$33.28,1.60,5.051%,482739446.00,United States,2022,467209,Basic Materials,Precious Metals
IDT,IDT Corporation Class B Common Stock,$51.49,0.98,1.94%,1299144962.00,United States,,108582,Telecommunications,Telecommunications Equipment
IDXX,IDEXX Laboratories Inc. Common Stock,$709.59,1.14,0.161%,56661705255.00,United States,1991,351723,Health Care,Biotechnology: In Vitro & In Vivo Diagnostic Substances
IDYA,IDEAYA Biosciences Inc. Common Stock,$30.89,0.65,2.149%,2708015343.00,United States,2019,674608,Health Care,Biotechnology: Pharmaceutical Preparations
IE,Ivanhoe Electric Inc. Common Stock,$13.15,0.80,6.478%,1746546614.00,Canada,2022,2535236,Basic Materials,Metal Mining
IEP,Icahn Enterprises L.P. Common Stock,$9.00,0.15,1.695%,5401876653.00,United States,,1218822,Consumer Discretionary,Auto Parts:O.E.M.
IESC,IES Holdings Inc. Common Stock,$402.82,3.79,0.95%,7997774786.00,United States,,126486,Industrials,Engineering & Construction
IEX,IDEX Corporation Common Stock,$168.80,0.84,0.50%,12634584797.00,United States,1989,612912,Industrials,Fluid Controls
IFBD,Infobird Co. Ltd Ordinary Shares,$1.23,0.05,4.237%,10071946.00,China,2021,19577,Technology,Computer Software: Prepackaged Software
IFF,International Flavors & Fragrances Inc. Common Stock,$62.78,0.78,1.258%,16077730674.00,United States,,2207133,Industrials,Major Chemicals
IFN,India Fund Inc. (The) Common Stock,$14.84,0.15,1.021%,0.00,United States,,202280,Finance,Finance/Investors Services
IFRX,InflaRx N.V. Common Stock,$1.58,0.35,28.455%,93775702.00,Germany,2017,83349392,Health Care,Biotechnology: Pharmaceutical Preparations
IFS,Intercorp Financial Services Inc. Common Shares,$40.65,-1.29,-3.076%,4692949208.00,,2019,302048,Finance,Commercial Banks
IGA,Voya Global Advantage and Premium Opportunity Fund Common Shares of Beneficial Interest,$9.60,0.07,0.735%,0.00,United States,2005,72403,Finance,Investment Managers
IGC,IGC Pharma Inc. Common Stock,$0.3838,0.0159,4.322%,34852537.00,United States,,1516091,Health Care,Biotechnology: Pharmaceutical Preparations
IGD,Voya Global Equity Dividend and Premium Opportunity Fund,$5.68,0.04,0.709%,0.00,United States,2005,184661,Finance,Trusts Except Educational Religious and Charitable
IGI,Western Asset Investment Grade Opportunity Trust Inc. Common Stock,$16.48,0.04,0.243%,0.00,United States,2009,20842,Finance,Investment Managers
IGIC,International General Insurance Holdings Ltd. Ordinary Share,$22.89,0.96,4.378%,1032543545.00,Jordan,2018,90334,Finance,Property-Casualty Insurers
IGR,CBRE Global Real Estate Income Fund Common Shares of Beneficial Interest,$4.84,-0.02,-0.412%,0.00,United States,2004,505485,Finance,Finance Companies
IH,iHuman Inc. American depositary shares each representing five Class A ordinary shares,$2.77,-0.07,-2.465%,142714771.00,United States,2020,4383,Real Estate,Other Consumer Services
IHD,Voya Emerging Markets High Income Dividend Equity Fund Common Shares,$6.30,0.07,1.124%,0.00,United States,2011,109167,Finance,Investment Managers
IHG,Intercontinental Hotels Group American Depositary Shares (Each representing one Ordinary Share),$131.84,1.66,1.275%,20227628995.00,United Kingdom,,132504,Consumer Discretionary,Hotels/Resorts
IHRT,iHeartMedia Inc. Class A Common Stock,$4.57,-0.06,-1.296%,686150215.00,United States,,4154311,Consumer Discretionary,Broadcasting
IHS,IHS Holding Limited Ordinary Shares,$6.52,-0.09,-1.362%,2174034909.00,Cayman Islands,2021,304157,Telecommunications,Telecommunications Equipment
IHT,InnSuites Hospitality Trust Shares of Beneficial Interest,$1.46,-0.02,-1.351%,12835298.00,United States,1999,9207,Finance,Investment Bankers/Brokers/Service
IIF,Morgan Stanley India Investment Fund Inc. Common Stock,$26.83,0.06,0.224%,0.00,United States,1994,43574,Finance,Trusts Except Educational Religious and Charitable
III,Information Services Group Inc. Common Stock,$5.20,-0.05,-0.952%,248997341.00,United States,,403830,Consumer Discretionary,Professional Services
IIIN,Insteel Industries Inc. Common Stock,$31.70,0.38,1.213%,615501845.00,United States,,82646,Industrials,Steel/Iron Ore
IIIV,i3 Verticals Inc. Class A Common Stock,$29.38,-0.11,-0.373%,947951694.00,United States,2018,97792,Real Estate,Real Estate
IIM,Invesco Value Municipal Income Trust Common Stock,$12.42,-0.02,-0.161%,584590012.00,United States,,173711,Finance,Investment Managers
IINN,Inspira Technologies Oxy B.H.N. Ltd. Ordinary Shares,$1.03,0.0652,6.758%,24979659.00,Israel,2021,104676,Health Care,Medical/Dental Instruments
IINNW,Inspira Technologies Oxy B.H.N. Ltd. Warrant,$0.3799,-0.0001,-0.026%,9213371.00,Israel,2021,1,Health Care,Medical/Dental Instruments
IIPR,Innovative Industrial Properties Inc. Common Stock,$51.48,0.02,0.039%,1442622753.00,United States,2016,221704,Finance,Real Estate
IIPR^A,Innovative Industrial Properties Inc. 9.00% Series A Cumulative Redeemable Preferred Stock,$25.20,-0.1002,-0.396%,,United States,,4518,,
IKT,Inhibikase Therapeutics Inc. Common Stock,$1.59,0.09,6.00%,118481450.00,United States,2020,146898,Health Care,Biotechnology: Biological Products (No Diagnostic Substances)
ILAG,Intelligent Living Application Group Inc. Ordinary Shares,$0.5287,0.0587,12.489%,10980826.00,Hong Kong,2022,25397,Consumer Discretionary,Office Equipment/Supplies/Services
ILLR,Triller Group Inc. Common Stock,$0.5648,-0.0078,-1.362%,87634265.00,United States,2019,126968,Finance,Investment Managers
ILLRW,Triller Group Inc. Warrant,$0.0333,-0.0003,-0.893%,5166822.00,United States,2019,7165,Finance,Investment Managers
ILMN,Illumina Inc. Common Stock,$121.72,-0.18,-0.148%,18598816000.00,United States,2000,1111938,Health Care,Medical Specialities
ILPT,Industrial Logistics Properties Trust Common Shares of Beneficial Interest,$5.56,0.04,0.725%,370625347.00,United States,2018,237819,Real Estate,Real Estate Investment Trusts
IMA,ImageneBio Inc. Common Stock,$8.20,-0.09,-1.086%,32976374.00,United States,2021,8253,Health Care,Biotechnology: Biological Products (No Diagnostic Substances)
IMAX,Imax Corporation Common Stock,$35.66,1.18,3.422%,1918469986.00,Canada,,1526065,Consumer Discretionary,Industrial Machinery/Components
IMCC,IM Cannabis Corp. Common Shares,$1.42,0.13,10.078%,4381342.00,Canada,,72848,Health Care, Medicinal Chemicals and Botanical Products 
IMCR,Immunocore Holdings plc American Depositary Shares,$35.00,1.50,4.478%,1683092110.00,United Kingdom,2021,329734,Health Care,Biotechnology: Biological Products (No Diagnostic Substances)
IMDX,Insight Molecular Diagnostics Inc. Common Stock,$6.80,0.56,8.974%,194614293.00,United States,,114585,Health Care,Biotechnology: In Vitro & In Vivo Diagnostic Substances
IMG,CIMG Inc. Common Stock,$0.1739,-0.0093,-5.076%,34173799.00,United States,,1786647,Consumer Discretionary,Other Specialty Stores
IMKTA,Ingles Markets Incorporated Class A Common Stock,$73.31,-0.72,-0.973%,1392477705.00,United States,1987,99365,Consumer Staples,Food Chains
IMMP,Immutep Limited American Depositary Shares,$1.74,0.05,2.959%,256114139.00,Australia,,75980,Health Care,Biotechnology: Pharmaceutical Preparations
IMMR,Immersion Corporation Common Stock,$6.89,0.03,0.437%,223211416.00,United States,1999,419827,Technology,Computer peripheral equipment
IMMX,Immix Biopharma Inc. Common Stock,$3.24,0.09,2.857%,93422520.00,United States,2021,375567,Health Care,Biotechnology: Pharmaceutical Preparations
IMNM,Immunome Inc. Common Stock,$16.44,1.20,7.874%,1507716954.00,United States,2020,1394488,Health Care,Biotechnology: Pharmaceutical Preparations
IMNN,Imunon Inc. Common Stock,$3.75,-0.25,-6.25%,9454526.00,United States,,132162,Health Care,Biotechnology: Pharmaceutical Preparations
IMO,Imperial Oil Limited Common Stock,$95.52,2.08,2.226%,47522059680.00,Canada,1929,641135,Energy,Integrated oil Companies
IMOS,ChipMOS TECHNOLOGIES INC. American Depositary Shares,$22.48,0.5701,2.602%,810271503.00,Taiwan,,8827,Technology,Semiconductors
IMPP,Imperial Petroleum Inc. Common Shares,$5.92,0.54,10.037%,203738191.00,Greece,,814642,Consumer Discretionary,Marine Transportation
IMPPP,Imperial Petroleum Inc. 8.75% Series A Cumulative Redeemable Perpetual Preferred Shares,$25.9499,0.2924,1.14%,893071907.00,Greece,,2163,Consumer Discretionary,Marine Transportation
IMRN,Immuron Limited American Depositary Shares,$1.61,-0.03,-1.829%,10795853.00,Australia,2017,71680,Health Care,Biotechnology: Pharmaceutical Preparations
IMRX,Immuneering Corporation Class A Common Stock,$6.91,0.02,0.29%,250963440.00,United States,2021,1498986,Health Care,Biotechnology: Pharmaceutical Preparations
IMSR,Terrestrial Energy Inc. Common Stock  ,$13.73,-0.18,-1.294%,1389334732.00,United States,2024,1337736,,
IMSRW,Terrestrial Energy Inc. Warrant,$5.65,0.15,2.727%,0.00,United States,2024,112231,,
IMTE,Integrated Media Technology Limited Ordinary Shares,$1.05,0.3177,43.384%,3603006.00,Australia,,76056607,Consumer Staples,Consumer Electronics/Appliances
IMTX,Immatics N.V. Ordinary Shares,$9.03,-0.02,-0.221%,1097598026.00,Germany,,494269,Health Care,Biotechnology: Biological Products (No Diagnostic Substances)
IMUX,Immunic Inc. Common Stock,$0.7643,0.0457,6.36%,75398646.00,United States,2014,1090812,Health Care,Biotechnology: Pharmaceutical Preparations
IMVT,Immunovant Inc. Common Stock,$23.37,0.02,0.086%,4073784574.00,United States,2019,1728647,Health Care,Biotechnology: Biological Products (No Diagnostic Substances)
IMXI,International Money Express Inc. Common Stock,$15.17,0.03,0.198%,450307099.00,United States,2017,164355,Real Estate,Real Estate
INAB,IN8bio Inc. Common Stock,$1.72,0.17,10.968%,7971161.00,United States,2021,84672,Health Care,Biotechnology: Biological Products (No Diagnostic Substances)
INAC,Indigo Acquisition Corp. Ordinary Shares,$10.03,0.02,0.20%,0.00,United States,2025,1964,,
INACR,Indigo Acquisition Corp. Right,$0.18,0.00,0.00%,0.00,United States,2025,2288,,
INACU,Indigo Acquisition Corp. Unit,$10.1799,0.0199,0.196%,0.00,United States,2025,12333,,
INBK,First Internet Bancorp Common Stock,$18.09,0.21,1.174%,157619870.00,United States,,70581,Finance,Major Banks
INBKZ,First Internet Bancorp 6.0% Fixed-to-Floating Rate Subordinated Notes Due 2029,$24.70,0.1572,0.641%,215213422.00,United States,,4542,Finance,Major Banks
INBS,Intelligent Bio Solutions Inc. Common Stock,$0.7845,0.0136,1.764%,7044145.00,United States,2020,104238,Health Care,Medical/Dental Instruments
INBX,Inhibrx Biosciences Inc. Common Stock,$79.00,-1.69,-2.094%,1144348259.00,United States,,276730,Health Care,Biotechnology: Biological Products (No Diagnostic Substances)
INCR,Intercure Ltd. Ordinary Shares,$1.43,0.08,5.926%,77953031.00,Israel,,75275,Health Care,Biotechnology: Pharmaceutical Preparations
INCY,Incyte Corp. Common Stock,$105.98,0.00,0.00%,20806280064.00,United States,,2653354,Health Care,Biotechnology: Commercial Physical & Biological Resarch
INDB,Independent Bank Corp. Common Stock,$69.68,-0.80,-1.135%,3454543825.00,United States,,387382,Finance,Major Banks
INDI,indie Semiconductor Inc. Class A Common Stock,$4.33,-0.35,-7.479%,936030454.00,United States,,5764119,Technology,Semiconductors
INDO,Indonesia Energy Corporation Limited Ordinary Shares,$2.82,0.13,4.833%,39226307.00,,2019,274568,Energy,Oil & Gas Production
INDP,Indaptus Therapeutics Inc. Common Stock,$2.51,-0.03,-1.181%,2777388.00,United States,,24113,Health Care,Biotechnology: Pharmaceutical Preparations
INDV,Indivior PLC Ordinary Shares,$30.88,-0.46,-1.468%,3852892042.00,United Kingdom,,1630132,Health Care,Biotechnology: Pharmaceutical Preparations
INEO,INNEOVA Holdings Limited Ordinary Shares,$0.789,0.0333,4.407%,7791375.00,Singapore,2024,8228,Consumer Discretionary,Motor Vehicles
INFA,Informatica Inc. Class A Common Stock,$24.85,0.01,0.04%,7662815282.00,United States,2021,1266225,Technology,Computer Software: Prepackaged Software
INFU,InfuSystems Holdings Inc. Common Stock,$10.09,0.17,1.714%,205192086.00,United States,,226014,Health Care,Medical/Dental Instruments
INFY,Infosys Limited American Depositary Shares,$16.76,0.26,1.576%,69624615143.00,India,,9889891,Technology,EDP Services
ING,ING Group N.V. Common Stock,$26.32,0.58,2.253%,82839335673.00,Netherlands,1997,1782541,Finance,Commercial Banks
INGM,Ingram Micro Holding Corporation Common Stock,$21.58,-0.31,-1.416%,5072867895.00,United States,2024,353336,Technology,Retail: Computer Software & Peripheral Equipment
INGN,Inogen Inc Common Stock,$7.02,0.03,0.429%,190582344.00,United States,2014,201102,Health Care,Industrial Specialties
INGR,Ingredion Incorporated Common Stock,$107.43,-1.06,-0.977%,6894953013.00,United States,,632485,Consumer Staples,Packaged Foods
INHD,Inno Holdings Inc. Common Stock,$1.07,0.04,3.883%,8290876.00,United States,2023,111534,Industrials,Steel/Iron Ore
INKT,MiNK Therapeutics Inc. Common Stock,$13.775,0.545,4.119%,62303319.00,United States,2021,38293,Health Care,Biotechnology: Biological Products (No Diagnostic Substances)
INLF,INLIF LIMITED Class A Ordinary Shares,$0.736,0.0046,0.629%,10672000.00,China,2025,32008,Industrials,Industrial Machinery/Components
INLX,Intellinetics Inc. Common Stock,$9.19,0.14,1.547%,41163140.00,,2022,413,Technology,Computer Software: Prepackaged Software
INM,InMed Pharmaceuticals Inc. Common Shares,$1.62,0.02,1.25%,4542781.00,Canada,,34982,Health Care,Biotechnology: Pharmaceutical Preparations
INMB,INmune Bio Inc. Common stock,$1.58,-0.05,-3.067%,42004708.00,United States,2019,319025,Health Care,Biotechnology: Biological Products (No Diagnostic Substances)
INMD,InMode Ltd. Ordinary Shares,$14.60,0.15,1.038%,1015556582.00,Israel,2019,473344,Health Care,Biotechnology: Electromedical & Electrotherapeutic Apparatus
INN,Summit Hotel Properties Inc. Common Stock,$5.75,0.17,3.047%,625617394.00,United States,2011,793665,Real Estate,Real Estate Investment Trusts
INN^E,Summit Hotel Properties Inc. 6.250% Series E Cumulative Redeemable Preferred Stock,$19.972,0.297,1.51%,,United States,,2656,,
INN^F,Summit Hotel Properties Inc. 5.875% Series F Cumulative Redeemable Preferred Stock $0.01 par value per share,$20.45,0.34,1.691%,,United States,,123,,
INNV,InnovAge Holding Corp. Common Stock,$5.05,-0.24,-4.537%,685191227.00,United States,2021,217778,Health Care,Medical/Nursing Services
INO,Inovio Pharmaceuticals Inc. Common Stock,$2.15,0.03,1.415%,114256721.00,United States,,1008846,Health Care,Medical/Dental Instruments
INOD,Innodata Inc. Common Stock,$68.54,3.44,5.284%,2183749582.00,United States,1993,1982973,Technology,EDP Services
INR,Infinity Natural Resources Inc. Class A Common Stock,$11.67,0.16,1.39%,710427460.00,United States,2025,305515,Energy,Oil & Gas Production
INSE,Inspired Entertainment Inc. Common Stock,$8.34,0.21,2.583%,224570079.00,United States,2014,57153,Technology,Computer Software: Prepackaged Software
INSG,Inseego Corp. Common Stock,$13.53,-0.73,-5.119%,203530708.00,United States,,291674,Telecommunications,Telecommunications Equipment
INSM,Insmed Incorporated Common Stock,$191.92,2.22,1.17%,40931444170.00,United States,,2080644,Health Care,Biotechnology: Pharmaceutical Preparations
INSP,Inspire Medical Systems Inc. Common Stock,$86.07,4.28,5.233%,2500887274.00,United States,2018,1128404,Health Care,Medical/Dental Instruments
INSW,International Seaways Inc. Common Stock ,$53.63,0.32,0.60%,2649028698.00,United States,2016,545840,Consumer Discretionary,Marine Transportation
INTA,Intapp Inc. Common Stock,$40.19,2.07,5.43%,3292625271.00,United States,2021,971363,Technology,Computer Software: Prepackaged Software
INTC,Intel Corporation Common Stock,$38.45,0.32,0.839%,168295650000.00,United States,,77653517,Technology,Semiconductors
INTG,Intergroup Corporation (The) Common Stock,$36.88,0.83,2.302%,79454456.00,United States,,6286,Real Estate,Building operators
INTJ,Intelligent Group Limited Class A Ordinary Shares ,$0.5595,0.0118,2.154%,17204625.00,Hong Kong,2024,38939,Consumer Discretionary,Professional Services
INTR,Inter & Co. Inc. Class A Common Shares,$9.60,0.14,1.48%,4221160042.00,Brazil,,1970839,Finance,Commercial Banks
INTS,Intensity Therapeutics Inc. Common stock,$0.4207,-0.0344,-7.559%,25269331.00,United States,2023,4510446,Health Care,Biotechnology: Biological Products (No Diagnostic Substances)
INTT,inTest Corporation Common Stock,$8.17,0.52,6.797%,101989648.00,United States,1997,45530,Industrials,Electrical Products
INTU,Intuit Inc. Common Stock,$653.27,4.42,0.681%,182134942350.00,United States,1993,1530464,Technology,Computer Software: Prepackaged Software
INTZ,Intrusion Inc. Common Stock,$1.79,0.12,7.186%,35621077.00,United States,,178991,Telecommunications,Computer Communications Equipment
INUV,Inuvo Inc.,$2.51,0.04,1.619%,36659993.00,United States,,50901,Consumer Discretionary,Advertising
INV,Innventure Inc. Common Stock,$4.27,0.18,4.401%,239229116.00,United States,,1710758,Finance,Blank Checks
INVA,Innoviva Inc. Common Stock,$20.87,0.01,0.048%,1560430324.00,United States,2004,1389040,Health Care,Biotechnology: Pharmaceutical Preparations
INVE,Identiv Inc. Common Stock,$3.83,0.05,1.323%,90854594.00,United States,,89039,Technology,Computer peripheral equipment
INVH,Invitation Homes Inc. Common Stock,$28.04,0.03,0.107%,17189097316.00,United States,2017,4685537,Finance,Real Estate
INVX,Innovex International Inc. Common Stock,$20.75,0.72,3.595%,1430251663.00,United States,,381382,Consumer Discretionary,Oil and Gas Field Machinery
INVZ,Innoviz Technologies Ltd. Ordinary shares,$1.67,0.00,0.00%,332266468.00,Israel,,5400013,Consumer Discretionary,Auto Parts:O.E.M.
INVZW,Innoviz Technologies Ltd. Warrant,$0.048,-0.0019,-3.808%,9550174.00,Israel,,69408,Consumer Discretionary,Auto Parts:O.E.M.
IOBT,IO Biotech Inc. Common Stock,$0.8757,-0.026,-2.883%,57691916.00,Denmark,2021,1078420,Health Care,Biotechnology: Pharmaceutical Preparations
IONQ,IonQ Inc. Common Stock,$55.37,-3.90,-6.58%,19616460954.00,United States,2021,26914551,Technology,EDP Services
IONR,ioneer Ltd American Depositary Shares,$4.25,0.00,0.00%,248428285.00,Australia,,573639,Industrials,Mining & Quarrying of Nonmetallic Minerals (No Fuels)
IONS,Ionis Pharmaceuticals Inc. Common Stock,$69.54,-4.01,-5.452%,11263699289.00,United States,,4398850,Health Care,Biotechnology: Pharmaceutical Preparations
IOR,Income Opportunity Realty Investors Inc. Common Stock,$19.0743,1.2742,7.158%,77559499.00,United States,1987,1397,Real Estate,Real Estate Investment Trusts
IOSP,Innospec Inc. Common Stock,$75.07,-1.39,-1.818%,1860053081.00,United States,,200724,Industrials,Major Chemicals
IOT,Samsara Inc. Class A Common Stock,$39.83,1.00,2.575%,22847867592.00,United States,2021,3969062,Technology,EDP Services
IOTR,iOThree Limited Ordinary Shares,$3.73,0.827,28.488%,95674500.00,Singapore,2025,212109,Consumer Discretionary,Telecommunications Equipment
IOVA,Iovance Biotherapeutics Inc. Common Stock,$2.37,0.07,3.043%,940814089.00,United States,,23975728,Health Care,Biotechnology: Biological Products (No Diagnostic Substances)
IP,International Paper Company Common Stock,$37.93,-0.17,-0.446%,20028493364.00,United States,,5066881,Basic Materials,Paper
IPAR,Interparfums Inc. Common Stock,$87.04,-0.34,-0.389%,2790913925.00,United States,,302005,Consumer Discretionary,Package Goods/Cosmetics
IPCX,Inflection Point Acquisition Corp. III Class A Ordinary Shares,$10.20,0.00,0.00%,0.00,United States,2025,3330,,
IPCXR,Inflection Point Acquisition Corp. III Rights,$0.4462,0.0214,5.038%,0.00,United States,2025,221895,,
IPCXU,Inflection Point Acquisition Corp. III Units,$10.545,0.00,0.00%,0.00,United States,2025,13,Finance,Blank Checks
IPDN,Professional Diversity Network Inc. Common Stock,$2.42,-0.05,-2.024%,6049233.00,United States,2013,93611,Technology,Computer Software: Programming Data Processing
IPG,Interpublic Group of Companies Inc. (The) Common Stock,$24.98,-0.48,-1.885%,9149334422.00,United States,,7188084,Consumer Discretionary,Advertising
IPGP,IPG Photonics Corporation Common Stock,$86.57,-1.37,-1.558%,3646716320.00,United States,2006,238325,Technology,Semiconductors
IPHA,Innate Pharma S.A. ADS,$2.30,0.5248,29.563%,211961440.00,France,2019,10562016,Health Care,Biotechnology: Biological Products (No Diagnostic Substances)
IPI,Intrepid Potash Inc Common Stock,$26.28,1.07,4.244%,352859773.00,United States,2008,315795,Industrials,Mining & Quarrying of Nonmetallic Minerals (No Fuels)
IPM,Intelligent Protection Management Corp. Common Stock ,$1.98,0.04,2.062%,18289234.00,United States,,29395,Real Estate,Real Estate
IPOD,Dune Acquisition Corporation II Class A Ordinary Shares,$10.19,0.00,0.00%,0.00,United States,2025,17081,Finance,Blank Checks
IPODW,Dune Acquisition Corporation II Warrants,$0.32,0.00,0.00%,0.00,United States,2025,41,Finance,Blank Checks
IPSC,Century Therapeutics Inc. Common Stock,$0.5485,0.0137,2.562%,47384420.00,United States,2021,535674,Health Care,Biotechnology: Biological Products (No Diagnostic Substances)
IPST,Heritage Distilling Holding Company Inc. Common Stock,$11.30,1.59,16.375%,103667940.00,United States,2024,30944,Consumer Staples,Beverages (Production/Distribution)
IPW,iPower Inc. Common Stock,$10.14,0.40,4.107%,10644871.00,United States,2021,120049,Consumer Discretionary,RETAIL: Building Materials
IPWR,Ideal Power Inc. Common Stock,$5.04,0.00,0.00%,42829991.00,United States,2013,25766,Technology,Semiconductors
IPX,IperionX Limited American Depositary Share,$38.03,1.52,4.163%,1216685614.00,United States,,183841,Basic Materials,Other Metals and Minerals
IQ,iQIYI Inc. American Depositary Shares,$2.20,0.06,2.804%,2118509466.00,China,2018,11280252,Consumer Discretionary,Consumer Electronics/Video Chains
IQI,Invesco Quality Municipal Income Trust Common Stock,$9.99,0.02,0.201%,528309132.00,United States,,65711,Finance,Finance Companies
IQST,iQSTEL Inc. Common Stock,$4.82,-0.08,-1.633%,17387027.00,United States,,58510,Telecommunications,Telecommunications Equipment
IQV,IQVIA Holdings Inc. Common Stock,$213.05,2.59,1.231%,36282415000.00,United States,2013,1061208,Health Care,Biotechnology: Commercial Physical & Biological Resarch
IR,Ingersoll Rand Inc. Common Stock,$77.25,-0.25,-0.323%,30522278014.00,United States,2017,2764762,Industrials,Industrial Machinery/Components
IRBT,iRobot Corporation Common Stock,$2.33,0.13,5.909%,74155053.00,United States,2005,3479791,Consumer Discretionary,Consumer Electronics/Appliances
IRD,Opus Genetics Inc. Common Stock,$1.97,-0.03,-1.50%,118018868.00,United States,,611026,Health Care,Biotechnology: Pharmaceutical Preparations
IRDM,Iridium Communications Inc Common Stock,$16.49,-0.29,-1.728%,1727256329.00,United States,,1785183,Telecommunications,Telecommunications Equipment
IREN,IREN Limited Ordinary Shares,$60.17,-2.21,-3.543%,17056118533.00,Australia,2021,39689555,Technology,EDP Services
IRIX,IRIDEX Corporation Common Stock,$1.10,0.045,4.265%,18691478.00,United States,1996,66880,Health Care,Biotechnology: Electromedical & Electrotherapeutic Apparatus
IRM,Iron Mountain Incorporated (Delaware)Common Stock REIT,$102.33,-1.79,-1.719%,30247672614.00,United States,,1776533,Real Estate,Real Estate Investment Trusts
IRMD,iRadimed Corporation Common Stock,$86.07,1.74,2.063%,1094909897.00,United States,2014,75247,Health Care,Medical/Dental Instruments
IRON,Disc Medicine Inc. Common Stock,$83.58,-0.27,-0.322%,3155158540.00,United States,,334520,Health Care,Biotechnology: Pharmaceutical Preparations
IROQ,IF Bancorp Inc. Common Stock,$25.81,-0.005,-0.019%,86502886.00,United States,2011,3940,Finance,Savings Institutions
IRS,IRSA Inversiones Y Representaciones S.A. Global Depositary Shares (Each representing ten shares of Common Stock),$15.05,0.06,0.40%,1147593789.00,Argentina,,140354,Real Estate,Homebuilding
IRT,Independence Realty Trust Inc. Common Stock,$16.31,-0.16,-0.971%,3899932736.00,United States,2013,2229643,Real Estate,Real Estate Investment Trusts
IRTC,iRhythm Technologies Inc. Common Stock,$176.30,1.70,0.974%,5680234911.00,United States,2016,419891,Health Care,Medical/Dental Instruments
IRWD,Ironwood Pharmaceuticals Inc. Class A Common Stock,$2.53,0.61,31.771%,410958349.00,United States,2010,20154102,Health Care,Biotechnology: Pharmaceutical Preparations
ISBA,Isabella Bank Corporation Common stock,$40.20,1.60,4.145%,295868422.00,United States,,24178,Finance,Major Banks
ISD,PGIM High Yield Bond Fund Inc.,$14.49,-0.02,-0.138%,0.00,United States,2012,102883,Finance,Trusts Except Educational Religious and Charitable
ISOU,IsoEnergy Ltd. Common Shares,$8.88,0.83,10.311%,486570152.00,,2025,106736,,
ISPC,iSpecimen Inc. Common Stock,$0.6441,0.0062,0.972%,3567892.00,United States,2021,69655,Health Care,Biotechnology: Commercial Physical & Biological Resarch
ISPO,Inspirato Incorporated Class A Common Stock,$2.43,-0.04,-1.619%,30689685.00,United States,2021,34464,Finance,Blank Checks
ISPOW,Inspirato Incorporated Warrant,$0.0118,0.0001,0.855%,149028.00,United States,2021,4604,Finance,Blank Checks
ISPR,Ispire Technology Inc. Common Stock,$1.60,0.105,7.023%,91663782.00,United States,2023,45539,Health Care, Medicinal Chemicals and Botanical Products 
ISRG,Intuitive Surgical Inc. Common Stock,$576.20,16.20,2.893%,206554162757.00,United States,2000,3069618,Health Care,Industrial Specialties
ISRL,Israel Acquisitions Corp Class A Ordinary Shares,$12.35,-0.05,-0.403%,0.00,United States,2023,704,Finance,Blank Checks
ISRLW,Israel Acquisitions Corp Warrant,$0.23,0.03,15.00%,0.00,United States,2023,10771,Finance,Blank Checks
ISSC,Innovative Solutions and Support Inc. Common Stock,$8.83,0.00,0.00%,155656679.00,United States,2000,216540,Technology,EDP Services
ISTR,Investar Holding Corporation Common Stock,$23.78,0.01,0.042%,233292144.00,United States,2014,29355,Finance,Major Banks
IT,Gartner Inc. Common Stock,$228.64,-1.93,-0.837%,16479718433.00,United States,1993,863057,Consumer Discretionary,Other Consumer Services
ITGR,Integer Holdings Corporation Common Stock,$68.76,0.50,0.732%,2409242172.00,United States,,620906,Health Care,Biotechnology: Electromedical & Electrotherapeutic Apparatus
ITIC,Investors Title Company Common Stock,$277.26,-0.31,-0.112%,523348767.00,United States,,20001,Finance,Specialty Insurers
ITP,IT Tech Packaging Inc. Common Stock,$0.2583,0.0018,0.702%,4382168.00,China,,761625,Consumer Discretionary,Containers/Packaging
ITRG,Integra Resources Corp. Common Shares,$3.11,0.35,12.681%,525595567.00,,,9083516,Basic Materials,Precious Metals
ITRI,Itron Inc. Common Stock,$100.91,-4.38,-4.16%,4621816348.00,United States,1993,1111174,Industrials,Electrical Products
ITRM,Iterum Therapeutics plc Ordinary Share,$0.5986,-0.0063,-1.041%,26731624.00,Ireland,2018,579899,Health Care,Biotechnology: Pharmaceutical Preparations
ITRN,Ituran Location and Control Ltd. Ordinary Shares,$38.11,-0.30,-0.781%,758144334.00,Israel,2005,48133,Technology,Electronic Components
ITT,ITT Inc. Common Stock ,$191.05,2.86,1.52%,14901900000.00,United States,2011,384271,Industrials,Fluid Controls
ITUB,Itau Unibanco Banco Holding SA American Depositary Shares (Each repstg 500 Preferred shares),$7.63,0.06,0.793%,74591677449.00,Brazil,,13846635,Finance,Major Banks
ITW,Illinois Tool Works Inc. Common Stock,$244.27,-1.22,-0.497%,70862727000.00,United States,,1069137,Industrials,Industrial Machinery/Components
IVA,Inventiva S.A. American Depository Shares,$3.75,-0.26,-6.484%,358733966.00,France,2020,203315,Health Care,Biotechnology: Pharmaceutical Preparations
IVDA,Iveda Solutions Inc. Common Stock,$0.895,0.015,1.705%,2601520.00,United States,,113962,Technology,Computer Software: Prepackaged Software
IVDAW,Iveda Solutions Inc. Warrant,$0.12,0.015,14.286%,348807.00,United States,,2937,Technology,Computer Software: Prepackaged Software
IVF,INVO Fertility Inc. Common Stock,$0.55,0.0112,2.079%,2399659.00,United States,,1095188,Health Care,Medical/Dental Instruments
IVP,Inspire Veterinary Partners Inc. Class A Common Stock,$0.7224,-0.015,-2.034%,2607347.00,United States,2023,22306,Consumer Staples,Farming/Seeds/Milling
IVR,INVESCO MORTGAGE CAPITAL INC Common Stock,$7.72,-0.05,-0.644%,547699808.00,United States,2009,1116250,Real Estate,Real Estate Investment Trusts
IVR^C,INVESCO MORTGAGE CAPITAL INC 7.5% Fixed-to-Floating Series C Cumulative Redeemable Preferred Stock Liquation Preference $25.00 per Share,$24.71,0.00,0.00%,,United States,,6626,,
IVT,InvenTrust Properties Corp. Common Stock,$27.24,-0.26,-0.945%,2114351911.00,United States,2021,550864,Real Estate,Real Estate Investment Trusts
IVVD,Invivyd Inc. Common Stock,$1.61,0.025,1.577%,375327763.00,United States,2021,1957905,Health Care,Biotechnology: Biological Products (No Diagnostic Substances)
IVZ,Invesco Ltd Common Stock,$23.64,0.27,1.155%,10521996156.00,United States,,3182498,Finance,Investment Managers
IX,ORIX Corporation American Depositary Shares,$25.26,0.22,0.879%,29376426283.00,Japan,,85803,Finance,Diversified Financial Services
IXHL,Incannex Healthcare Inc. Common Stock,$0.3622,0.0138,3.961%,125938935.00,Australia,,9471814,Health Care,Biotechnology: Pharmaceutical Preparations
IZEA,IZEA Worldwide Inc. Common Stock,$5.09,-0.05,-0.973%,86573657.00,United States,,124605,Consumer Discretionary,Advertising
IZM,ICZOOM Group Inc. Class A Ordinary Shares,$1.04,-0.34,-24.638%,12498834.00,China,2023,259122,Consumer Discretionary,Consumer Electronics/Video Chains
J,Jacobs Solutions Inc. Common Stock,$154.28,0.92,0.60%,18442086437.00,United States,2022,491938,Industrials,Military/Government/Technical
JACK,Jack In The Box Inc. Common Stock,$15.64,-1.41,-8.27%,295322550.00,United States,,1668454,Consumer Discretionary,Restaurants
JACS,Jackson Acquisition Company II Class A Ordinary Shares,$10.415,-0.02,-0.192%,0.00,,2025,376,,
JAGX,Jaguar Health Inc. Common Stock,$1.68,-0.10,-5.618%,3653748.00,United States,2015,157572,Health Care,Biotechnology: Pharmaceutical Preparations
JAKK,JAKKS Pacific Inc. Common Stock,$17.00,0.22,1.311%,191581993.00,United States,1996,148382,Consumer Discretionary,Recreational Games/Products/Toys
JAMF,Jamf Holding Corp. Common Stock,$12.87,0.00,0.00%,1709608432.00,United States,2020,5791963,Technology,Computer Software: Prepackaged Software
JANX,Janux Therapeutics Inc. Common Stock,$27.59,1.11,4.192%,1659477995.00,United States,2021,638874,Health Care,Biotechnology: Pharmaceutical Preparations
JAZZ,Jazz Pharmaceuticals plc Common Stock (Ireland),$133.19,2.03,1.548%,8093305800.00,Ireland,2007,1411972,Health Care,Biotechnology: Pharmaceutical Preparations
JBDI,JBDI Holdings Limited Ordinary Shares,$1.21,0.13,12.037%,23025167.00,Singapore,2024,40259,,
JBGS,JBG SMITH Properties Common Shares ,$18.18,-0.50,-2.677%,1075915998.00,United States,2017,522455,Real Estate,Real Estate Investment Trusts
JBHT,J.B. Hunt Transport Services Inc. Common Stock,$168.48,-2.48,-1.451%,16042386934.00,United States,,1134322,Industrials,Trucking Freight/Courier Services
JBI,Janus International Group Inc. Common Stock,$6.46,-0.27,-4.012%,896812032.00,United States,2021,2057746,Industrials,Building Products
JBIO,Jade Biosciences Inc. Common Stock,$9.28,0.09,0.979%,302776054.00,United States,2021,144930,Health Care,Biotechnology: Pharmaceutical Preparations
JBL,Jabil Inc. Common Stock,$219.26,5.55,2.597%,23425154511.00,United States,1993,1019515,Technology,Electrical Products
JBLU,JetBlue Airways Corporation Common Stock,$4.41,-0.01,-0.226%,1603964275.00,United States,2002,20452838,Consumer Discretionary,Air Freight/Delivery Services
JBS,JBS N.V. Class A Common Shares,$13.10,0.13,1.002%,29057324447.00,,2025,6942718,Consumer Staples,Meat/Poultry/Fish
JBSS,John B. Sanfilippo & Son Inc. Common Stock,$67.45,-0.17,-0.251%,785405270.00,United States,1991,55114,Consumer Staples,Specialty Foods
JBTM,JBT Marel Corporation Common Stock,$142.24,0.94,0.665%,7392407953.00,United States,,512332,Industrials,Industrial Machinery/Components
JCAP,Jefferson Capital Inc. Common Stock,$20.215,0.765,3.933%,1177853396.00,United States,2025,97585,Finance,Finance Companies
JCE,Nuveen Core Equity Alpha Fund Common Shares of Beneficial Interest,$15.93,0.23,1.465%,0.00,United States,2007,24607,Finance,Trusts Except Educational Religious and Charitable
JCI,Johnson Controls International plc Ordinary Share,$122.58,0.33,0.27%,80214567235.00,Switzerland,,5589207,Industrials,Industrial Machinery/Components
JCSE,JE Cleantech Holdings Limited Ordinary Shares,$1.14,-0.0001,-0.009%,5996696.00,Singapore,2022,1443,Consumer Discretionary,Miscellaneous manufacturing industries
JCTC,Jewett-Cameron Trading Company Common Shares,$2.61,-0.07,-2.612%,9182291.00,United States,,56229,Consumer Discretionary,RETAIL: Building Materials
JD,JD.com Inc. American Depositary Shares,$31.41,-0.38,-1.195%,45647979397.00,China,2014,13925563,Consumer Discretionary,Other Specialty Stores
JDZG,JIADE LIMITED Class A Ordinary Shares,$1.86,-0.02,-1.064%,5704499.00,China,2024,17113,Real Estate,Other Consumer Services
JEF,Jefferies Financial Group Inc. Common Stock,$55.81,1.30,2.385%,11512503320.00,United States,,1835214,Finance,Investment Bankers/Brokers/Service
JELD,JELD-WEN Holding Inc. Common Stock,$2.30,-0.29,-11.197%,196488333.00,United States,2017,2960966,Basic Materials,Forest Products
JEM,707 Cayman Holdings Limited Ordinary Shares,$0.2973,0.002,0.677%,6525735.00,China,2025,394130,Consumer Discretionary,Clothing/Shoe/Accessory Stores
JENA,Jena Acquisition Corporation II Class A Ordinary Shares,$10.20,0.00,0.00%,0.00,,2025,26,,
JFB,JFB Construction Holdings Class A Common Stock,$17.74,0.99,5.91%,168475006.00,United States,2025,20712,Consumer Discretionary,General Bldg Contractors - Nonresidential Bldgs
JFBR,Jeffs' Brands Ltd Ordinary Shares,$2.23,-0.03,-1.327%,1234049.00,Israel,2022,237173,Consumer Discretionary,Other Specialty Stores
JFBRW,Jeffs' Brands Ltd Warrant,$0.0238,-0.001,-4.032%,13171.00,Israel,2022,5598,Consumer Discretionary,Other Specialty Stores
JFIN,Jiayin Group Inc. American Depositary Shares,$9.36,0.34,3.769%,499538951.00,China,2019,56073,Finance,Finance: Consumer Services
JFR,Nuveen Floating Rate Income Fund Common Stock,$7.99,0.05,0.63%,0.00,United States,2004,783277,Finance,Trusts Except Educational Religious and Charitable
JFU,9F Inc. American Depositary Shares,$4.70,-0.24,-4.858%,55334665.00,China,2019,4974,Finance,Finance: Consumer Services
JG,Aurora Mobile Limited American Depositary Shares,$6.485,0.305,4.935%,39403839.00,China,2018,678,Technology,Computer Software: Programming Data Processing
JGH,Nuveen Global High Income Fund Common Shares of Beneficial Interest,$12.81,0.11,0.866%,0.00,United States,2014,164553,Finance,Investment Managers
JHG,Janus Henderson Group plc Ordinary Shares,$43.77,-0.20,-0.455%,6761432378.00,United Kingdom,2017,868541,Finance,Investment Managers
JHI,John Hancock Investors Trust Common Stock,$13.77,-0.03,-0.217%,120412412.00,United States,,20419,Finance,Trusts Except Educational Religious and Charitable
JHS,John Hancock Income Securities Trust Common Stock,$11.51,0.00,0.00%,134052193.00,United States,,3891,Finance,Finance Companies
JHX,James Hardie Industries plc. Ordinary Shares,$17.40,0.01,0.058%,7478846789.00,Ireland,2025,5583087,Industrials,Building Materials
JILL,J. Jill Inc. Common Stock,$15.40,0.23,1.516%,234506903.00,United States,2017,42304,Consumer Discretionary,Apparel
JJSF,J & J Snack Foods Corp. Common Stock,$81.88,0.04,0.049%,1594016586.00,United States,1986,357568,Consumer Staples,Specialty Foods
JKHY,Jack Henry & Associates Inc. Common Stock,$162.61,1.81,1.126%,11849615915.00,United States,1985,850694,Technology,EDP Services
JKS,JinkoSolar Holding Company Limited American Depositary Shares (each representing 4 Common Shares),$29.66,1.46,5.177%,1565182670.00,China,2010,953744,Technology,Semiconductors
JL,J-Long Group Limited Class A Ordinary Shares,$4.45,0.16,3.73%,16739569.00,Hong Kong,2024,14838,Consumer Discretionary,Clothing/Shoe/Accessory Stores
JLHL,Julong Holding Limited Class A Ordinary Shares,$3.95,0.095,2.464%,83981471.00,China,2025,176495,Consumer Discretionary,Military/Government/Technical
JLL,Jones Lang LaSalle Incorporated Common Stock,$299.77,0.21,0.07%,14147534235.00,United States,,301561,Finance,Real Estate
JLS,Nuveen Mortgage and Income Fund,$18.76,0.00,0.00%,0.00,United States,2009,28187,Finance,Investment Managers
JMIA,Jumia Technologies AG American Depositary Shares each representing two Ordinary Shares,$11.42,0.53,4.867%,1398525462.00,,2019,2900629,Consumer Discretionary,Catalog/Specialty Distribution
JMM,Nuveen Multi-Market Income Fund (MA),$6.13,0.04,0.657%,0.00,United States,,7683,Finance,Trusts Except Educational Religious and Charitable
JMSB,John Marshall Bancorp Inc. Common Stock,$19.40,-1.20,-5.825%,295394488.00,United States,,16711,Finance,Major Banks
JNJ,Johnson & Johnson Common Stock,$188.41,1.84,0.986%,453755126874.00,United States,,5323786,Health Care,Biotechnology: Pharmaceutical Preparations
JOB,GEE Group Inc. Common Stock,$0.1857,0.003,1.642%,20318039.00,United States,1968,240013,Consumer Discretionary,Diversified Commercial Services
JOBY,Joby Aviation Inc. Common Stock,$15.77,0.87,5.839%,14378820638.00,United States,2020,44115369,Industrials,Aerospace
JOE,St. Joe Company (The) Common Stock,$58.75,0.23,0.393%,3392491138.00,United States,,121012,Real Estate,Homebuilding
JOF,Japan Smaller Capitalization Fund Inc Common Stock,$10.35,0.08,0.779%,0.00,United States,1990,36247,Finance,Trusts Except Educational Religious and Charitable
JOUT,Johnson Outdoors Inc. Class A Common Stock,$38.66,-0.30,-0.77%,400991688.00,United States,,37957,Consumer Discretionary,Recreational Games/Products/Toys
JOYY,JOYY Inc. American Depositary Shares,$60.94,1.44,2.42%,3151938192.00,Singapore,2012,214511,Technology,EDP Services
JPC,Nuveen Preferred & Income Opportunities Fund,$8.15,0.03,0.369%,0.00,United States,2003,871691,Finance,Investment Managers
JPM,JP Morgan Chase & Co. Common Stock,$316.89,2.68,0.853%,862657698663.00,United States,,5794024,Finance,Major Banks
JPM^C,J P Morgan Chase & Co Depositary Shares each representing a 1/400th interest in a share of 6.00% Non-Cumulative  Preferred Stock Series EE,$25.33,0.03,0.119%,,United States,,86347,,
JPM^D,J P Morgan Chase & Co Depositary Shares each representing a 1/400th  interest in a share of 5.75% Non-Cumulative  Preferred Stock Series DD,$25.14,0.03,0.119%,,United States,,88916,,
JPM^J,J P Morgan Chase & Co Depositary Shares each representing a 1/400th interest in a share of JPMorgan Chase & Co. 4.75% Non-Cumulative Preferred Stock Series GG,$20.79,0.0618,0.298%,,United States,,68922,,
JPM^K,J P Morgan Chase & Co Depositary Shares each representing a 1/400th interest in a share of 4.55% Non-Cumulative Preferred Stock Series JJ,$19.88,0.16,0.811%,,United States,,73187,,
JPM^L,J P Morgan Chase & Co Depositary Shares each representing a 1/400th interest in a share of 4.625% Non-Cumulative Preferred Stock Series LL,$20.13,0.18,0.902%,,United States,,154705,,
JPM^M,J P Morgan Chase & Co Depositary Shares each representing a 1/400th interest in a share of 4.20% Non-Cumulative Preferred Stock Series MM,$18.80,0.0774,0.413%,,United States,,118061,,
JQC,Nuveen Credit Strategies Income Fund Shares of Beneficial Interest,$5.11,0.01,0.196%,0.00,United States,2003,521595,Finance,Finance Companies
JRI,Nuveen Real Asset Income and Growth Fund Common Shares of Beneficial Interest,$13.68,-0.06,-0.437%,0.00,United States,2012,121427,Finance,Finance Companies
JRS,Nuveen Real Estate Income Fund Common Shares of Beneficial Interest,$8.06,0.17,2.155%,0.00,United States,2001,128320,Finance,Finance/Investors Services
JRSH,Jerash Holdings (US) Inc. Common Stock,$3.26,0.00,0.00%,41401804.00,United States,2018,21776,Consumer Discretionary,Apparel
JRVR,James River Group Holdings Inc. Common Stock,$5.37,-0.14,-2.541%,246836555.00,Bermuda,2014,270473,Finance,Property-Casualty Insurers
JSM,Navient Corporation 6% Senior Notes due December 15 2043,$19.30,0.21,1.10%,1919019033.00,United States,,18194,Finance,Investment Bankers/Brokers/Service
JSPR,Jasper Therapeutics Inc. Common Stock,$1.78,0.00,0.00%,28930931.00,United States,2020,662593,Health Care,Biotechnology: Biological Products (No Diagnostic Substances)
JSPRW,Japer Therapeutics Inc. Warrants,$0.1398,0.0018,1.304%,2272216.00,United States,2020,1242,Health Care,Biotechnology: Biological Products (No Diagnostic Substances)
JTAI,Jet.AI Inc. Common Stock,$2.15,-0.02,-0.922%,7011700.00,United States,2021,64021,Consumer Discretionary,Transportation Services
JUNS,Jupiter Neurosciences Inc. Common Stock,$1.37,0.04,3.008%,47721324.00,United States,2024,87320,Health Care,Biotechnology: Pharmaceutical Preparations
JVA,Coffee Holding Co. Inc. Common Stock,$4.00,0.21,5.541%,22834396.00,United States,2005,52418,Consumer Staples,Packaged Foods
JWEL,Jowell Global Ltd. Ordinary Shares,$1.59,0.08,5.298%,3451055.00,China,2021,7602,Consumer Discretionary,Other Consumer Services
JXG,JX Luxventure Group Inc. Common Stock,$0.5705,0.0048,0.849%,2305363.00,China,2013,51866,Consumer Staples,Apparel
JXN,Jackson Financial Inc. Class A Common Stock ,$93.09,0.21,0.226%,6327314454.00,United States,2021,498825,Finance,Life Insurance
JXN^A,Jackson Financial Inc. Depositary Shares each representing a 1/1000th interest in a share of Fixed-Rate Reset Noncumulative Perpetual Preferred Stock Series A,$26.45,0.00,0.00%,,United States,,44685,,
JYD,Jayud Global Logistics Limited Class A Ordinary Shares,$3.53,-0.23,-6.117%,9650558.00,China,2023,49745,Industrials,Integrated Freight & Logistics
JYNT,The Joint Corp. Common Stock,$7.81,0.14,1.825%,119831774.00,United States,2014,154114,Miscellaneous,Multi-Sector Companies
JZ,Jianzhi Education Technology Group Company Limited American Depositary Shs,$1.4045,0.0045,0.321%,3958583.00,China,2022,757,Real Estate,Other Consumer Services
JZXN,Jiuzi Holdings Inc. Ordinary Shares,$0.2531,0.0051,2.056%,2786983.00,China,2021,776288,Consumer Discretionary,Retail-Auto Dealers and Gas Stations
K,Kellanova Common Stock,$83.32,-0.02,-0.024%,28989746648.00,United States,,2054105,Consumer Staples,Packaged Foods
KAI,Kadant Inc Common Stock,$265.96,-3.10,-1.152%,3132512785.00,United States,1992,103088,Industrials,Industrial Machinery/Components
KALA,KALA BIO Inc. Common Stock,$0.731,0.0171,2.395%,5132380.00,United States,2017,402520,Health Care,Biotechnology: Pharmaceutical Preparations
KALU,Kaiser Aluminum Corporation Common Stock,$95.29,0.76,0.804%,1544294039.00,United States,,152531,Industrials,Metal Fabrications
KALV,KalVista Pharmaceuticals Inc. Common Stock,$10.89,0.11,1.02%,550198454.00,United Kingdom,2015,846841,Health Care,Biotechnology: Pharmaceutical Preparations
KAPA,Kairos Pharma Ltd. Common Stock,$0.928,0.0754,8.844%,19250214.00,,2024,102952,Health Care,Biotechnology: Pharmaceutical Preparations
KAR,OPENLANE Inc. Common Stock,$24.91,-0.19,-0.757%,2647015988.00,United States,2009,983289,Consumer Discretionary,Retail-Auto Dealers and Gas Stations
KARO,Karooooo Ltd. Ordinary Shares,$45.78,2.41,5.557%,1414295274.00,Singapore,2021,67014,Technology,Computer Software: Prepackaged Software
KAVL,Kaival Brands Innovations Group Inc. Common Stock,$0.5207,-0.0128,-2.399%,6010077.00,United States,,167637,Consumer Discretionary,Other Consumer Services
KB,KB Financial Group Inc,$88.32,3.89,4.607%,32996415502.00,South Korea,,157661,Finance,Commercial Banks
KBDC,Kayne Anderson BDC Inc. Common Stock,$14.31,0.09,0.633%,1009956527.00,,2024,255131,,
KBH,KB Home Common Stock,$60.96,0.12,0.197%,3948055198.00,United States,1986,670019,Consumer Discretionary,Homebuilding
KBR,KBR Inc. Common Stock,$42.39,-0.23,-0.54%,5383090331.00,United States,2006,843413,Industrials,Military/Government/Technical
KBSX,FST Corp. Ordinary Shares,$1.51,0.01,0.667%,57001565.00,Taiwan,,5963,Consumer Discretionary,Recreational Games/Products/Toys
KC,Kingsoft Cloud Holdings Limited American Depositary Shares,$11.78,0.16,1.377%,3206346992.00,China,2020,886221,Technology,Computer Software: Prepackaged Software
KCHV,Kochav Defense Acquisition Corp. Class A Ordinary Shares,$10.12,0.00,0.00%,0.00,United States,2025,150,,
KCHVR,Kochav Defense Acquisition Corp. Right,$0.30,0.00,0.00%,0.00,United States,2025,82,Finance,Blank Checks
KCHVU,Kochav Defense Acquisition Corp. Units,$10.75,0.08,0.75%,0.00,United States,2025,1000,,
KD,Kyndryl Holdings Inc. Common Stock,$26.06,-0.30,-1.138%,5956386883.00,United States,2021,2305724,Technology,EDP Services
KDK,Kodiak AI Inc. Common Stock ,$7.98,0.19,2.439%,493640502.00,United States,,576817,Technology,EDP Services
KDKRW,Kodiak AI Inc. Warrants,$1.99,0.225,12.748%,123100827.00,United States,,24218,Technology,EDP Services
KDP,Keurig Dr Pepper Inc. Common Stock,$26.12,0.16,0.616%,35486191225.00,United States,,22569815,Consumer Staples,Beverages (Production/Distribution)
KE,Kimball Electronics Inc. Common Stock,$28.20,0.97,3.562%,686341837.00,United States,,225902,Technology,Electrical Products
KELYA,Kelly Services Inc. Class A Common Stock,$8.87,-0.76,-7.892%,313456983.00,United States,,1026923,Consumer Discretionary,Professional Services
KELYB,Kelly Services Inc. Class B Common Stock,$9.10,-1.96,-17.722%,321584955.00,United States,,2971,Consumer Discretionary,Professional Services
KEN,Kenon Holdings Ltd. Ordinary Shares,$55.52,2.86,5.431%,2895381436.00,Singapore,2015,10920,Utilities,Electric Utilities: Central
KEP,Korea Electric Power Corporation Common Stock,$16.01,0.75,4.915%,20555689746.00,South Korea,1994,412979,Utilities,Electric Utilities: Central
KEQU,Kewaunee Scientific Corporation Common Stock,$41.97,0.17,0.407%,120273177.00,United States,,7187,Industrials,Medical Specialities
KEX,Kirby Corporation Common Stock,$107.96,0.31,0.288%,6024168000.00,United States,,653520,Consumer Discretionary,Marine Transportation
KEY,KeyCorp Common Stock,$18.12,0.04,0.221%,19803702953.00,United States,,17118526,Finance,Major Banks
KEY^I,KeyCorp Depositary Shares Each Representing a 1/40th Ownership Interest in a Share of Fixed-to-Floating Rate Perpetual Non-Cumulative Preferred Stock Series E,$24.98,0.035,0.14%,,United States,,14815,,
KEY^J,KeyCorp Depositary Shares each representing a 1/40th ownership interest in a share of Fixed Rate Perpetual Non-Cumulative Preferred Stock Series F,$22.16,-0.04,-0.18%,,United States,,20087,,
KEY^K,KeyCorp Depositary Shares each representing a 1/40th ownership interest in a share of Fixed Rate Perpetual Non-Cumulative Preferred Stock Series G,$22.07,0.00,0.00%,,United States,,25206,,
KEY^L,KeyCorp Depositary Shares each representing a 1/40th ownership interest in a share of Fixed Rate Perpetual Non-Cumulative Preferred Stock Series H,$25.29,-0.01,-0.04%,,United States,,52906,,
KEYS,Keysight Technologies Inc. Common Stock,$183.51,2.64,1.46%,31537340254.00,United States,2014,1031136,Industrials,Industrial Machinery/Components
KF,Korea Fund Inc. (The) New Common Stock,$35.59,1.16,3.369%,0.00,United States,,42882,Finance,Investment Managers
KFFB,Kentucky First Federal Bancorp Common Stock,$4.10,0.1736,4.421%,33155532.00,United States,2005,2804,Finance,Savings Institutions
KFII,K&F Growth Acquisition Corp. II Class A Ordinary shares,$10.27,0.00,0.00%,0.00,United States,2025,37,,
KFIIR,K&F Growth Acquisition Corp. II Rights,$0.20,0.0099,5.208%,0.00,United States,2025,192,,
KFIIU,K&F Growth Acquisition Corp. II Unit,$10.38,0.00,0.00%,0.00,United States,2025,95,Finance,Blank Checks
KFRC,Kforce Inc. Common Stock,$30.10,-0.03,-0.10%,546044100.00,United States,1995,264065,Consumer Discretionary,Professional Services
KFS,Kingsway Financial Services Inc. Common Stock (DE),$13.46,0.44,3.379%,389749806.00,Canada,,157378,Finance,Property-Casualty Insurers
KFY,Korn Ferry Common Stock,$64.22,-0.28,-0.434%,3364549121.00,United States,1999,355713,Consumer Discretionary,Diversified Commercial Services
KG,Kestrel Group Ltd.,$18.43,0.01,0.054%,142684009.00,Bermuda,2008,19065,Finance,Property-Casualty Insurers
KGC,Kinross Gold Corporation Common Stock,$25.44,1.11,4.562%,30708624000.00,Canada,2001,10206214,Basic Materials,Precious Metals
KGEI,Kolibri Global Energy Inc. Common stock,$4.23,0.10,2.421%,149644004.00,United States,,70277,Energy,Oil & Gas Production
KGS,Kodiak Gas Services Inc. Common Stock,$34.08,0.33,0.978%,2954185949.00,United States,2023,1030901,Utilities,Natural Gas Distribution
KHC,The Kraft Heinz Company Common Stock,$24.38,0.10,0.412%,28857523016.00,United States,,23007933,Consumer Staples,Packaged Foods
KIDS,OrthoPediatrics Corp. Common Stock,$16.83,-0.18,-1.058%,422051464.00,United States,2017,180111,Health Care,Medical/Dental Instruments
KIDZ,Classover Holdings Inc. Class B Common Stock,$0.5411,-0.034,-5.912%,13321063.00,United States,,432515,Real Estate,Other Consumer Services
KIDZW,Classover Holdings Inc. Warrants,$0.0461,0.00,0.00%,1134912.00,United States,,132,Real Estate,Other Consumer Services
KIM,Kimco Realty Corporation (HC) Common Stock,$20.33,-0.21,-1.022%,13767376830.00,United States,,4419612,Real Estate,Real Estate Investment Trusts
KIM^L,Kimco Realty Corporation Class L Depositary Shares each of which represents a one-one thousandth fractional interest in a share of 5.125% Class L Cumulative Redeemable Preferred Stock liquidation preference $25000.00 per share,$20.78,0.14,0.678%,,United States,,5182,,
KIM^M,Kimco Realty Corporation Class M Depositary Shares each of which represents a one-one thousandth fractional interest in a share of 5.25% Class M Cumulative Redeemable Preferred Stock liquidation preference $25000.00 per share,$21.17,0.20,0.954%,,United States,,9277,,
KIM^N,Kimco Realty Corporation Depositary Shares each representing 1/1000th interest in a share of 7.25% Class N Cumulative Convertible Perpetual Preferred Stock,$58.37,0.00,0.00%,,United States,,28,,
KINS,Kingstone Companies Inc. Common Stock,$15.19,0.40,2.705%,214795775.00,United States,,182595,Finance,Property-Casualty Insurers
KIO,KKR Income Opportunities Fund Common Shares,$12.07,0.07,0.583%,0.00,United States,2013,133570,Finance,Investment Managers
KITT,Nauticus Robotics Inc. Common stock,$1.42,0.00,0.00%,6668895.00,United States,2021,258028,Industrials,Industrial Machinery/Components
KITTW,Nauticus Robotics Inc. Warrant,$0.0433,-0.0028,-6.074%,203354.00,United States,2021,41442,Industrials,Industrial Machinery/Components
KKR,KKR & Co. Inc. Common Stock,$120.11,-1.21,-0.997%,107011851360.00,United States,,5681293,Finance,Investment Managers
KKR^D,KKR & Co. Inc. 6.25% Series D Mandatory Convertible Preferred Stock,$49.90,-0.45,-0.894%,,United States,,19196,,
KKRS,KKR Group Finance Co. IX LLC 4.625% Subordinated Notes due 2061,$18.16,0.14,0.777%,16179628846.00,United States,2021,42226,Finance,Investment Managers
KKRT,KKR & Co. Inc. 6.875% Subordinated Notes due 2065,$26.08,0.19,0.734%,0.00,United States,2025,27639,Finance,Investment Managers
KLAC,KLA Corporation Common Stock,$1217.95,24.58,2.06%,160029298067.00,United States,1980,948134,Technology,Electronic Components
KLAR,Klarna Group plc Ordinary Shares,$36.70,0.53,1.465%,26385431860.00,,2025,950091,Finance,Finance: Consumer Services
KLC,KinderCare Learning Companies Inc. Common Stock,$5.21,-0.29,-5.273%,615421346.00,United States,2024,872244,Consumer Discretionary,Other Consumer Services
KLIC,Kulicke and Soffa Industries Inc. Common Stock,$39.20,0.77,2.004%,2044104619.00,Singapore,,278310,Technology,Semiconductors
KLRS,Kalaris Therapeutics Inc. Common Stock,$4.80,0.05,1.053%,89771606.00,United States,2020,122217,Health Care,Biotechnology: Biological Products (No Diagnostic Substances)
KLTO,Klotho Neurosciences Inc. Common Stock,$0.5477,0.0797,17.03%,33614778.00,United States,2022,1837191,Health Care,Biotechnology: Biological Products (No Diagnostic Substances)
KLTOW,Klotho Neurosciences Inc. Warrant,$0.15,0.00,0.00%,9206165.00,United States,2022,7684,Health Care,Biotechnology: Biological Products (No Diagnostic Substances)
KLTR,Kaltura Inc. Common Stock,$1.47,0.00,0.00%,227102498.00,United States,2021,1228039,Technology,Computer Software: Prepackaged Software
KLXE,KLX Energy Services Holdings Inc. Common Stock,$1.78,0.03,1.714%,31751863.00,United States,,49195,Energy,Oilfield Services/Equipment
KMB,Kimberly-Clark Corporation Common Stock,$103.09,-0.76,-0.732%,34211284621.00,United States,,7027736,Consumer Discretionary,Containers/Packaging
KMDA,Kamada Ltd. Ordinary Shares,$7.02,0.36,5.405%,403685318.00,Israel,2013,135121,Health Care,Biotechnology: Pharmaceutical Preparations
KMI,Kinder Morgan Inc. Common Stock,$27.06,0.51,1.921%,60202016153.00,United States,2011,12876138,Utilities,Natural Gas Distribution
KMPB,Kemper Corporation 5.875% Fixed-Rate Reset Junior Subordinated Debentures due 2062,$23.26,-0.18,-0.768%,1361799964.00,United States,2022,34714,Finance,Property-Casualty Insurers
KMPR,Kemper Corporation,$36.85,-0.17,-0.459%,2157451791.00,United States,,1094985,Finance,Property-Casualty Insurers
KMRK,K-Tech Solutions Company Limited Class A Ordinary Shares,$0.93,0.025,2.762%,18135000.00,Hong Kong,2025,19882,Consumer Discretionary,Recreational Games/Products/Toys
KMT,Kennametal Inc. Common Stock,$27.07,0.81,3.085%,2059841192.00,United States,,1010031,Industrials,Industrial Machinery/Components
KMTS,Kestra Medical Technologies Ltd. Common Stock,$26.42,0.20,0.763%,1359283980.00,United States,2025,186956,Health Care,Medical/Dental Instruments
KMX,CarMax Inc,$33.25,0.89,2.75%,4882597680.00,United States,,8020629,Consumer Discretionary,Retail-Auto Dealers and Gas Stations
KN,Knowles Corporation Common Stock,$22.63,0.05,0.221%,1926987135.00,United States,2014,700458,Consumer Staples,Consumer Electronics/Appliances
KNDI,Kandi Technologies Group Inc. Ordinary Shares,$1.09,0.00,0.00%,95220475.00,China,,46046,Industrials,Auto Manufacturing
KNF,Knife Riv Holding Co. Common Stock,$71.86,0.87,1.226%,4071886897.00,United States,2023,932227,Industrials,Mining & Quarrying of Nonmetallic Minerals (No Fuels)
KNOP,KNOT Offshore Partners LP Common Units representing Limited Partner Interests,$9.87,0.04,0.407%,336024949.00,United Kingdom,2013,141402,Consumer Discretionary,Marine Transportation
KNRX,KNOREX LTD. Class A Ordinary Shares,$1.3599,-0.0656,-4.602%,41372391.00,,2025,103726,Technology,Computer Software: Programming Data Processing
KNSA,Kiniksa Pharmaceuticals International plc Class A Ordinary Shares,$39.50,1.13,2.945%,2993932481.00,United States,2018,261543,Health Care,Biotechnology: Pharmaceutical Preparations
KNSL,Kinsale Capital Group Inc. Common Stock,$391.07,-7.12,-1.788%,9097628006.00,United States,,240518,Finance,Property-Casualty Insurers
KNTK,Kinetik Holdings Inc. Class A Common Stock,$33.96,-0.99,-2.833%,5487428162.00,United States,2022,1452602,Utilities,Natural Gas Distribution
KNX,Knight-Swift Transportation Holdings Inc.,$45.81,-0.51,-1.101%,7436749590.00,United States,2017,2770749,Industrials,Trucking Freight/Courier Services
KO,Coca-Cola Company (The) Common Stock,$70.52,-0.03,-0.043%,303349455749.00,United States,,15313459,Consumer Staples,Beverages (Production/Distribution)
KOD,Kodiak Sciences Inc Common Stock,$18.49,0.86,4.878%,976673030.00,United States,2018,450625,Health Care,Biotechnology: Biological Products (No Diagnostic Substances)
KODK,Eastman Kodak Company Common New,$8.65,0.86,11.04%,833860000.00,United States,,6038324,Consumer Discretionary,Industrial Machinery/Components
KOF,Coca Cola Femsa S.A.B. de C.V.  American Depositary Shares each representing 10 Units (each Unit consists of 3 Series B Shares and 5 Series L Shares),$88.57,-1.61,-1.785%,18607071327.00,Mexico,1993,107628,Consumer Staples,Beverages (Production/Distribution)
KOP,Koppers Holdings Inc. Common Stock,$27.70,1.00,3.745%,546120098.00,United States,2006,182217,Basic Materials,Forest Products
KOPN,Kopin Corporation Common Stock,$2.78,-0.06,-2.113%,452600269.00,United States,1992,4513822,Technology,Semiconductors
KORE,KORE Group Holdings Inc. Common Stock,$4.43,0.17,3.991%,77494313.00,United States,,106458,Telecommunications,Telecommunications Equipment
KOS,Kosmos Energy Ltd. Common Shares (DE),$1.51,0.05,3.425%,722273701.00,Bermuda,2011,10392623,Energy,Oil & Gas Production
KOSS,Koss Corporation Common Stock,$5.094,0.594,13.20%,48171095.00,United States,,71623,Consumer Staples,Consumer Electronics/Appliances
KOYN,CSLM Digital Asset Acquisition Corp III Class A Ordinary Shares,$9.98,0.00,0.00%,0.00,United States,2025,12807,,
KOYNU,CSLM Digital Asset Acquisition Corp III Units,$10.2207,0.0107,0.105%,0.00,United States,2025,1138,,
KOYNW,CSLM Digital Asset Acquisition Corp III Warrants,$0.51,0.04,8.511%,0.00,United States,2025,1000,,
KPLT,Katapult Holdings Inc. Common Stock,$6.87,-3.61,-34.447%,31392781.00,United States,2019,811034,Consumer Discretionary,Diversified Commercial Services
KPLTW,Katapult Holdings Inc. Warrant,$0.0054,-0.0015,-21.739%,24676.00,United States,2019,180550,Consumer Discretionary,Diversified Commercial Services
KPRX,Kiora Pharmaceuticals Inc.  Common Stock,$2.33,0.00,0.00%,8000034.00,United States,,22087,Health Care,Biotechnology: Pharmaceutical Preparations
KPTI,Karyopharm Therapeutics Inc. Common Stock,$5.44,0.28,5.426%,92756765.00,United States,2013,70238,Health Care,Biotechnology: Pharmaceutical Preparations
KR,Kroger Company (The) Common Stock,$64.44,-0.47,-0.724%,42702983981.00,United States,,4601603,Consumer Staples,Food Chains
KRC,Kilroy Realty Corporation Common Stock,$42.31,-1.17,-2.691%,5005514252.00,United States,1997,1155294,Real Estate,Real Estate Investment Trusts
KREF,KKR Real Estate Finance Trust Inc. Common Stock,$8.02,0.15,1.906%,526722579.00,United States,2017,1250440,Real Estate,Real Estate Investment Trusts
KREF^A,KKR Real Estate Finance Trust Inc. 6.50% Series A Cumulative Redeemable Preferred Stock,$19.32,-0.06,-0.31%,,United States,,17957,,
KRG,Kite Realty Group Trust Common Stock,$22.30,-0.19,-0.845%,4828083198.00,United States,2004,1663473,Real Estate,Real Estate Investment Trusts
KRKR,36Kr Holdings Inc. American Depositary Shares,$5.40,0.04,0.746%,212843392.00,China,2019,5011,Real Estate,Real Estate
KRMD,KORU Medical Systems Inc. Common Stock (DE),$3.92,0.02,0.513%,181241031.00,United States,,32955,Health Care,Medical/Dental Instruments
KRMN,Karman Holdings Inc. Common Stock,$72.31,1.63,2.306%,9568235275.00,United States,2025,1508535,Industrials,Military/Government/Technical
KRNT,Kornit Digital Ltd. Ordinary Shares,$12.91,-0.30,-2.271%,585178064.00,Israel,2015,397650,Industrials,Industrial Machinery/Components
KRNY,Kearny Financial Corp Common Stock,$6.42,0.03,0.469%,415625349.00,United States,2005,264691,Finance,Savings Institutions
KRO,Kronos Worldwide Inc Common Stock,$4.63,0.23,5.227%,532695927.00,United States,,530993,Basic Materials,Major Chemicals
KROS,Keros Therapeutics Inc. Common Stock,$17.04,0.84,5.185%,519141816.00,United States,2020,1880595,Health Care,Biotechnology: Pharmaceutical Preparations
KRP,Kimbell Royalty Partners Common Units Representing Limited Partner Interests,$13.51,0.12,0.896%,1457567258.00,United States,2017,487596,Energy,Oil & Gas Production
KRRO,Korro Bio Inc. Common Stock,$32.62,-1.22,-3.605%,306331256.00,United States,2019,104368,Health Care,Biotechnology: Pharmaceutical Preparations
KRT,Karat Packaging Inc. Common Stock,$22.11,-0.385,-1.711%,444250813.00,United States,2021,309201,Industrials,Plastic Products
KRUS,Kura Sushi USA Inc. Class A Common Stock,$48.11,-0.43,-0.886%,582683158.00,United States,2019,439545,Consumer Discretionary,Restaurants
KRYS,Krystal Biotech Inc. Common Stock,$199.53,1.60,0.808%,5785874966.00,United States,2017,294159,Health Care,Biotechnology: Biological Products (No Diagnostic Substances)
KSCP,Knightscope Inc. Class A Common Stock,$4.56,0.25,5.80%,46435114.00,United States,2022,369040,Telecommunications,Telecommunications Equipment
KSPI,Joint Stock Company Kaspi.kz American Depository Shares,$73.65,2.36,3.31%,13944409697.00,Kazakhstan,2024,892120,,
KSS,Kohl's Corporation Common Stock,$17.91,0.90,5.291%,2007257573.00,United States,1992,5763650,Consumer Discretionary,Department/Specialty Retail Stores
KT,KT Corporation Common Stock,$18.10,-0.11,-0.604%,8899152645.00,South Korea,,1372067,Telecommunications,Telecommunications Equipment
KTB,Kontoor Brands Inc. Common Stock ,$71.93,-0.25,-0.346%,3998848511.00,United States,2019,526062,Industrials,Garments and Clothing
KTCC,Key Tronic Corporation Common Stock,$2.955,0.035,1.199%,31836502.00,United States,1983,35084,Technology,Electrical Products
KTF,DWS Municipal Income Trust,$9.20,0.05,0.546%,363408630.00,United States,1988,72042,Finance,Finance Companies
KTH,Structures Products Cp 8% CorTS Issued by Peco Energy Cap Tr II Preferred Stock,$28.42,0.07,0.247%,0.00,United States,,234,Finance,Finance: Consumer Services
KTN,Structured Products Corp 8.205% CorTS 8.205% Corporate Backed Trust Securities (CorTS),$26.51,0.098,0.371%,0.00,United States,,144,Finance,Finance: Consumer Services
KTOS,Kratos Defense & Security Solutions Inc. Common Stock,$79.18,1.30,1.669%,13368807259.00,United States,,3788363,Industrials,Military/Government/Technical
KTTA,Pasithea Therapeutics Corp. Common Stock,$0.7311,0.0411,5.957%,5441999.00,United States,2021,66927,Health Care,Biotechnology: Pharmaceutical Preparations
KTTAW,Pasithea Therapeutics Corp. Warrant,$0.0199,0.00,0.00%,148127.00,United States,2021,40,Health Care,Biotechnology: Pharmaceutical Preparations
KULR,KULR Technology Group Inc. Common Stock,$3.02,-0.12,-3.822%,124147800.00,United States,,1699639,Technology,Electrical Products
KURA,Kura Oncology Inc. Common Stock,$10.32,0.46,4.665%,898020786.00,United States,,1149816,Health Care,Biotechnology: Pharmaceutical Preparations
KVAC,Keen Vision Acquisition Corporation Ordinary Shares,$11.6267,0.00,0.00%,0.00,United States,2023,4,,
KVACW,Keen Vision Acquisition Corporation Warrant,$0.067,-0.003,-4.286%,0.00,United States,2023,13008,,
KVHI,KVH Industries Inc. Common Stock,$5.35,-0.16,-2.904%,104716893.00,United States,1996,130958,Technology,Radio And Television Broadcasting And Communications Equipment
KVUE,Kenvue Inc. Common Stock,$16.77,-0.11,-0.652%,32128002391.00,United States,2023,43683592,Consumer Discretionary,Specialty Chemicals
KVYO,Klaviyo Inc. Series A Common Stock,$29.42,-1.10,-3.604%,8883230138.00,United States,2023,6421142,Technology,Computer Software: Prepackaged Software
KW,Kennedy-Wilson Holdings Inc. Common Stock,$9.46,0.06,0.638%,1304532061.00,United States,,1219529,Finance,Real Estate
KWM,K Wave Media Ltd. Ordinary Shares,$1.58,-0.08,-4.819%,99795960.00,Cayman Islands,,148574,Consumer Discretionary,Movies/Entertainment
KWMWW,K Wave Media Ltd. Warrant,$0.0739,0.00,0.00%,4667672.00,Cayman Islands,,255,Consumer Discretionary,Movies/Entertainment
KWR,Quaker Houghton Common Stock,$139.95,2.08,1.509%,2426737898.00,United States,,160164,Industrials,Major Chemicals
KXIN,Kaixin Holdings Ordinary Shares,$1.23,-0.53,-30.114%,13472590.00,China,2017,17023225,Consumer Discretionary,Retail-Auto Dealers and Gas Stations
KYIV,Kyivstar Group Ltd. Common Shares,$13.02,0.86,7.072%,3005843069.00,United Arab Emirates,,404281,Telecommunications,Telecommunications Equipment
KYIVW,Kyivstar Group Ltd. Warrant,$3.66,0.3301,9.913%,844960494.00,United Arab Emirates,,6461,Telecommunications,Telecommunications Equipment
KYMR,Kymera Therapeutics Inc. Common Stock,$61.26,2.60,4.432%,4407597394.00,United States,2020,665919,Health Care,Biotechnology: Biological Products (No Diagnostic Substances)
KYN,Kayne Anderson Energy Infrastructure Fund Inc.,$11.74,0.16,1.382%,1598184162.00,United States,2004,571269,Finance,Finance/Investors Services
KYTX,Kyverna Therapeutics Inc. Common Stock,$6.39,-0.19,-2.888%,276339812.00,United States,2024,417741,Health Care,Biotechnology: Biological Products (No Diagnostic Substances)
KZIA,Kazia Therapeutics Limited American Depositary Shares,$7.39,0.06,0.819%,10047629.00,Australia,,26409,Health Care,Biotechnology: Pharmaceutical Preparations
KZR,Kezar Life Sciences Inc. Common Stock,$6.19,0.15,2.483%,45330026.00,United States,2018,40249,Health Care,Biotechnology: Pharmaceutical Preparations
L,Loews Corporation Common Stock,$103.02,0.43,0.419%,21290068592.00,United States,,518156,Finance,Property-Casualty Insurers
LAB,Standard BioTools Inc. Common Stock,$1.17,0.04,3.54%,449941534.00,United States,2011,1442439,Industrials,Biotechnology: Laboratory Analytical Instruments
LAC,Lithium Americas Corp. Common Shares,$5.10,0.22,4.508%,1232480311.00,Canada,2023,21096033,Basic Materials,Metal Mining
LAD,Lithia Motors Inc. Common Stock,$294.27,1.00,0.341%,7136056328.00,United States,,194370,Consumer Discretionary,Retail-Auto Dealers and Gas Stations
LADR,Ladder Capital Corp Class A Common Stock,$10.55,-0.03,-0.284%,1343240665.00,United States,2014,564373,Real Estate,Real Estate Investment Trusts
LAES,SEALSQ Corp Ordinary Shares,$5.96,-0.20,-3.247%,622873050.00,Switzerland,,15213751,Technology,Semiconductors
LAFAU,LaFayette Acquisition Corp. Unit,$10.05,-0.03,-0.298%,0.00,France,2025,2820,,
LAKE,Lakeland Industries Inc. Common Stock,$16.23,0.29,1.819%,155331130.00,United States,1986,93759,Health Care,Industrial Specialties
LAMR,Lamar Advertising Company Class A Common Stock,$124.94,-1.41,-1.116%,12654383229.00,United States,1996,546715,Real Estate,Real Estate Investment Trusts
LAND,Gladstone Land Corporation Common Stock,$9.82,0.43,4.579%,365960300.00,United States,2013,660844,Real Estate,Real Estate Investment Trusts
LANDM,Gladstone Land Corporation 5.00% Series D Cumulative Term Preferred Stock,$24.91,0.01,0.04%,928316810.00,United States,,21847,Real Estate,Real Estate Investment Trusts
LANDO,Gladstone Land Corporation 6.00% Series B Cumulative Redeemable Preferred Stock,$19.825,0.0263,0.133%,738814964.00,United States,,13187,Real Estate,Real Estate Investment Trusts
LANDP,Gladstone Land Corporation 6.00% Series C Cumulative Redeemable Preferred Stock,$19.66,0.104,0.532%,732665937.00,United States,,19598,Real Estate,Real Estate Investment Trusts
LANV,Lanvin Group Holdings Limited Ordinary Shares,$2.03,0.09,4.639%,283744882.00,Cayman Islands,2022,49729,Consumer Discretionary,Apparel
LAR,Lithium Argentina AG Common Shares,$4.25,0.36,9.254%,689775000.00,Canada,2023,2928248,Basic Materials,Metal Mining
LARK,Landmark Bancorp Inc. Common Stock,$25.81,-0.06,-0.232%,149267283.00,United States,,13318,Finance,Major Banks
LASE,Laser Photonics Corporation Common Stock,$3.21,-0.11,-3.313%,45826442.00,United States,2022,218954,Miscellaneous,Industrial Machinery/Components
LASR,nLIGHT Inc. Common Stock,$36.47,2.31,6.762%,1819833343.00,United States,2018,1691514,Technology,Semiconductors
LATA,Galata Acquisition Corp. II Class A Ordinary Shares,$10.11,10.11,,0.00,United States,,19650,,
LATAU,Galata Acquisition Corp. II Units,$10.19,0.13,1.292%,0.00,United States,2025,98100,,
LATAW,Galata Acquisition Corp. II Warrant,$0.40,0.40,,0.00,United States,,10134,,
LAUR,Laureate Education Inc. Common Stock,$31.15,0.76,2.501%,4590549396.00,United States,2017,1202385,Real Estate,Other Consumer Services
LAW,CS Disco Inc. Common Stock,$6.75,0.16,2.428%,421818260.00,United States,2021,115339,Technology,Computer Software: Prepackaged Software
LAZ,Lazard Inc. Common Stock,$50.98,0.46,0.911%,5747821974.00,Bermuda,2005,807442,Finance,Investment Managers
LAZR,Luminar Technologies Inc.  Class A Common Stock,$1.19,-0.06,-4.80%,81829705.00,United States,2019,3679615,Consumer Discretionary,Auto Parts:O.E.M.
LB,LandBridge Company LLC Class A Shares Representing Limited Liability Company Interests,$75.00,5.84,8.444%,5741289000.00,,2024,487139,Energy,Oil & Gas Production
LBGJ,Li Bang International Corporation Inc. Ordinary Shares,$0.7148,0.0147,2.10%,13238096.00,China,2024,78067,Industrials,Industrial Machinery/Components
LBRDA,Liberty Broadband Corporation Class A Common Stock,$48.50,-1.93,-3.827%,6959244776.00,United States,,98086,Telecommunications,Cable & Other Pay Television Services
LBRDK,Liberty Broadband Corporation Class C Common Stock,$48.65,-2.08,-4.10%,6980768213.00,United States,,1436844,Telecommunications,Cable & Other Pay Television Services
LBRDP,Liberty Broadband Corporation Series A Cumulative Redeemable Preferred Stock,$24.4948,-0.1752,-0.71%,3514748638.00,United States,,12571,Telecommunications,Cable & Other Pay Television Services
LBRT,Liberty Energy Inc. Class A common stock,$17.09,-0.10,-0.582%,2768015210.00,United States,2018,2780454,Energy,Oilfield Services/Equipment
LBRX,LB Pharmaceuticals Inc Common Stock,$14.61,-0.74,-4.821%,369619880.00,United States,2025,70391,Health Care,Biotechnology: Pharmaceutical Preparations
LBTYA,Liberty Global Ltd. Class A Common Shares,$10.92,0.21,1.961%,3677627117.00,United Kingdom,,2557474,Telecommunications,Cable & Other Pay Television Services
LBTYB,Liberty Global Ltd. Class B Common Shares,$10.2972,0.00,0.00%,3467881131.00,United Kingdom,,31,Telecommunications,Cable & Other Pay Television Services
LBTYK,Liberty Global Ltd. Class C Common Shares,$11.10,0.25,2.304%,3738247344.00,United Kingdom,,861888,Telecommunications,Cable & Other Pay Television Services
LC,LendingClub Corporation Common Stock,$18.86,0.71,3.912%,2174585158.00,United States,2014,2352372,Finance,Finance: Consumer Services
LCCC,Lakeshore Acquisition III Corp. Ordinary Shares,$10.15,0.01,0.099%,0.00,United States,2025,517,Finance,Blank Checks
LCFY,Locafy Limited Ordinary Share,$3.92,0.06,1.554%,5418165.00,Australia,2022,19696,Technology,Computer Software: Programming Data Processing
LCFYW,Locafy Limited Warrant,$4.41,0.54,13.953%,6095436.00,Australia,2022,870,Technology,Computer Software: Programming Data Processing
LCID,Lucid Group Inc. Common Stock,$17.18,-0.10,-0.579%,5569214091.00,United States,,5020741,Industrials,Auto Manufacturing
LCII,LCI Industries,$109.84,1.15,1.058%,2657909418.00,United States,1995,553787,Consumer Discretionary,Auto Parts:O.E.M.
LCNB,LCNB Corporation Common Stock,$15.55,0.00,0.00%,220602330.00,United States,,13898,Finance,Major Banks
LCTX,Lineage Cell Therapeutics Inc. Common Stock,$1.81,0.05,2.841%,416892842.00,United States,,1237035,Health Care,Biotechnology: Biological Products (No Diagnostic Substances)
LCUT,Lifetime Brands Inc. Common Stock,$3.22,0.16,5.229%,72952288.00,United States,1991,39501,Consumer Discretionary,Industrial Machinery/Components
LDI,loanDepot Inc. Class A Common Stock,$2.83,0.08,2.909%,936520413.00,United States,2021,6518735,Finance,Finance: Consumer Services
LDOS,Leidos Holdings Inc. Common Stock,$196.87,-0.11,-0.056%,25170847712.00,United States,,570316,Technology,EDP Services
LDP,Cohen & Steers Limited Duration Preferred and Income Fund Inc.,$21.80,0.07,0.322%,0.00,United States,2012,58201,Finance,Finance Companies
LDWY,Lendway Inc. Common Stock (DE),$4.13,-0.4246,-9.322%,7308444.00,United States,,15658,Consumer Staples,Farming/Seeds/Milling
LE,Lands' End Inc. Common Stock,$16.39,0.26,1.612%,500169844.00,United States,,134480,Consumer Discretionary,Clothing/Shoe/Accessory Stores
LEA,Lear Corporation Common Stock,$108.10,-2.03,-1.843%,5607165485.00,United States,,848936,Consumer Discretionary,Auto Parts:O.E.M.
LECO,Lincoln Electric Holdings Inc. Common Shares,$227.42,0.53,0.234%,12514052946.00,United States,,240638,Industrials,Industrial Machinery/Components
LEDS,SemiLEDS Corporation Common Stock,$2.56,-0.09,-3.396%,21049352.00,Taiwan,2010,40728,Technology,Semiconductors
LEE,Lee Enterprises Incorporated Common Stock,$4.0746,0.1246,3.154%,25519085.00,United States,,3015,Consumer Discretionary,Newspapers/Magazines
LEG,Leggett & Platt Incorporated Common Stock,$8.75,-0.02,-0.228%,1185067468.00,United States,,1298416,Consumer Discretionary,Home Furnishings
LEGH,Legacy Housing Corporation Common Stock (TX),$20.88,-1.34,-6.031%,498379020.00,United States,2018,266403,Consumer Discretionary,Homebuilding
LEGN,Legend Biotech Corporation American Depositary Shares,$31.59,-0.21,-0.66%,5801476901.00,United States,2020,1043170,Health Care,Biotechnology: Pharmaceutical Preparations
LEGT,Legato Merger Corp. III Ordinary Shares,$11.185,0.10,0.902%,0.00,,2024,498327,,
LEN,Lennar Corporation Class A Common Stock,$123.21,1.66,1.366%,31421081103.00,United States,,3282275,Consumer Discretionary,Homebuilding
LENZ,LENZ Therapeutics Inc. Common Stock,$23.19,0.22,0.958%,725614381.00,United States,2021,1048974,Health Care,Biotechnology: Biological Products (No Diagnostic Substances)
LEO,BNY Mellon Strategic Municipals Inc. Common Stock,$6.27,0.02,0.32%,390563655.00,United States,1987,170047,Finance,Trusts Except Educational Religious and Charitable
LESL,Leslie's Inc. Common Stock,$3.31,0.19,6.09%,30718174.00,United States,2020,158984,Consumer Discretionary,Other Specialty Stores
LEU,Centrus Energy Corp. Class A Common Stock,$290.20,-3.96,-1.346%,5285131686.00,United States,2014,1476201,Industrials,Mining & Quarrying of Nonmetallic Minerals (No Fuels)
LEVI,Levi Strauss & Co Class A Common Stock,$21.09,0.85,4.20%,8242595336.00,United States,2019,3115912,Consumer Discretionary,Apparel
LEXX,Lexaria Bioscience Corp. Common Stock,$1.11,0.07,6.731%,21710689.00,Canada,,185783,Health Care,Biotechnology: Pharmaceutical Preparations
LEXXW,Lexaria Bioscience Corp. Warrant,$0.0697,0.0249,55.58%,1363275.00,Canada,,12863,Health Care,Biotechnology: Pharmaceutical Preparations
LFCR,Lifecore Biomedical Inc. Common Stock,$7.29,0.44,6.423%,273129706.00,United States,,164581,Health Care,Biotechnology: Pharmaceutical Preparations
LFMD,LifeMD Inc. Common Stock,$5.13,-0.11,-2.099%,243251226.00,United States,,847298,Health Care,Medical/Nursing Services
LFMDP,LifeMD Inc. 8.875% Series A Cumulative Perpetual Preferred Stock,$23.8337,-0.0164,-0.069%,1130131920.00,United States,,2283,Health Care,Medical/Nursing Services
LFS,LEIFRAS Co. Ltd. American Depositary Shares  ,$1.68,-0.07,-4.00%,43949840.00,Japan,2025,26602,Consumer Discretionary,Other Consumer Services
LFST,LifeStance Health Group Inc. Common Stock,$6.43,0.14,2.226%,2501271807.00,United States,2021,3161651,Health Care,Medical/Nursing Services
LFT,Lument Finance Trust Inc. Common Stock,$1.55,0.03,1.974%,81128621.00,United States,2013,222974,Real Estate,Real Estate Investment Trusts
LFT^A,Lument Finance Trust Inc. 7.875% Series A Cumulative Redeemable Preferred Stock,$20.72,0.00,0.00%,,United States,,5,,
LFUS,Littelfuse Inc. Common Stock,$246.48,3.54,1.457%,6137767812.00,United States,,209835,Energy,Electrical Products
LFVN,Lifevantage Corporation Common Stock (Delaware),$7.26,-0.14,-1.892%,92210618.00,United States,,185516,Health Care,Biotechnology: Pharmaceutical Preparations
LFWD,Lifeward Ltd. Ordinary Shares,$0.5563,0.0218,4.079%,8736481.00,Israel,2014,189701,Health Care,Industrial Specialties
LGCB,Linkage Global Inc. Class A Ordinary Shares,$1.8936,0.2436,14.764%,6779088.00,Japan,2023,79513,Consumer Discretionary,Catalog/Specialty Distribution
LGCL,Lucas GC Limited Ordinary Shares,$2.67,-0.05,-1.838%,7450437.00,China,2024,58580,Technology,Computer Software: Programming Data Processing
LGCY,Legacy Education Inc. Common Stock,$8.57,0.26,3.129%,107653632.00,,2024,51019,Real Estate,Other Consumer Services
LGHL,Lion Group Holding Ltd. American Depositary Share,$0.8142,0.0042,0.519%,438569.00,China,,67560,Finance,Investment Bankers/Brokers/Service
LGI,Lazard Global Total Return and Income Fund Common Stock,$17.28,-0.09,-0.518%,0.00,United States,2004,200059,,
LGIH,LGI Homes Inc. Common Stock,$45.75,-0.98,-2.097%,1055868825.00,United States,2013,348866,Consumer Discretionary,Homebuilding
LGL,LGL Group Inc. (The) Common Stock,$5.85,-0.015,-0.256%,31556380.00,United States,1946,3229,Technology,Industrial Machinery/Components
LGN,Legence Corp. Class A Common stock,$36.58,1.09,3.071%,3720321456.00,United States,2025,714130,Consumer Discretionary,Engineering & Construction
LGND,Ligand Pharmaceuticals Incorporated Common Stock,$209.29,6.81,3.363%,4101364042.00,United States,,279216,Health Care,Biotechnology: Pharmaceutical Preparations
LGO,Largo Inc. Common Shares,$1.16,0.07,6.422%,74394280.00,Canada,,374267,Industrials,Mining & Quarrying of Nonmetallic Minerals (No Fuels)
LGPS,LogProstyle Inc. Common Shares,$1.13,-0.05,-4.237%,26726884.00,,2025,33885,Consumer Discretionary,Homebuilding
LGVN,Longeveron Inc. Class A Common Stock,$0.7416,0.0046,0.624%,15820465.00,United States,2021,142093,Health Care,Biotechnology: Pharmaceutical Preparations
LH,Labcorp Holdings Inc. Common Stock,$261.13,8.41,3.328%,21647677000.00,United States,,1457617,Health Care,Medical Specialities
LHAI,Linkhome Holdings Inc. Common stock,$10.97,0.16,1.48%,178043100.00,United States,2025,167425,Finance,Real Estate
LHSW,Lianhe Sowell International Group Ltd Class A Ordinary Shares,$1.80,-0.03,-1.639%,93600000.00,China,2025,28645,Technology,Computer Software: Prepackaged Software
LHX,L3Harris Technologies Inc. Common Stock,$297.00,6.34,2.181%,55554695559.00,United States,,1461998,Industrials,Industrial Machinery/Components
LI,Li Auto Inc. American Depositary Shares,$20.18,0.19,0.95%,21355710935.00,China,2020,2889261,Industrials,Auto Manufacturing
LICN,Lichen International Limited Class A Ordinary Shares,$3.5301,-0.0699,-1.942%,2689318.00,China,2023,3806,Consumer Discretionary,Professional Services
LIDR,AEye Inc. Class A Common Stock,$2.41,0.01,0.417%,96262922.00,United States,2021,1324596,Consumer Discretionary,Auto Parts:O.E.M.
LIDRW,AEye Inc. Warrant,$0.1362,-0.0051,-3.609%,5440253.00,United States,2021,29105,Consumer Discretionary,Auto Parts:O.E.M.
LIEN,Chicago Atlantic BDC Inc. Common Stock,$10.13,0.05,0.496%,231172577.00,United States,2022,17811,Finance,Finance: Consumer Services
LIF,Life360 Inc. Common Stock,$93.30,2.375,2.612%,7235289138.00,United States,2024,627144,Technology,EDP Services
LII,Lennox International Inc. Common Stock,$489.42,-2.80,-0.569%,17190525607.00,United States,1999,293724,Industrials,Industrial Machinery/Components
LILA,Liberty Latin America Ltd. Class A Common Stock,$8.10,0.24,3.053%,1621620000.00,United States,,427631,Telecommunications,Cable & Other Pay Television Services
LILAK,Liberty Latin America Ltd. Class C Common Stock,$8.15,0.20,2.516%,1631630000.00,United States,,784498,Telecommunications,Cable & Other Pay Television Services
LIMN,Liminatus Pharma Inc. Class A Common Stock,$1.19,0.025,2.146%,32206913.00,United States,,132302,,
LIMNW,Liminatus Pharma Inc. Warrants,$0.1399,0.0029,2.117%,0.00,United States,,500,,
LIN,Linde plc Ordinary Shares,$420.67,0.16,0.038%,196431406383.00,United States,,2624278,Basic Materials,Major Chemicals
LINC,Lincoln Educational Services Corporation Common Stock,$20.08,2.28,12.809%,634897572.00,United States,2005,557597,Real Estate,Other Consumer Services
LIND,Lindblad Expeditions Holdings Inc. Common Stock,$12.21,0.08,0.66%,676443072.00,United States,2013,385756,Consumer Discretionary,Transportation Services
LINE,Lineage Inc. Common Stock,$33.77,-0.85,-2.455%,7709340636.00,United States,2024,1866071,Real Estate,Real Estate Investment Trusts
LINK,Interlink Electronics Inc. Common Stock,$5.44,0.36,7.087%,80491948.00,United States,,74030,Technology,Computer peripheral equipment
LION,Lionsgate Studios Corp Common Shares,$7.00,0.13,1.892%,2026626336.00,,2025,2097136,Consumer Discretionary,Movies/Entertainment
LIQT,LiqTech International Inc. Common Stock,$2.3649,0.1194,5.317%,22736250.00,Denmark,,878,Technology,Industrial Machinery/Components
LITB,LightInTheBox Holding Co. Ltd. American Depositary Shares each representing twelve ordinary shares,$2.96,-0.07,-2.31%,326589771.00,China,,5299,Consumer Discretionary,Catalog/Specialty Distribution
LITE,Lumentum Holdings Inc. Common Stock,$259.89,19.78,8.238%,18426201000.00,United States,,7153728,Telecommunications,Telecommunications Equipment
LITM,Snow Lake Resources Ltd. Common Shares,$3.57,-0.01,-0.279%,31230956.00,Canada,2021,461378,Basic Materials,Other Metals and Minerals
LITS,Lite Strategy Inc. Common Stock,$2.26,0.16,7.619%,80580650.00,United States,2003,680825,Health Care,Biotechnology: Pharmaceutical Preparations
LIVE,Live Ventures Incorporated Common Stock,$12.60,-0.7165,-5.381%,38702866.00,United States,,2919,Consumer Discretionary,Other Specialty Stores
LIVN,LivaNova PLC Ordinary Shares,$50.88,0.43,0.852%,2778329214.00,United Kingdom,,467981,Health Care,Biotechnology: Electromedical & Electrotherapeutic Apparatus
LIXT,Lixte Biotechnology Holdings Inc. Common Stock,$4.32,0.07,1.647%,19705088.00,United States,,49892,Health Care,Biotechnology: Pharmaceutical Preparations
LIXTW,Lixte Biotechnology Holdings Inc. Warrants,$0.0857,0.0135,18.698%,390909.00,United States,,16934,Health Care,Biotechnology: Pharmaceutical Preparations
LKFN,Lakeland Financial Corporation Common Stock,$58.06,0.17,0.294%,1482198180.00,United States,,80211,Finance,Major Banks
LKQ,LKQ Corporation Common Stock,$30.96,0.59,1.943%,7924707546.00,United States,2003,4021020,Consumer Discretionary,Motor Vehicles
LKSP,Lake Superior Acquisition Corp. Class A Ordinary Shares,$9.93,0.00,0.00%,0.00,United States,2025,25815,,
LKSPR,Lake Superior Acquisition Corp. Rights,$1.75,0.04,2.339%,0.00,United States,2025,30691,,
LKSPU,Lake Superior Acquisition Corp. Units,$10.13,-0.02,-0.197%,0.00,United States,2025,2133,,
LLY,Eli Lilly and Company Common Stock,$966.64,42.27,4.573%,913845754866.00,United States,,5691179,Health Care,Biotechnology: Pharmaceutical Preparations
LLYVA,Liberty Media Corporation Series A Liberty Live Common Stock,$83.85,1.44,1.747%,7706033513.00,United States,,250656,Industrials,Broadcasting
LLYVK,Liberty Media Corporation Series C Liberty Live Common Stock,$87.03,1.38,1.611%,7998283800.00,United States,,249905,Industrials,Broadcasting
LMAT,LeMaitre Vascular Inc. Common Stock,$87.79,0.97,1.117%,1987348056.00,United States,2006,176308,Health Care,Medical/Dental Instruments
LMB,Limbach Holdings Inc. Common Stock,$78.10,-0.22,-0.281%,908054173.00,United States,,231402,Consumer Discretionary,Engineering & Construction
LMFA,LM Funding America Inc. Common Stock,$1.16,-0.10,-7.937%,17630130.00,United States,2015,785542,Finance,Finance: Consumer Services
LMND,Lemonade Inc. Common Stock,$78.87,3.85,5.132%,5894036099.00,United States,2020,3001050,Finance,Property-Casualty Insurers
LMNR,Limoneira Co Common Stock,$13.94,0.05,0.36%,251593218.00,United States,,35299,Consumer Staples,Farming/Seeds/Milling
LMT,Lockheed Martin Corporation Common Stock,$452.10,-6.25,-1.364%,105549551818.00,United States,,1629276,Industrials,Military/Government/Technical
LNAI,Lunai Bioworks Inc. Common Stock,$0.8899,-0.0432,-4.63%,20628102.00,United States,,637098,Health Care,Biotechnology: Pharmaceutical Preparations
LNC,Lincoln National Corporation Common Stock,$41.07,-0.08,-0.194%,7800796784.00,United States,,1503467,Finance,Life Insurance
LNC^D,Lincoln National Corporation Depositary Shares Each Representing a 1/1000th Interest in a Share of 9.000% Non-Cumulative Preferred Stock Series D,$27.39,0.025,0.091%,,United States,,20770,,
LND,Brasilagro Brazilian Agric Real Estate Co Sponsored ADR (Brazil),$3.70,0.04,1.093%,379928743.00,Brazil,,39587,Consumer Staples,Farming/Seeds/Milling
LNG,Cheniere Energy Inc. Common Stock,$211.55,3.65,1.756%,45532916863.00,United States,2001,1607261,Utilities,Oil/Gas Transmission
LNKB,LINKBANCORP Inc. Common Stock,$7.39,-0.10,-1.335%,276750497.00,United States,,27488,Finance,Major Banks
LNKS,Linkers Industries Limited Class A Ordinary Shares,$0.4485,-0.0003,-0.067%,6025598.00,Malaysia,2024,18784,Technology,Electrical Products
LNN,Lindsay Corporation Common Stock,$111.47,0.59,0.532%,1204346403.00,United States,,109852,Industrials,Industrial Machinery/Components
LNSR,LENSAR Inc. Common Stock,$10.17,-0.43,-4.057%,121476033.00,United States,,207822,Health Care,Medical/Dental Instruments
LNT,Alliant Energy Corporation Common Stock,$66.96,-0.38,-0.564%,17206659440.00,United States,,1879094,Utilities,Power Generation
LNTH,Lantheus Holdings Inc. Common Stock,$50.69,-0.38,-0.744%,3361344078.00,United States,2015,1340414,Health Care,Biotechnology: In Vitro & In Vivo Diagnostic Substances
LNW,Light & Wonder Inc. Common Stock,$89.09,8.53,10.588%,7262962736.00,United States,,6291484,Technology,EDP Services
LNZA,LanzaTech Global Inc. Common Stock,$17.29,-1.30,-6.993%,40106749.00,United States,2021,13358,Industrials,Major Chemicals
LNZAW,LanzaTech Global Inc. Warrant,$0.014,-0.002,-12.50%,32475.00,United States,2021,227002,Industrials,Major Chemicals
LOAN,Manhattan Bridge Capital Inc,$4.91,-0.009,-0.183%,56163776.00,United States,,13507,Real Estate,Real Estate Investment Trusts
LOAR,Loar Holdings Inc. Common Stock,$77.10,2.55,3.421%,7218292514.00,United States,2024,691234,Industrials,Military/Government/Technical
LOB,Live Oak Bancshares Inc. Common Stock,$32.24,-0.37,-1.135%,1474377112.00,United States,2022,206285,Finance,Major Banks
LOB^A,Live Oak Bancshares Inc. Depositary Shares Each Representing a 1/40th Interest in a Share of 8.375% Fixed Rate Series A Non-Cumulative Perpetual Preferred Stock,$25.48,0.00,0.00%,,United States,,8189,,
LOBO,LOBO TECHNOLOGIES LTD. Class A Ordinary Shares,$0.6579,-0.0763,-10.392%,5677677.00,China,2024,110235,Consumer Discretionary,Motor Vehicles
LOCL,Local Bounti Corporation Common Stock,$2.57,-0.10,-3.745%,56856136.00,,2021,11150,Consumer Staples,Farming/Seeds/Milling
LOCO,El Pollo Loco Holdings Inc. Common Stock,$10.56,0.11,1.053%,316324114.00,United States,2014,313406,Consumer Discretionary,Restaurants
LODE,Comstock Inc. Common Stock,$2.98,0.23,8.364%,152767456.00,United States,,1082753,Industrials,Major Chemicals
LOGI,Logitech International S.A. Ordinary Shares,$122.03,1.63,1.354%,17921040616.00,United States,1997,512928,Technology,Computer peripheral equipment
LOKV,Live Oak Acquisition Corp. V Class A Ordinary Shares,$10.3109,0.0209,0.203%,0.00,United States,2025,13482,,
LOKVW,Live Oak Acquisition Corp. V Warrants,$0.65,0.00,0.00%,0.00,United States,2025,5,,
LOMA,Loma Negra Compania Industrial Argentina Sociedad Anonima ADS,$11.24,0.44,4.074%,1311670121.00,Argentina,2017,726608,Industrials,Building Materials
LOOP,Loop Industries Inc. Common Stock,$1.30,-0.23,-15.033%,62455988.00,Canada,,5406820,Industrials,Major Chemicals
LOPE,Grand Canyon Education Inc. Common Stock,$163.25,-2.85,-1.716%,4565853707.00,United States,2008,387847,Real Estate,Other Consumer Services
LOT,Lotus Technology Inc. American Depositary Shares,$1.55,-0.07,-4.321%,1051278724.00,China,,114988,Industrials,Auto Manufacturing
LOTWW,Lotus Technology Inc. Warrants,$0.07,0.0028,4.167%,47477104.00,China,,1052,Industrials,Auto Manufacturing
LOVE,The Lovesac Company Common Stock,$13.26,-0.13,-0.971%,193732697.00,United States,2018,347574,Consumer Discretionary,Other Specialty Stores
LOW,Lowe's Companies Inc. Common Stock,$233.03,-0.13,-0.056%,130689027612.00,United States,,2587485,Consumer Discretionary,RETAIL: Building Materials
LPA,Logistic Properties of the Americas Ordinary Shares,$3.04,-0.05,-1.618%,96272547.00,,2024,36100,Finance,Real Estate
LPAA,Launch One Acquisition Corp. Class A Ordinary shares,$10.51,-0.04,-0.379%,0.00,United States,2024,1748,,
LPBB,Launch Two Acquisition Corp. Class A Ordinary Shares,$10.48,0.02,0.191%,0.00,United States,2024,13371,,
LPBBW,Launch Two Acquisition Corp. Warrant,$0.4701,-0.0299,-5.98%,0.00,United States,2024,5344,,
LPCN,Lipocine Inc. Common Stock,$2.89,0.35,13.78%,16045081.00,United States,,49385,Health Care,Biotechnology: Pharmaceutical Preparations
LPG,Dorian LPG Ltd. Common Stock,$27.37,-0.42,-1.511%,1172479180.00,United States,2014,603225,Consumer Discretionary,Marine Transportation
LPL,LG Display Co Ltd AMERICAN DEPOSITORY SHARES,$4.64,0.08,1.754%,4640000000.00,South Korea,2004,338379,Technology,Industrial Machinery/Components
LPLA,LPL Financial Holdings Inc. Common Stock,$375.36,1.86,0.498%,30042921794.00,United States,2010,540339,Finance,Investment Bankers/Brokers/Service
LPRO,Open Lending Corporation Common Stock,$1.52,0.07,4.828%,179647953.00,United States,,746631,Finance,Finance: Consumer Services
LPSN,LivePerson Inc. Common Stock,$5.24,-0.38,-6.762%,52607535.00,United States,2000,393846,Technology,Computer Software: Prepackaged Software
LPTH,LightPath Technologies Inc. Class A Common Stock,$7.78,0.07,0.908%,347534257.00,United States,1996,1426051,Technology,Semiconductors
LPTX,Leap Therapeutics Inc. Common Stock,$0.4594,0.0011,0.24%,19037320.00,United States,,950084,Health Care,Biotechnology: Pharmaceutical Preparations
LPX,Louisiana-Pacific Corporation Common Stock,$76.83,-1.67,-2.127%,5350707109.00,United States,,1320348,Basic Materials,Forest Products
LQDA,Liquidia Corporation Common Stock,$27.26,1.17,4.484%,2371496867.00,United States,2018,2653424,Health Care,Biotechnology: Pharmaceutical Preparations
LQDT,Liquidity Services Inc. Common Stock,$23.33,0.66,2.911%,728757787.00,United States,2006,138057,Real Estate,Real Estate
LRCX,Lam Research Corporation Common Stock,$166.37,7.02,4.405%,208965711100.00,United States,1984,10025551,Technology,Industrial Machinery/Components
LRE,Lead Real Estate Co. Ltd American Depositary Shares,$1.35,-0.02,-1.46%,18416565.00,Japan,2023,7595,Consumer Discretionary,Homebuilding
LRHC,La Rosa Holdings Corp. Common Stock,$4.06,0.36,9.73%,4969107.00,United States,2023,61491,Finance,Real Estate
LRMR,Larimar Therapeutics Inc. Common Stock,$3.55,0.09,2.601%,303845892.00,United States,2014,1187408,Health Care,Biotechnology: Pharmaceutical Preparations
LRN,Stride Inc. Common Stock,$65.19,-6.82,-9.471%,2859143894.00,United States,,3447135,Real Estate,Other Consumer Services
LSAK,Lesaka Technologies Inc. Common Stock,$3.86,-0.27,-6.538%,324573500.00,South Africa,,26127,Finance,Investment Bankers/Brokers/Service
LSBK,Lake Shore Bancorp Inc. Common Stock,$14.30,0.06,0.421%,111904664.00,United States,2006,10775,Finance,Savings Institutions
LSCC,Lattice Semiconductor Corporation Common Stock,$67.06,3.57,5.623%,9172895582.00,United States,,3123453,Technology,Semiconductors
LSE,Leishen Energy Holding Co. Ltd. Ordinary Shares,$5.39,0.17,3.257%,91764750.00,China,2024,2512,Consumer Discretionary,Oil and Gas Field Machinery
LSF,Laird Superfood Inc. Common Stock,$4.18,0.03,0.723%,44577706.00,,2020,38571,Consumer Staples,Packaged Foods
LSH,Lakeside Holding Limited Common Stock,$1.01,-0.04,-3.81%,17601835.00,United States,2024,18846,,
LSPD,Lightspeed Commerce Inc. Subordinate Voting Shares,$13.32,0.23,1.757%,1834851805.00,Canada,,1017682,Technology,Computer Software: Prepackaged Software
LSTA,Lisata Therapeutics Inc. Common Stock,$2.10,0.04,1.942%,18523539.00,United States,,42860,Health Care,Misc Health and Biotechnology Services
LSTR,Landstar System Inc. Common Stock,$130.11,-0.02,-0.015%,4468589177.00,United States,1993,476569,Industrials,Trucking Freight/Courier Services
LTBR,Lightbridge Corporation Common Stock,$20.55,1.80,9.60%,665230996.00,United States,,1678879,Consumer Discretionary,Professional Services
LTC,LTC Properties Inc. Common Stock,$36.28,0.40,1.115%,1727442886.00,United States,,470887,Real Estate,Real Estate Investment Trusts
LTCC,Canary Litecoin ETF Shares of Beneficial Interest,$26.3107,1.4593,5.872%,1841749.00,United States,,216919,Finance,Investment Bankers/Brokers/Service
LTH,Life Time Group Holdings Inc. Common Stock,$25.00,-0.52,-2.038%,5512805950.00,United States,2021,2046106,Consumer Discretionary,Hotels/Resorts
LTM,LATAM Airlines Group S.A. American Depositary Shares (each representing two thousand (2000) shares of Common Stock),$43.87,-0.15,-0.341%,13258344854.00,Chile,2024,574902,Consumer Discretionary,Air Freight/Delivery Services
LTRN,Lantern Pharma Inc. Common Stock,$3.55,0.13,3.801%,38337930.00,United States,2020,71864,Health Care,Biotechnology: Pharmaceutical Preparations
LTRX,Lantronix Inc. Common Stock,$5.01,-0.02,-0.398%,197186636.00,United States,2000,327248,Telecommunications,Computer Communications Equipment
LTRYW,Lottery.com Inc. Warrants,$0.014,0.00,0.00%,55164.00,United States,2023,5025,Technology,Computer Software: Prepackaged Software
LU,Lufax Holding Ltd American Depositary Shares each representing two (2) Ordinary Shares,$2.89,0.06,2.12%,2504589600.00,China,,1657683,Finance,Finance: Consumer Services
LUCD,Lucid Diagnostics Inc. Common Stock,$1.05,-0.03,-2.778%,113901370.00,United States,2021,327590,Health Care,Medical/Dental Instruments
LUCK,Lucky Strike Entertainment Corporation Class A Common Stock,$7.93,-0.12,-1.491%,1107318182.00,United States,2021,287176,Consumer Discretionary,Services-Misc. Amusement & Recreation
LUCY,Innovative Eyewear Inc. Common Stock,$1.54,0.02,1.316%,7044887.00,United States,2022,46598,Health Care,Ophthalmic Goods
LUCYW,Innovative Eyewear Inc. Series A Warrants 8/16/27,$0.055,-0.0165,-23.077%,251603.00,United States,2022,34037,Health Care,Ophthalmic Goods
LUD,Luda Technology Group Limited Ordinary Shares,$7.28,0.29,4.149%,165183200.00,,2025,1171,Industrials,Steel/Iron Ore
LULU,lululemon athletica inc. Common Stock,$170.35,4.22,2.54%,19329287769.00,Canada,2007,2936789,Consumer Discretionary,Apparel
LUMN,Lumen Technologies Inc. Common Stock,$10.49,-0.03,-0.285%,10759002833.00,United States,,22408218,Telecommunications,Telecommunications Equipment
LUNG,Pulmonx Corporation Common Stock,$1.94,0.02,1.042%,79048319.00,United States,2020,597943,Health Care,Medical/Dental Instruments
LUNR,Intuitive Machines Inc. Class A Common Stock,$9.87,0.28,2.92%,1763954447.00,United States,2021,5657387,Industrials,Industrial Machinery/Components
LUV,Southwest Airlines Company Common Stock,$32.66,0.21,0.647%,16890284913.00,United States,,7817293,Consumer Discretionary,Air Freight/Delivery Services
LUXE,LuxExperience B.V. American Depositary Shares each representing one Ordinary Share,$8.88,0.06,0.68%,1211003393.00,,2021,287177,Consumer Discretionary,Catalog/Specialty Distribution
LVLU,Lulu's Fashion Lounge Holdings Inc. Common Stock,$4.51,0.14,3.204%,12397674.00,United States,2021,3932,Consumer Discretionary,Catalog/Specialty Distribution
LVO,LiveOne Inc. Common Stock,$4.84,-0.17,-3.393%,55829652.00,United States,,48551,Consumer Discretionary,Restaurants
LVRO,Lavoro Limited Class A Ordinary Shares,$1.31,-0.02,-1.504%,152756911.00,Brazil,,1733,Consumer Discretionary,Other Specialty Stores
LVS,Las Vegas Sands Corp. Common Stock,$66.13,0.92,1.411%,44712773625.00,United States,2004,5559855,Consumer Discretionary,Hotels/Resorts
LVTX,LAVA Therapeutics N.V. Ordinary Shares,$1.61,0.00,0.00%,42351525.00,Netherlands,2021,100355,Health Care,Biotechnology: Pharmaceutical Preparations
LVWR,LiveWire Group Inc. Common Stock,$4.50,-0.21,-4.459%,916818705.00,United States,2022,41917,Consumer Discretionary,Motor Vehicles
LW,Lamb Weston Holdings Inc. Common Stock ,$60.36,-2.06,-3.30%,8411315693.00,United States,2016,2154755,Consumer Staples,Packaged Foods
LWAC,LightWave Acquisition Corp. Class A Ordinary Shares,$10.09,0.00,0.00%,0.00,United States,2025,25252,,
LWACW,LightWave Acquisition Corp. Warrants,$0.31,0.00,0.00%,0.00,United States,2025,89,Finance,Blank Checks
LWAY,Lifeway Foods Inc. Common Stock,$23.69,-0.71,-2.91%,360716259.00,United States,,97805,Consumer Staples,Packaged Foods
LWLG,Lightwave Logic Inc. Common Stock,$5.83,0.60,11.472%,754635118.00,United States,,3023319,Industrials,Containers/Packaging
LX,LexinFintech Holdings Ltd. American Depositary Shares,$4.25,-0.03,-0.701%,715119879.00,China,2017,2502909,Finance,Finance: Consumer Services
LXEH,Lixiang Education Holding Co. Ltd. American Depositary Shares,$0.3881,-0.0094,-2.365%,7438585.00,China,2020,134974,Real Estate,Other Consumer Services
LXEO,Lexeo Therapeutics Inc. Common Stock,$8.52,0.33,4.029%,621852026.00,United States,2023,1431747,Health Care,Biotechnology: Biological Products (No Diagnostic Substances)
LXFR,Luxfer Holdings PLC Ordinary Shares,$12.48,0.14,1.135%,333484445.00,United Kingdom,2012,139259,Basic Materials,Major Chemicals
LXP,LXP Industrial Trust Common Stock (Maryland REIT),$9.49,-0.13,-1.351%,2807087195.00,United States,,2378560,Real Estate,Real Estate Investment Trusts
LXP^C,LXP Industrial Trust 6.5% Series C Cumulative Convertible Preferred Stock,$46.4999,-0.0001,0.00%,,United States,,2103,,
LXRX,Lexicon Pharmaceuticals Inc. Common Stock,$1.42,0.17,13.60%,516026126.00,United States,,3892828,Health Care,Biotechnology: Pharmaceutical Preparations
LXU,LSB Industries Inc. Common Stock,$9.25,0.70,8.187%,665486616.00,United States,2003,461214,Basic Materials,Major Chemicals
LYB,LyondellBasell Industries NV Ordinary Shares Class A (Netherlands),$42.77,-0.25,-0.581%,13766506670.00,Netherlands,,5925996,Industrials,Major Chemicals
LYEL,Lyell Immunopharma Inc. Common Stock,$17.68,0.17,0.971%,339654051.00,United States,2021,38341,Health Care,Biotechnology: Pharmaceutical Preparations
LYFT,Lyft Inc. Class A Common Stock,$23.72,1.68,7.623%,9472662601.00,United States,2019,44535751,Real Estate,Real Estate
LYG,Lloyds Banking Group Plc American Depositary Shares,$4.95,0.11,2.273%,73364018874.00,United Kingdom,,4976293,Finance,Commercial Banks
LYRA,Lyra Therapeutics Inc. Common Stock,$4.41,-0.20,-4.338%,7252042.00,United States,2020,60673,Health Care,Medical/Dental Instruments
LYTS,LSI Industries Inc. Common Stock,$19.21,-0.23,-1.183%,586139785.00,United States,1985,385641,Consumer Discretionary,Building Products
LYV,Live Nation Entertainment Inc. Common Stock,$143.35,2.84,2.021%,33650157471.00,United States,,3628008,Consumer Discretionary,Services-Misc. Amusement & Recreation
LZ,LegalZoom.com Inc. Common Stock,$10.17,0.07,0.693%,1802838524.00,United States,2021,3328427,Technology,EDP Services
LZB,La-Z-Boy Incorporated Common Stock,$30.95,-0.46,-1.465%,1275363985.00,United States,,442396,Consumer Discretionary,Home Furnishings
LZM,Lifezone Metals Limited Ordinary Shares,$4.20,0.38,9.948%,339547202.00,Isle of Man,,331261,Basic Materials,Metal Mining
LZMH,LZ Technology Holdings Limited Class B Ordinary Shares,$3.20,-0.02,-0.621%,486624000.00,China,2025,87199,Technology,EDP Services
M,Macy's Inc Common Stock,$20.57,0.22,1.081%,5523163298.00,United States,,6158655,Consumer Discretionary,Department/Specialty Retail Stores
MA,Mastercard Incorporated Common Stock,$552.96,0.99,0.179%,496555784110.00,United States,2006,1978222,Real Estate,Real Estate
MAA,Mid-America Apartment Communities Inc. Common Stock,$129.55,-0.10,-0.077%,15167939676.00,United States,1994,1039310,Real Estate,Real Estate Investment Trusts
MAA^I,Mid-America Apartment Communities Inc. 8.50% Series I Cumulative Redeemable Preferred Stock,$52.70,-0.5395,-1.013%,,United States,,3849,,
MAAS,Maase Inc. Class A Ordinary Shares,$3.80,0.04,1.064%,1215293291.00,China,2019,3993,Finance,Investment Managers
MAC,Macerich Company (The) Common Stock,$17.88,-0.14,-0.777%,4579391342.00,United States,1994,1300602,Real Estate,Real Estate Investment Trusts
MACI,Melar Acquisition Corp. I Class A Ordinary Shares,$10.56,0.01,0.095%,0.00,United States,2024,1900,,
MACIU,Melar Acquisition Corp. I Unit,$10.79,0.00,0.00%,0.00,United States,2024,1,Finance,Blank Checks
MACIW,Melar Acquisition Corp. I Warrant,$0.1701,0.0101,6.313%,0.00,United States,2024,8091,Finance,Blank Checks
MAGH,Magnitude International Ltd Ordinary Shares,$1.39,-0.077,-5.249%,46356500.00,Singapore,2025,22621,Industrials,Engineering & Construction
MAGN,Magnera Corporation Common Stock,$9.00,0.11,1.237%,320400000.00,United States,2000,846304,Basic Materials,Paper
MAIA,MAIA Biotechnology Inc. Common Stock,$1.15,0.03,2.679%,37942203.00,,2022,127998,Health Care,Biotechnology: Pharmaceutical Preparations
MAIN,Main Street Capital Corporation Common Stock,$58.70,0.00,0.00%,5249563423.00,United States,2007,778348,Finance,Finance/Investors Services
MAMA,Mama's Creations Inc. Common Stock,$10.49,-0.32,-2.96%,424830608.00,United States,,325519,Consumer Staples,Specialty Foods
MAMK,MaxsMaking Inc. Class A Ordinary Shares,$9.52,-0.60,-5.929%,161840000.00,China,2025,52838,Consumer Discretionary,Apparel
MAMO,Massimo Group Common Stock,$3.17,0.17,5.667%,132001812.00,United States,2024,27569,Consumer Discretionary,Industrial Specialties
MAN,ManpowerGroup Common Stock,$27.64,-1.07,-3.727%,1279654055.00,United States,,1212885,Consumer Discretionary,Professional Services
MANH,Manhattan Associates Inc. Common Stock,$176.45,-1.16,-0.653%,10632567683.00,United States,1998,452920,Technology,Computer Software: Prepackaged Software
MANU,Manchester United Ltd. Class A Ordinary Shares,$15.91,0.24,1.532%,2743343147.00,United Kingdom,2012,259287,Consumer Discretionary,Services-Misc. Amusement & Recreation
MAPS,WM Technology Inc. Class A Common Stock ,$0.985,0.024,2.497%,154858425.00,United States,2019,987831,Technology,Computer Software: Prepackaged Software
MAPSW,WM Technology Inc. Warrants ,$0.0175,0.0013,8.025%,2751292.00,United States,2019,43373,Technology,Computer Software: Prepackaged Software
MAR,Marriott International Class A Common Stock,$290.47,-0.69,-0.237%,77948145894.00,United States,,1737629,Consumer Discretionary,Hotels/Resorts
MARA,MARA Holdings Inc. Common Stock,$15.58,-0.29,-1.827%,5892112220.00,United States,,37024064,Technology,EDP Services
MARPS,Marine Petroleum Trust Units of Beneficial Interest,$4.50,0.06,1.351%,9000000.00,United States,,1571,Energy,Oil & Gas Production
MAS,Masco Corporation Common Stock,$61.47,-0.52,-0.839%,12767049823.00,United States,,2322341,Industrials,Industrial Specialties
MASI,Masimo Corporation Common Stock,$144.50,1.34,0.936%,7761665631.00,United States,2007,692035,Health Care,Biotechnology: Electromedical & Electrotherapeutic Apparatus
MASK,3 E Network Technology Group Ltd Class A Ordinary Shares,$0.5242,-0.0058,-1.094%,5871040.00,China,2025,126785,Technology,EDP Services
MASS,908 Devices Inc. Common Stock,$6.395,-0.985,-13.347%,230768039.00,United States,2020,519780,Industrials,Industrial Machinery/Components
MAT,Mattel Inc. Common Stock,$19.16,0.43,2.296%,5954928000.00,United States,,2711434,Consumer Discretionary,Recreational Games/Products/Toys
MATH,Metalpha Technology Holding Limited Ordinary Shares,$2.60,0.24,10.169%,102695765.00,China,2017,103686,Finance,Finance/Investors Services
MATV,Mativ Holdings Inc. Common Stock,$12.50,0.40,3.306%,683513925.00,United States,,522687,Basic Materials,Paper
MATW,Matthews International Corporation Class A Common Stock,$23.36,0.35,1.521%,719275564.00,United States,1994,186415,Telecommunications,Metal Fabrications
MATX,Matson Inc. Common Stock,$109.12,-1.74,-1.57%,3402365419.00,United States,,379029,Consumer Discretionary,Marine Transportation
MAX,MediaAlpha Inc. Class A Common Stock,$12.95,0.19,1.489%,843975328.00,United States,2020,519123,Real Estate,Real Estate
MAXN,Maxeon Solar Technologies Ltd. Ordinary Shares,$3.45,0.08,2.374%,58293715.00,Singapore,,90026,Technology,Semiconductors
MAYA,Maywood Acquisition Corp. Class A Ordinary Shares,$10.31,0.00,0.00%,0.00,United States,2025,21815,,
MAYAR,Maywood Acquisition Corp. Right,$0.95,0.04,4.396%,0.00,United States,2025,206,Finance,Blank Checks
MAYS,J. W. Mays Inc. Common Stock,$38.22,0.00,0.00%,77043112.00,United States,,6,Real Estate,Building operators
MAZE,Maze Therapeutics Inc. Common Stock,$30.49,1.89,6.608%,1467161848.00,United States,2025,390733,Health Care,Biotechnology: Biological Products (No Diagnostic Substances)
MB,MasterBeef Group Ordinary Shares,$7.50,-0.79,-9.53%,127500000.00,Hong Kong,2025,2473,Consumer Discretionary,Restaurants
MBAV,M3-Brigade Acquisition V Corp. Class A Ordinary shares,$10.52,-0.03,-0.284%,0.00,United States,2024,385838,,
MBAVW,M3-Brigade Acquisition V Corp. Warrant,$0.95,0.00,0.00%,0.00,United States,2024,366,Finance,Blank Checks
MBBC,Marathon Bancorp Inc. Common Stock,$10.53,-0.1699,-1.588%,30944490.00,United States,,239,Finance,Banks
MBC,MasterBrand Inc. Common Stock,$10.69,-0.30,-2.73%,1355271476.00,United States,2022,2457824,Consumer Discretionary,Home Furnishings
MBCN,Middlefield Banc Corp. Common Stock,$34.02,-0.15,-0.439%,274922186.00,United States,,29300,Finance,Major Banks
MBI,MBIA Inc. Common Stock,$7.55,0.06,0.801%,381226876.00,United States,1987,472376,Finance,Property-Casualty Insurers
MBIN,Merchants Bancorp Common Stock,$31.75,0.23,0.73%,1456863292.00,United States,2017,168416,Finance,Major Banks
MBINL,Merchants Bancorp Depositary Shares Each Representing a 1/40thInterest in a Share of 7.25% Fixed Rate Series E Non-CumulativePerpetual Preferred Stock without par value,$23.64,0.31,1.329%,1084732227.00,United States,,9342,Finance,Major Banks
MBINM,Merchants Bancorp Depositary Shares Each Representing a 1/40th Interest in a Share of 8.25% Fixed-Rate Reset Series D Non-Cumulative Perpetual Preferred Stock,$24.50,0.05,0.204%,1124193721.00,United States,,31262,Finance,Major Banks
MBINN,Merchants Bancorp Depositary Shares Preferred Series C,$19.934,-0.146,-0.727%,914680720.00,United States,,5078,Finance,Major Banks
MBIO,Mustang Bio Inc. Common Stock,$1.23,0.01,0.82%,8904765.00,United States,,80494,Health Care,Biotechnology: Pharmaceutical Preparations
MBLY,Mobileye Global Inc. Class A Common Stock,$12.91,0.30,2.379%,2788636660.00,Israel,2022,3726649,Technology,Computer Software: Prepackaged Software
MBNKO,Medallion Bank Fixed-Rate Reset Non-Cumulative Perpetual Preferred Stock Series G par value $1.00 per share,$25.00,-0.10,-0.398%,25000000.00,United States,,3996,Finance,Commercial Banks
MBOT,Microbot Medical Inc. Common Stock,$2.09,0.04,1.951%,95191013.00,Israel,,1802209,Health Care,Biotechnology: Biological Products (No Diagnostic Substances)
MBRX,Moleculin Biotech Inc. Common Stock,$0.483,-0.006,-1.227%,14628219.00,United States,2016,1241089,Health Care,Biotechnology: Pharmaceutical Preparations
MBUU,Malibu Boats Inc. Class A Common Stock,$25.77,-0.53,-2.015%,495469379.00,United States,2014,253765,Industrials,Marine Transportation
MBVI,M3-Brigade Acquisition VI Corp. Class A Ordinary Shares,$10.08,-0.01,-0.099%,0.00,United States,2025,60277,,
MBVIU,M3-Brigade Acquisition VI Corp. Units,$10.26,0.00,0.00%,0.00,United States,2025,67,Finance,Blank Checks
MBVIW,M3-Brigade Acquisition VI Corp. Warrant,$0.53,-0.02,-3.636%,0.00,United States,2025,1601,,
MBWM,Mercantile Bank Corporation Common Stock,$45.43,0.30,0.665%,738401048.00,United States,1998,36472,Finance,Major Banks
MBX,MBX Biosciences Inc. Common Stock,$24.49,-1.08,-4.224%,1099657376.00,United States,2024,870681,Health Care,Biotechnology: Pharmaceutical Preparations
MC,Moelis & Company Class A Common Stock,$63.39,-0.52,-0.814%,4964752786.00,United States,2014,750579,Finance,Investment Managers
MCB,Metropolitan Bank Holding Corp. Common Stock,$68.19,1.26,1.883%,710634175.00,United States,2017,94274,Finance,Major Banks
MCBS,MetroCity Bankshares Inc. Common Stock,$26.28,0.16,0.613%,671131965.00,United States,2019,51321,Finance,Major Banks
MCD,McDonald's Corporation Common Stock,$299.10,-0.56,-0.187%,213005366085.00,United States,,3823380,Consumer Discretionary,Restaurants
MCFT,MasterCraft Boat Holdings Inc. Common Stock,$19.39,-0.74,-3.676%,315839793.00,United States,2015,137109,Industrials,Marine Transportation
MCGA,Yorkville Acquisition Corp. Class A Ordinary Share,$10.33,0.02,0.194%,0.00,United States,2025,126604,Utilities,Electric Utilities: Central
MCGAU,Yorkville Acquisition Corp. Unit,$10.6601,0.0101,0.095%,0.00,United States,2025,7452,Finance,Blank Checks
MCGAW,Yorkville Acquisition Corp. Warrant,$1.0499,-0.0801,-7.088%,0.00,United States,2025,52621,,
MCHB,Mechanics Bancorp Class A Common Stock,$13.43,0.155,1.168%,2966966438.00,United States,2012,196411,Finance,Major Banks
MCHP,Microchip Technology Incorporated Common Stock,$55.41,-0.87,-1.546%,29946159072.00,United States,1993,9866672,Technology,Semiconductors
MCHPP,Microchip Technology Incorporated Depositary Shares Each Representing a 1/20th Interest in a Share of 7.50% Series A Mandatory Convertible Preferred Stock,$52.52,-0.61,-1.148%,28384267722.00,United States,,17111,Technology,Semiconductors
MCHX,Marchex Inc. Class B Common Stock,$1.65,-0.02,-1.198%,72895317.00,United States,2004,42533,Technology,Computer Software: Prepackaged Software
MCI,Barings Corporate Investors Common Stock,$20.15,0.05,0.249%,408273638.00,United States,,27310,Finance,Trusts Except Educational Religious and Charitable
MCK,McKesson Corporation Common Stock,$859.37,7.38,0.866%,106069160211.00,United States,,571736,Health Care,Other Pharmaceuticals
MCN,XAI Madison Equity Premium Income Fund Common Shares,$5.95,0.04,0.677%,0.00,United States,2004,89695,,
MCO,Moody's Corporation Common Stock,$484.93,-3.05,-0.625%,86511512000.00,United States,,572563,Finance,Finance: Consumer Services
MCR,MFS Charter Income Trust Common Stock,$6.39,0.05,0.789%,281213548.00,United States,1989,21101,Finance,Trusts Except Educational Religious and Charitable
MCRB,Seres Therapeutics Inc. Common Stock,$14.05,0.03,0.214%,127103592.00,United States,2015,28930,Health Care,Biotechnology: Pharmaceutical Preparations
MCRI,Monarch Casino & Resort Inc. Common Stock,$94.59,1.94,2.094%,1726295026.00,United States,1993,58830,Consumer Discretionary,Hotels/Resorts
MCRP,Micropolis Holding Company Ordinary Shares,$1.55,-0.02,-1.274%,54077093.00,,2025,116944,Consumer Discretionary,Auto Parts:O.E.M.
MCS,Marcus Corporation (The) Common Stock,$15.67,0.58,3.844%,481284541.00,United States,,239988,Consumer Discretionary,Movies/Entertainment
MCTA,Charming Medical Limited Class A Ordinary Shares,$27.50,5.40,24.434%,465795000.00,Hong Kong,2025,173493,Health Care,Misc Health and Biotechnology Services
MCTR,CTRL Group Limited Ordinary Shares,$1.03,0.0772,8.102%,15759000.00,Hong Kong,2025,36358,Consumer Discretionary,Advertising
MCW,Mister Car Wash Inc. Common Stock,$5.00,-0.13,-2.534%,1637841855.00,United States,,2370429,Consumer Discretionary,Automotive Aftermarket
MCY,Mercury General Corporation Common Stock,$86.00,2.41,2.883%,4763421922.00,United States,,223024,Finance,Property-Casualty Insurers
MD,Pediatrix Medical Group Inc. Common Stock,$22.57,0.64,2.918%,1938252602.00,United States,,1259182,Health Care,Hospital/Nursing Management
MDAI,Spectral AI Inc. Class A Common Stock,$1.82,-0.12,-6.186%,48650398.00,United States,2021,542091,Health Care,Medical/Dental Instruments
MDAIW,Spectral AI Inc. Warrants,$0.6766,0.0167,2.531%,18086186.00,United States,2021,10888,Health Care,Medical/Dental Instruments
MDB,MongoDB Inc. Class A Common Stock,$373.89,12.85,3.559%,30418528724.00,United States,2017,1986053,Technology,Computer Software: Prepackaged Software
MDBH,MDB Capital Holdings LLC Class A common,$3.35,0.04,1.208%,33334617.00,United States,2023,17220,Finance,Finance: Consumer Services
MDCX,Medicus Pharma Ltd. Common Stock  ,$2.36,-0.03,-1.255%,37609588.00,Canada,,176127,,
MDCXW,Medicus Pharma Ltd. Warrant,$1.05,0.0299,2.931%,16733079.00,Canada,,1032,,
MDGL,Madrigal Pharmaceuticals Inc. Common Stock,$495.88,6.62,1.353%,11262138950.00,United States,2007,324310,Health Care,Biotechnology: Pharmaceutical Preparations
MDIA,Mediaco Holding Inc. Class A Common Stock ,$0.95,0.00,0.00%,50993631.00,United States,,15236,Consumer Discretionary,Broadcasting
MDLZ,Mondelez International Inc. Class A Common Stock,$56.25,-0.93,-1.626%,72582665175.00,United States,,9204507,Consumer Staples,Packaged Foods
MDRR,Medalist Diversified REIT Inc. Common Stock,$12.50,-0.50,-3.846%,13905063.00,United States,2018,709,Real Estate,Real Estate Investment Trusts
MDT,Medtronic plc. Ordinary Shares,$92.66,0.46,0.499%,118853673826.00,United States,,5375016,Health Care,Biotechnology: Electromedical & Electrotherapeutic Apparatus
MDU,MDU Resources Group Inc. Common Stock (Holding Company),$21.10,0.20,0.957%,4311387687.00,United States,,2458513,Industrials,Mining & Quarrying of Nonmetallic Minerals (No Fuels)
MDV,Modiv Industrial Inc. Class C Common Stock,$14.44,-0.01,-0.069%,146685910.00,,2022,36371,Real Estate,Real Estate Investment Trusts
MDV^A,Modiv Industrial Inc. 7.375% Series A Cumulative Redeemable Perpetual Preferred Stock,$25.2765,0.2465,0.985%,,,,733,,
MDWD,MediWound Ltd. Ordinary Shares,$17.98,0.42,2.392%,202306753.00,Israel,2014,34230,Health Care, Medicinal Chemicals and Botanical Products 
MDXG,MiMedx Group Inc Common Stock,$7.71,0.27,3.629%,1141867646.00,United States,,935066,Health Care,Biotechnology: Pharmaceutical Preparations
MDXH,MDxHealth SA Ordinary Shares,$4.44,-0.05,-1.114%,219768163.00,Belgium,2021,102455,Health Care,Medical Specialities
MEC,Mayville Engineering Company Inc. Common Stock,$16.86,0.31,1.873%,342567718.00,United States,2019,137720,Industrials,Industrial Specialties
MED,MEDIFAST INC Common Stock,$11.79,-0.14,-1.174%,129587109.00,United States,,182333,Consumer Staples,Packaged Foods
MEDP,Medpace Holdings Inc. Common Stock,$600.44,11.29,1.916%,16913327818.00,United States,2016,244327,Health Care,Biotechnology: Commercial Physical & Biological Resarch
MEG,Montrose Environmental Group Inc. Common Stock,$24.70,-1.22,-4.707%,872840375.00,United States,2020,577708,Consumer Discretionary,Professional Services
MEGI,NYLI CBRE Global Infrastructure Megatrends Term Fund Common Shares,$14.10,0.08,0.571%,0.00,United States,2021,157002,Finance,Investment Managers
MEGL,Magic Empire Global Limited Class A Ordinary Shares,$1.34,0.025,1.901%,6785827.00,Hong Kong,2022,17929,Finance,Finance: Consumer Services
MEHA,Functional Brands Inc. Common Stock,$0.7129,0.023,3.334%,5009730.00,United States,,4035718,Health Care, Medicinal Chemicals and Botanical Products 
MEI,Methode Electronics Inc. Common Stock,$6.75,0.12,1.81%,237715709.00,United States,,179644,Technology,Electrical Products
MELI,MercadoLibre Inc. Common Stock,$2092.04,-16.56,-0.785%,106060532631.00,Argentina,2007,823662,Real Estate,Real Estate
MENS,Jyong Biotech Ltd. Ordinary Shares,$38.74,-0.13,-0.334%,2945311820.00,Taiwan,2025,175257,Health Care,Biotechnology: Pharmaceutical Preparations
MEOH,Methanex Corporation Common Stock,$37.12,-0.30,-0.802%,2870842982.00,Canada,,358537,Industrials,Major Chemicals
MER^K,Bank of America Corporation Income Capital Obligation Notes initially due December 15 2066,$25.77,-0.07,-0.271%,,United States,,37134,,
MERC,Mercer International Inc. Common Stock,$1.77,-0.07,-3.804%,118559036.00,Canada,,577404,Basic Materials,Paper
MESA,Mesa Air Group Inc. Common Stock,$1.58,0.13,8.966%,66149816.00,United States,2018,547140,Consumer Discretionary,Air Freight/Delivery Services
MESO,Mesoblast Limited American Depositary Shares,$15.21,0.60,4.107%,1948655296.00,Australia,2015,141520,Health Care,Biotechnology: Biological Products (No Diagnostic Substances)
MET,MetLife Inc. Common Stock,$77.18,1.03,1.353%,51326710848.00,United States,2000,4511200,Finance,Life Insurance
MET^A,MetLife Inc. Preferred Series A Floating Rate,$23.495,-0.015,-0.064%,,United States,,33598,,
MET^E,MetLife Inc. Depositary Shares ,$24.42,0.17,0.701%,,United States,,88867,,
MET^F,MetLife Inc. Depositary Shares each representing a 1/1000th interest in a share of 4.75% Non-Cumulative Preferred Stock Series F,$20.70,0.06,0.291%,,United States,,55306,,
META,Meta Platforms Inc. Class A Common Stock,$631.76,10.05,1.617%,1592368514681.00,United States,2012,19201424,Technology,Computer Software: Programming Data Processing
METC,Ramaco Resources Inc. Class A Common Stock,$24.85,0.14,0.567%,1640163765.00,United States,2017,2361473,Energy,Coal Mining
METCB,Ramaco Resources Inc. Class B Common Stock,$15.91,0.17,1.08%,1050100825.00,United States,,147753,Energy,Coal Mining
METCI,Ramaco Resources Inc. 8.250% Senior Notes due 2030,$25.4999,0.0299,0.117%,0.00,United States,,6215,,
METCZ,Ramaco Resources Inc. 8.375% Senior Notes due 2029,$25.4799,0.0599,0.236%,0.00,United States,,5703,Energy,Coal Mining
MFA,MFA Financial Inc.,$9.27,0.06,0.651%,947354167.00,United States,,1216474,Real Estate,Real Estate Investment Trusts
MFA^B,MFA Financial Inc. Preferred Series B,$21.08,-0.055,-0.26%,,United States,,8956,,
MFA^C,MFA Financial Inc. 6.50% Series C Fixed-to-Floating Rate Cumulative Redeemable Preferred Stock,$23.90,0.13,0.547%,,United States,,9559,,
MFAN,MFA Financial Inc. 8.875% Senior Notes due 2029,$25.01,-0.03,-0.12%,2567744237.00,United States,2024,9359,Real Estate,Real Estate Investment Trusts
MFAO,MFA Financial Inc. 9.000% Senior Notes due 2029,$25.1503,0.0401,0.16%,2582148656.00,United States,2024,13182,Real Estate,Real Estate Investment Trusts
MFC,Manulife Financial Corporation Common Stock,$33.41,0.00,0.00%,56748086156.00,Canada,,3516002,Finance,Life Insurance
MFG,Mizuho Financial Group Inc. Sponosred ADR (Japan),$6.71,0.08,1.207%,84306004437.00,Japan,,1963005,Finance,Major Banks
MFH,Mercurity Fintech Holding Inc. Ordinary Shares,$11.80,0.71,6.402%,751501443.00,China,2015,163936,Finance,Finance: Consumer Services
MFI,mF International Limited Class A Ordinary Shares,$24.85,1.83,7.95%,41163006.00,Hong Kong,2024,10342,Technology,EDP Services
MFIC,MidCap Financial Investment Corporation Common Stock,$11.89,-0.14,-1.164%,1109380066.00,United States,2004,986033,Finance,Finance/Investors Services
MFICL,MidCap Financial Investment Corporation 8.00% Notes due 2028,$25.4899,0.0799,0.314%,2378299994.00,United States,,619,Finance,Finance/Investors Services
MFIN,Medallion Financial Corp. Common Stock,$9.93,0.05,0.506%,231164790.00,United States,,31063,Finance,Finance: Consumer Services
MFM,MFS Municipal Income Trust Common Stock,$5.39,0.03,0.56%,222001331.00,United States,1986,60066,Finance,Finance Companies
MG,Mistras Group Inc Common Stock,$13.07,1.05,8.735%,412334360.00,United States,2009,308618,Consumer Discretionary,Military/Government/Technical
MGA,Magna International Inc. Common Stock,$49.19,-0.68,-1.364%,13862443302.00,Canada,,1767392,Consumer Discretionary,Auto Parts:O.E.M.
MGEE,MGE Energy Inc,$83.25,-0.12,-0.144%,3042108929.00,United States,,108221,Energy,Electric Utilities: Central
MGF,MFS Government Markets Income Trust Common Stock,$3.07,-0.01,-0.325%,100073997.00,United States,1987,28269,Finance,Trusts Except Educational Religious and Charitable
MGIC,Magic Software Enterprises Ltd. Ordinary Shares,$22.36,0.41,1.868%,1097860460.00,Israel,1991,40448,Technology,Computer Software: Prepackaged Software
MGIH,Millennium Group International Holdings Limited Ordinary Shares,$1.57,0.02,1.29%,17662500.00,Hong Kong,2023,8300,Consumer Discretionary,Publishing
MGLD,The Marygold Companies Inc. Common Stock,$1.02,-0.01,-0.971%,43674041.00,,2022,2871,Finance,Finance: Consumer Services
MGM,MGM Resorts International Common Stock,$32.85,0.19,0.582%,8984686554.00,United States,,3926895,Consumer Discretionary,Hotels/Resorts
MGN,Megan Holdings Limited Ordinary Shares,$1.55,0.12,8.392%,27125000.00,Malaysia,2025,46468,Consumer Staples,Farming/Seeds/Milling
MGNI,Magnite Inc. Common Stock,$14.56,-0.535,-3.544%,2091512973.00,United States,,3196400,Technology,Computer Software: Programming Data Processing
MGNX,MacroGenics Inc. Common Stock,$1.43,0.06,4.38%,90384155.00,United States,2013,474670,Health Care,Biotechnology: Pharmaceutical Preparations
MGPI,MGP Ingredients Inc.,$25.50,0.15,0.592%,543005033.00,United States,,309023,Consumer Staples,Beverages (Production/Distribution)
MGR,Affiliated Managers Group Inc. 5.875% Junior Subordinated Notes due 2059,$21.87,0.20,0.923%,621371818.00,United States,2019,13944,Finance,Investment Managers
MGRB,Affiliated Managers Group Inc. 4.750% Junior Subordinated Notes due 2060,$17.66,0.09,0.512%,501757033.00,United States,2020,8036,Finance,Investment Managers
MGRC,McGrath RentCorp Common Stock,$103.94,-0.68,-0.65%,2558135629.00,United States,1984,101741,Consumer Discretionary,Diversified Commercial Services
MGRD,Affiliated Managers Group Inc. 4.200% Junior Subordinated Notes due 2061,$15.91,0.02,0.126%,452035922.00,United States,2021,3410,Finance,Investment Managers
MGRE,Affiliated Managers Group Inc. 6.750% Junior Subordinated Notes due 2064,$24.64,0.04,0.163%,700073232.00,United States,2024,16516,Finance,Investment Managers
MGRT,Mega Fortune Company Limited Ordinary Shares,$6.40,0.04,0.629%,88000000.00,Hong Kong,2025,174205,Technology,EDP Services
MGRX,Mangoceuticals Inc. Common Stock,$2.09,-0.12,-5.43%,22019803.00,United States,2023,564381,Health Care,Misc Health and Biotechnology Services
MGTX,MeiraGTx Holdings plc Ordinary Shares,$8.55,0.08,0.945%,687825928.00,United States,2018,1547886,Health Care,Biotechnology: Biological Products (No Diagnostic Substances)
MGX,Metagenomi Inc. Common Stock,$2.15,-0.01,-0.463%,80696242.00,United States,2024,242766,Health Care,Biotechnology: Biological Products (No Diagnostic Substances)
MGY,Magnolia Oil & Gas Corporation Class A Common Stock,$22.30,0.34,1.548%,4207475224.00,United States,2017,2219907,Energy,Oil & Gas Production
MGYR,Magyar Bancorp Inc. Common Stock,$16.83,0.01,0.059%,108569455.00,United States,2006,691,Finance,Savings Institutions
MH,McGraw Hill Inc. Common Stock,$11.05,-0.29,-2.557%,2110566785.00,,2025,381516,Consumer Discretionary,Publishing
MHD,Blackrock MuniHoldings Fund Inc. Common Stock,$11.77,-0.01,-0.085%,1750934284.00,United States,1997,68894,Finance,Investment Bankers/Brokers/Service
MHF,Western Asset Municipal High Income Fund Inc. Common Stock,$6.94,0.02,0.289%,0.00,United States,1988,80354,Finance,Finance/Investors Services
MHH,Mastech Digital Inc Common Stock,$7.20,0.15,2.128%,84846118.00,United States,,18254,Consumer Discretionary,Professional Services
MHK,Mohawk Industries Inc. Common Stock,$108.08,-0.61,-0.561%,6681652805.00,United States,,943281,Consumer Discretionary,Home Furnishings
MHLA,Maiden Holdings Ltd. 6.625% Notes due 2046,$15.06,-0.01,-0.066%,116593662.00,Bermuda,2016,1130,Finance,Property-Casualty Insurers
MHN,Blackrock MuniHoldings New York Quality Fund Inc. Common Stock,$10.30,0.06,0.586%,1532253451.00,United States,1997,16478,Finance,Investment Bankers/Brokers/Service
MHNC,Maiden Holdings North America Ltd. 7.75% Notes due 2043,$17.775,0.0692,0.391%,137613037.00,Bermuda,2013,3676,Finance,Property-Casualty Insurers
MHO,M/I Homes Inc. Common Stock,$129.16,1.09,0.851%,3377341422.00,United States,1993,148877,Consumer Discretionary,Homebuilding
MHUA,Meihua International Medical Technologies Co. Ltd. Ordinary Shares,$0.212,-0.0136,-6.028%,11851747.00,China,2022,409248,Health Care,Medical/Dental Instruments
MI,NFT Limited Class A Ordinary Share,$4.051,-0.02,-0.491%,20518923.00,,2023,35621,Consumer Discretionary,Other Specialty Stores
MIAX,Miami International Holdings Inc. Common Stock,$48.94,0.24,0.493%,3887564854.00,,2025,577980,Finance,Investment Bankers/Brokers/Service
MIDD,Middleby Corporation (The) Common Stock,$123.16,-0.04,-0.032%,6203723150.00,United States,,863770,Industrials,Industrial Machinery/Components
MIGI,Mawson Infrastructure Group Inc. Common Stock,$0.93,-0.12,-11.429%,19386875.00,Australia,,1003348,Finance,Finance: Consumer Services
MIMI,Mint Incorporation Limited Class A Ordinary Shares,$0.72,-0.14,-16.279%,18009000.00,Hong Kong,2025,1511576,Real Estate,Real Estate
MIN,MFS Intermediate Income Trust Common Stock,$2.63,0.02,0.766%,302181138.00,United States,1988,186460,Finance,Trusts Except Educational Religious and Charitable
MIND,MIND Technology Inc. Common Stock (DE),$13.74,0.54,4.091%,109499845.00,United States,1994,330407,Industrials,Industrial Machinery/Components
MIR,Mirion Technologies Inc. Class A Common Stock,$27.14,-0.31,-1.129%,6888164297.00,United States,2020,2946321,Industrials,Industrial Machinery/Components
MIRA,MIRA Pharmaceuticals Inc. Common Stock,$1.46,0.00,0.00%,27841200.00,United States,2023,247266,Health Care,Biotechnology: Pharmaceutical Preparations
MIRM,Mirum Pharmaceuticals Inc. Common Stock,$69.71,1.60,2.349%,3582646044.00,United States,2019,577795,Health Care,Biotechnology: Pharmaceutical Preparations
MIST,Milestone Pharmaceuticals Inc. Common Shares,$1.85,0.14,8.187%,157239383.00,Canada,2019,2079320,Health Care,Biotechnology: Pharmaceutical Preparations
MITK,Mitek Systems Inc. Common Stock,$9.31,0.18,1.972%,424974026.00,United States,,197754,Technology,Computer peripheral equipment
MITN,AG Mortgage Investment Trust Inc. 9.500% Senior Notes due 2029,$25.13,-0.03,-0.119%,741158688.00,United States,2024,720,Real Estate,Real Estate Investment Trusts
MITP,AG Mortgage Investment Trust Inc. 9.500% Senior Notes due 2029,$25.13,0.065,0.259%,741158688.00,United States,2024,1166,Real Estate,Real Estate Investment Trusts
MITQ,Moving iMage Technologies Inc. Common Stock,$0.7709,-0.0311,-3.878%,7662037.00,United States,2021,89454,Consumer Discretionary,Industrial Machinery/Components
MITT,AG Mortgage Investment Trust Inc. Common Stock,$7.78,-0.03,-0.384%,246878313.00,United States,2011,141692,Real Estate,Real Estate Investment Trusts
MITT^A,AG Mortgage Investment Trust Inc. 8.25% Preferred Series A,$22.00,0.023,0.105%,,United States,,476,,
MITT^B,AG Mortgage Investment Trust Inc. Preferred Series B,$21.72,0.22,1.023%,,United States,,2217,,
MITT^C,AG Mortgage Investment Trust Inc. 8.00% Series C Fixed-to-Floating Rate Cumulative Redeemable Preferred Stock $0.01 par value per share,$25.43,-0.07,-0.275%,,United States,,5846,,
MIY,Blackrock MuniYield Michigan Quality Fund Inc. Common Stock,$11.62,0.02,0.172%,1728619913.00,United States,1992,50606,Finance,Investment Bankers/Brokers/Service
MKC,McCormick & Company Incorporated Common Stock,$64.31,-0.73,-1.122%,17259238630.00,United States,,1538034,Consumer Staples,Packaged Foods
MKDW,MKDWELL Tech Inc. Ordinary Share,$0.1777,0.0028,1.601%,25521157.00,Taiwan,,176129,Technology,Consumer Electronics/Appliances
MKDWW,MKDWELL Tech Inc. Warrants,$0.0153,0.00,0.00%,2197376.00,Taiwan,,1500,Technology,Consumer Electronics/Appliances
MKL,Markel Group Inc. Common Stock,$2060.43,23.11,1.134%,25982537408.00,United States,1986,45041,Finance,Property-Casualty Insurers
MKLY,McKinley Acquisition Corporation Class A Ordinary Shares,$9.96,0.00,0.00%,0.00,United States,2025,852,,
MKLYR,McKinley Acquisition Corporation Rights,$0.20,0.00,0.00%,0.00,United States,2025,10,,
MKLYU,McKinley Acquisition Corporation Units,$10.13,0.00,0.00%,0.00,United States,2025,129,Finance,Blank Checks
MKSI,MKS Inc. Common Stock,$158.90,4.10,2.649%,10673229419.00,United States,1999,1248693,Industrials,Industrial Machinery/Components
MKTW,MarketWise Inc. Class A Common Stock,$17.00,-0.11,-0.643%,272497777.00,United States,,13487,Technology,Computer Software: Prepackaged Software
MKTX,MarketAxess Holdings Inc. Common Stock,$169.19,1.92,1.148%,6321576754.00,United States,2004,656713,Finance,Investment Bankers/Brokers/Service
MKZR,MacKenzie Realty Capital Inc. Common Stock,$4.96,0.09,1.848%,8775649.00,United States,,10660,Real Estate,Real Estate Investment Trusts
MLAB,Mesa Laboratories Inc. Common Stock,$81.83,5.82,7.657%,451889727.00,United States,,130247,Industrials,Industrial Machinery/Components
MLAC,Mountain Lake Acquisition Corp. Class A Ordinary Shares,$10.405,0.025,0.241%,0.00,United States,2025,1141,Industrials,Auto Manufacturing
MLACR,Mountain Lake Acquisition Corp. Right,$0.41,-0.01,-2.381%,0.00,United States,2025,1100,,
MLCI,Mount Logan Capital Inc. Common Stock,$7.44,-0.35,-4.493%,96720000.00,United States,,44240,Finance,Investment Managers
MLCO,Melco Resorts & Entertainment Limited American Depositary Shares,$8.86,0.36,4.235%,3770049264.00,Hong Kong,2006,3630423,Consumer Discretionary,Hotels/Resorts
MLEC,Moolec Science SA Ordinary Shares,$0.6768,0.0223,3.407%,2715785.00,Luxembourg,,61791,Finance,Blank Checks
MLGO,MicroAlgo Inc. Class A Ordinary Shares,$8.75,0.32,3.796%,108828186.00,United States,2021,151506,Technology,EDP Services
MLI,Mueller Industries Inc. Common Stock,$107.72,0.63,0.588%,11924685005.00,United States,,593834,Industrials,Metal Fabrications
MLKN,MillerKnoll Inc. Common Stock,$14.10,-0.18,-1.261%,966058313.00,United States,,3568501,Consumer Discretionary,Office Equipment/Supplies/Services
MLM,Martin Marietta Materials Inc. Common Stock,$616.77,6.13,1.004%,37195636588.00,United States,1994,320722,Industrials,Mining & Quarrying of Nonmetallic Minerals (No Fuels)
MLP,Maui Land & Pineapple Company Inc. Common Stock,$15.19,0.32,2.152%,299892843.00,United States,1998,15967,Finance,Real Estate
MLR,Miller Industries Inc. Common Stock,$38.52,-0.85,-2.159%,440338144.00,United States,,92837,Consumer Discretionary,Construction/Ag Equipment/Trucks
MLSS,Milestone Scientific Inc. Common Stock,$0.38,-0.0199,-4.976%,29852476.00,United States,2015,90610,Health Care,Industrial Specialties
MLTX,MoonLake Immunotherapeutics Class A Ordinary Shares,$10.82,0.19,1.787%,694976412.00,United States,2020,1504209,Health Care,Biotechnology: Pharmaceutical Preparations
MLYS,Mineralys Therapeutics Inc. Common Stock,$44.50,6.48,17.044%,2950135688.00,United States,2023,2837190,Health Care,Biotechnology: Pharmaceutical Preparations
MMA,Mixed Martial Arts Group Limited Ordinary Shares,$1.52,0.07,4.828%,19822638.00,,2024,159255,Consumer Discretionary,Other Consumer Services
MMC,Marsh & McLennan Companies Inc. Common Stock,$178.12,-1.93,-1.072%,87262712736.00,United States,,2142900,Finance,Specialty Insurers
MMD,NYLI MacKay DefinedTerm Muni Opportunities Fund Common Shares,$15.11,0.05,0.332%,0.00,United States,2012,54761,Finance,Investment Managers
MMI,Marcus & Millichap Inc. Common Stock,$30.09,0.82,2.802%,1173418948.00,United States,2013,180593,Finance,Real Estate
MMLP,Martin Midstream Partners L.P. Limited Partnership,$2.60,-0.01,-0.383%,101543224.00,United States,2002,61757,Energy,Oil Refining/Marketing
MMM,3M Company Common Stock,$167.67,2.83,1.717%,89306022134.00,United States,,2754912,Health Care,Medical/Dental Instruments
MMS,Maximus Inc. Common Stock,$83.08,-1.00,-1.189%,4681527177.00,United States,1997,369152,Real Estate,Real Estate
MMSI,Merit Medical Systems Inc. Common Stock,$88.33,0.78,0.891%,5237107606.00,United States,,411579,Health Care,Medical/Dental Instruments
MMT,MFS Multimarket Income Trust Common Stock,$4.70,0.04,0.858%,279877034.00,United States,1987,241482,Finance,Trusts Except Educational Religious and Charitable
MMTXU,Miluna Acquisition Corp Units,$10.04,0.02,0.20%,0.00,Taiwan,2025,717,,
MMU,Western Asset Managed Municipals Fund Inc. Common Stock,$10.33,0.04,0.389%,0.00,United States,1992,102597,Finance,Investment Managers
MMYT,MakeMyTrip Limited Ordinary Shares,$76.66,-1.38,-1.768%,8529377347.00,India,2010,1050421,Consumer Discretionary,Transportation Services
MNDO,MIND C.T.I. Ltd. Ordinary Shares,$1.055,0.005,0.476%,21486474.00,Israel,,65639,Technology,EDP Services
MNDR,Mobile-health Network Solutions Class A Ordinary Shares,$2.00,0.105,5.541%,2081820.00,Singapore,2024,13978,Technology,Computer Software: Prepackaged Software
MNDY,monday.com Ltd. Ordinary Shares,$166.21,-23.38,-12.332%,8439036343.00,Israel,2021,6414850,Technology,Computer Software: Prepackaged Software
MNKD,MannKind Corporation Common Stock,$5.42,-0.21,-3.73%,1664320923.00,United States,2004,8187560,Health Care,Biotechnology: Pharmaceutical Preparations
MNMD,Mind Medicine (MindMed) Inc. Common Shares,$11.75,0.05,0.427%,887750876.00,United States,,1819615,Health Care, Medicinal Chemicals and Botanical Products 
MNOV,Medicinova Inc Common Stock,$1.41,-0.01,-0.704%,69155207.00,United States,,198654,Health Care,Biotechnology: Pharmaceutical Preparations
MNPR,Monopar Therapeutics Inc. Common Stock,$83.08,2.13,2.631%,512600360.00,United States,2019,269876,Health Care,Biotechnology: Pharmaceutical Preparations
MNR,Mach Natural Resources LP Common Units representing Limited Partner Interests,$11.51,-0.10,-0.861%,1938546555.00,United States,2023,641657,Energy,Oil & Gas Production
MNRO,Monro Inc. Common Stock,$17.85,0.34,1.942%,535850931.00,United States,1991,1314851,Consumer Discretionary,Automotive Aftermarket
MNSB,MainStreet Bancshares Inc. Common Stock,$18.15,0.13,0.721%,139862085.00,United States,,22098,Finance,Major Banks
MNSBP,MainStreet Bancshares Inc. Depositary Shares,$24.8415,0.3415,1.394%,191426115.00,United States,,897,Finance,Major Banks
MNSO,MINISO Group Holding Limited American Depositary Shares each representing four Ordinary Shares,$21.72,1.04,5.029%,6786804048.00,China,2020,508371,Consumer Discretionary,Department/Specialty Retail Stores
MNST,Monster Beverage Corporation,$70.03,0.30,0.43%,68379266076.00,United States,,6720720,Consumer Staples,Beverages (Production/Distribution)
MNTK,Montauk Renewables Inc. Common Stock,$1.86,0.08,4.494%,264597308.00,United States,2021,165660,Utilities,Natural Gas Distribution
MNTN,MNTN Inc. Class A Common Stock,$13.90,-0.49,-3.405%,1009307648.00,United States,2025,1029421,Consumer Discretionary,Advertising
MNTS,Momentus Inc. Class A Common Stock,$0.9225,-0.0051,-0.55%,10732702.00,United States,2019,517593,Industrials,Military/Government/Technical
MNTSW,Momentus Inc. Warrant,$0.0232,-0.0014,-5.691%,269917.00,United States,2019,67022,Industrials,Military/Government/Technical
MNY,MoneyHero Limited Class A Ordinary Shares,$1.46,0.23,18.699%,63077885.00,Singapore,,178670,Real Estate,Real Estate
MNYWW,MoneyHero Limited Warrants,$0.06,0.008,15.385%,2592242.00,Singapore,,9206,Real Estate,Real Estate
MO,Altria Group Inc.,$57.55,-0.48,-0.827%,96607547818.00,United States,,7809657,Health Care, Medicinal Chemicals and Botanical Products 
MOB,Mobilicom Limited American Depositary Shares,$6.59,0.06,0.919%,65502419.00,Israel,2022,311221,Industrials,Aerospace
MOBBW,Mobilicom Limited Warrants,$2.68,1.03,62.424%,26638313.00,Israel,2022,1612,Industrials,Aerospace
MOBX,Mobix Labs Inc. Class A Common Stock,$0.6378,-0.0004,-0.063%,34909561.00,United States,2021,1022963,Technology,Semiconductors
MOBXW,Mobix Labs Inc Warrants,$0.1622,0.0222,15.857%,8877910.00,United States,2021,570,Technology,Semiconductors
MOD,Modine Manufacturing Company Common Stock,$159.74,3.35,2.142%,8410082252.00,United States,,824657,Consumer Discretionary,Auto Parts:O.E.M.
MODD,Modular Medical Inc. Common Stock,$0.5095,-0.0105,-2.019%,28162407.00,United States,,380275,Health Care,Medical/Dental Instruments
MODG,Topgolf Callaway Brands Corp. Common Stock,$10.55,-0.05,-0.472%,1939972370.00,United States,,4799899,Consumer Discretionary,Recreational Games/Products/Toys
MOFG,MidWestOne Financial Gp Common Stock,$39.54,0.57,1.463%,815819330.00,United States,,354216,Finance,Major Banks
MOGO,Mogo Inc. Common Shares,$1.34,-0.06,-4.286%,32091660.00,Canada,,295132,Finance,Finance: Consumer Services
MOGU,MOGU Inc. American Depositary Shares (each  representing 25 Class A Ordinary Shares),$2.88,0.29,11.197%,23540086.00,,2018,16474,Real Estate,Real Estate
MOH,Molina Healthcare Inc Common Stock,$140.90,-11.16,-7.339%,7242260000.00,United States,2003,2272512,Health Care,Medical Specialities
MOLN,Molecular Partners AG American Depositary Shares,$4.25,-0.49,-10.338%,171543154.00,Switzerland,2021,5983,Health Care,Biotechnology: Biological Products (No Diagnostic Substances)
MOMO,Hello Group Inc. American Depositary Shares,$6.97,0.22,3.259%,1119866192.00,China,2014,1053139,Technology,Computer Software: Prepackaged Software
MORN,Morningstar Inc. Common Stock,$215.07,-0.42,-0.195%,8845656614.00,United States,2005,254882,Finance,Investment Managers
MOS,Mosaic Company (The) Common Stock,$25.89,0.31,1.212%,8217689936.00,United States,,8265461,Industrials,Agricultural Chemicals
MOV,Movado Group Inc. Common Stock,$17.98,-0.03,-0.167%,398035810.00,United States,,44541,Consumer Discretionary,Consumer Specialties
MOVE,Movano Inc. Common Stock,$11.91,7.14,149.686%,9943754.00,United States,2021,46631299,Health Care,Biotechnology: Electromedical & Electrotherapeutic Apparatus
MP,MP Materials Corp. Common Stock,$64.18,5.58,9.522%,11366169793.00,United States,2020,18765588,Basic Materials,Metal Mining
MPA,Blackrock MuniYield Pennsylvania Quality Fund Common Stock,$11.41,0.09,0.795%,0.00,United States,1992,19108,Finance,Finance Companies
MPAA,Motorcar Parts  of America Inc. Common Stock,$12.86,-4.52,-26.007%,248868456.00,United States,,644948,Consumer Discretionary,Auto Parts:O.E.M.
MPB,Mid Penn Bancorp Common Stock,$29.20,0.52,1.813%,673016083.00,United States,,56743,Finance,Major Banks
MPC,Marathon Petroleum Corporation Common Stock,$196.36,2.60,1.342%,59026302776.00,United States,,2269126,Energy,Integrated oil Companies
MPLT,MapLight Therapeutics Inc. Common Stock,$15.39,-0.22,-1.409%,637591110.00,United States,2025,226774,Health Care,Biotechnology: Pharmaceutical Preparations
MPLX,MPLX LP Common Units Representing Limited Partner Interests,$51.78,0.51,0.995%,52663633571.00,United States,2012,2482992,Energy,Natural Gas Distribution
MPTI,M-tron Industries Inc. Common Stock,$54.44,1.43,2.698%,159177388.00,United States,2022,12270,Technology,Industrial Machinery/Components
MPU,Mega Matrix Inc. Class A Ordinary Shares,$1.03,0.0499,5.091%,39708380.00,United States,1998,21871,Consumer Discretionary,Diversified Commercial Services
MPV,Barings Participation Investors Common Stock,$19.445,0.135,0.699%,206150057.00,United States,1988,6474,Finance,Finance Companies
MPW,Medical Properties Trust Inc. common stock,$4.96,-0.11,-2.17%,2981456000.00,United States,2005,10951605,Real Estate,Real Estate Investment Trusts
MPWR,Monolithic Power Systems Inc. Common Stock,$976.31,18.05,1.884%,46772083170.00,United States,2004,608316,Technology,Semiconductors
MPX,Marine Products Corporation Common Stock,$8.46,-0.23,-2.647%,296091828.00,United States,2001,14516,Industrials,Marine Transportation
MQ,Marqeta Inc. Class A Common Stock,$4.78,0.15,3.24%,2103674401.00,United States,2021,5067219,Technology,Computer Software: Prepackaged Software
MQT,Blackrock MuniYield Quality Fund II Inc. Common Stock,$10.07,0.03,0.299%,1498038083.00,United States,1992,37311,Finance,Investment Bankers/Brokers/Service
MQY,Blackrock MuniYield Quality Fund Inc. Common Stock,$11.54,0.04,0.348%,1716718915.00,United States,1992,170945,Finance,Investment Bankers/Brokers/Service
MRAM,Everspin Technologies Inc. Common Stock,$9.38,0.375,4.164%,214394101.00,United States,2016,336575,Technology,Semiconductors
MRBK,Meridian Corporation Common Stock,$14.71,0.315,2.188%,166241064.00,United States,2017,51793,Finance,Major Banks
MRCC,Monroe Capital Corporation Common Stock,$6.435,-0.145,-2.204%,139422898.00,United States,2012,112855,Finance,Investment Managers
MRCY,Mercury Systems Inc Common Stock,$74.65,0.58,0.783%,4486475152.00,United States,1998,536092,Technology,Electrical Products
MREO,Mereo BioPharma Group plc American Depositary Shares,$1.77,-0.03,-1.667%,274607724.00,United Kingdom,,1352184,Health Care,Biotechnology: Pharmaceutical Preparations
MRK,Merck & Company Inc. Common Stock (new),$86.75,0.47,0.545%,215315454998.00,United States,,8318922,Health Care,Biotechnology: Pharmaceutical Preparations
MRKR,Marker Therapeutics Inc. Common Stock,$0.9694,0.1045,12.082%,12542979.00,United States,,454709,Health Care,Biotechnology: Pharmaceutical Preparations
MRM,MEDIROM Healthcare Technologies Inc. American Depositary Share,$2.03,0.04,2.01%,16040959.00,Japan,2020,54626,Consumer Discretionary,Other Consumer Services
MRNA,Moderna Inc. Common Stock,$24.76,0.22,0.896%,9673224717.00,United States,2018,8231473,Health Care,Biotechnology: Biological Products (No Diagnostic Substances)
MRNO,Murano Global Investments PLC Ordinary Shares,$2.46,0.1027,4.357%,195092111.00,Mexico,,1068,Consumer Discretionary,Hotels/Resorts
MRNOW,Murano Global Investments PLC Warrants,$0.0743,-0.0107,-12.588%,5892416.00,Mexico,,2407,Consumer Discretionary,Hotels/Resorts
MRP,Millrose Properties Inc. Class A Common Stock,$31.67,-0.16,-0.503%,5257330750.00,United States,2025,1388805,Finance,Real Estate
MRSN,Mersana Therapeutics Inc. Common Stock,$8.61,0.20,2.378%,42969858.00,United States,2017,38632,Health Care,Biotechnology: Pharmaceutical Preparations
MRT,Marti Technologies Inc. Class A Ordinary Shares,$2.49,-0.06,-2.353%,189848454.00,,2021,19374,Consumer Discretionary,Rental/Leasing Companies
MRTN,Marten Transport Ltd. Common Stock,$9.88,-0.01,-0.101%,805421789.00,United States,1986,549148,Industrials,Trucking Freight/Courier Services
MRUS,Merus N.V. Common Shares,$95.42,0.19,0.20%,7237089728.00,Netherlands,2016,1666236,Health Care,Biotechnology: Pharmaceutical Preparations
MRVI,Maravai LifeSciences Holdings Inc. Class A Common Stock,$3.10,0.23,8.014%,791621744.00,United States,2020,957598,Health Care,Biotechnology: Pharmaceutical Preparations
MRVL,Marvell Technology Inc. Common Stock,$93.23,2.31,2.541%,80373583000.00,United States,2000,14562074,Technology,Semiconductors
MRX,Marex Group plc Ordinary Shares,$34.49,0.96,2.863%,2424332658.00,United Kingdom,2024,827678,Finance,Investment Bankers/Brokers/Service
MS,Morgan Stanley Common Stock,$165.05,2.69,1.657%,262315501781.00,United States,,5015211,Finance,Investment Bankers/Brokers/Service
MS^A,Morgan Stanley Dep Shs repstg 1/1000 Pfd Ser A,$20.74,0.04,0.193%,,United States,,90047,,
MS^E,Morgan Stanley DEPOSITARY SHARES REP 1/1000TH SHARES FIXED/FLTG PREFERRED STOCK SERIES E,$25.459,-0.001,-0.004%,,United States,,58826,,
MS^F,Morgan Stanley Dep Shs Rpstg 1/1000th Int Prd Ser F Fxd to Flag,$25.31,0.02,0.079%,,United States,,21124,,
MS^I,Morgan Stanley Depository Shares Representing 1/1000th Preferred Series 1 Fixed to Floating Non (Cum),$25.23,-0.04,-0.158%,,United States,,24485,,
MS^K,Morgan Stanley Depositary Shares each representing 1/1000th of a share of Fixed-to-Floating Rate Non-Cumulative Preferred Stock  Series K,$24.55,0.23,0.946%,,United States,,37059,,
MS^L,Morgan Stanley Depositary Shares each representing 1/1000th of a share of 4.875% Non-Cumulative Preferred Stock Series L,$21.19,0.12,0.57%,,United States,,17495,,
MS^O,Morgan Stanley Depositary Shares each representing 1/1000th of a share of 4.250% Non-Cumulative Preferred Stock Series O,$18.09,0.01,0.055%,,United States,,101382,,
MS^P,Morgan Stanley Depositary Shares each representing 1/1000th of a share of 6.500% Non-Cumulative Preferred Stock Series P,$25.66,0.20,0.786%,,United States,,44694,,
MS^Q,Morgan Stanley Depositary Shares each representing 1/1000th of a share of 6.625% Non-Cumulative Preferred Stock Series Q,$26.33,0.07,0.267%,,United States,,25216,,
MSA,MSA Safety Incorporated Common Stock,$160.47,1.51,0.95%,6282731229.00,United States,2000,181736,Health Care,Industrial Specialties
MSAI,MultiSensor AI Holdings Inc. Common Stock,$1.20,0.09,8.108%,41489382.00,United States,2021,7834716,Technology,Electronic Components
MSAIW,MultiSensor AI Holdings Inc. Warrant,$0.1582,0.0084,5.607%,5469684.00,United States,2021,151312,Technology,Electronic Components
MSB,Mesabi Trust Common Stock,$34.72,0.08,0.231%,455526747.00,United States,,40386,Industrials,Precious Metals
MSBI,Midland States Bancorp Inc. Common Stock,$16.12,0.11,0.687%,347413743.00,United States,2016,147838,Finance,Major Banks
MSBIP,Midland States Bancorp Inc. Depositary Shares Each Representing a 1/40th Interest in a Share of 7.750% Fixed-Rate Reset Non-Cumulative Perpetual Preferred Stock Series A,$24.15,0.05,0.207%,520474062.00,United States,,3182,Finance,Major Banks
MSC,Studio City International Holdings Limited American depositary shares each representing four  Class A ordinary shares,$3.955,0.265,7.182%,833382235.00,,2018,5601,Consumer Discretionary,Hotels/Resorts
MSCI,MSCI Inc. Common Stock,$576.95,-5.90,-1.012%,43351757026.00,United States,,683894,Real Estate,Real Estate
MSD,Morgan Stanley Emerging Markets Debt Fund Inc. Common Stock,$7.34,0.08,1.102%,0.00,United States,1993,106665,Finance,Trusts Except Educational Religious and Charitable
MSDL,Morgan Stanley Direct Lending Fund Common Stock,$16.45,-0.01,-0.061%,0.00,United States,2024,793111,,
MSEX,Middlesex Water Company Common Stock,$52.71,-0.86,-1.605%,966586439.00,United States,,102304,Utilities,Water Supply
MSFT,Microsoft Corporation Common Stock,$506.00,9.18,1.848%,3760783093430.00,United States,1986,26085179,Technology,Computer Software: Prepackaged Software
MSGE,Madison Square Garden Entertainment Corp. Class A Common Stock,$49.27,2.76,5.934%,2327106204.00,United States,2023,494661,Consumer Discretionary,Services-Misc. Amusement & Recreation
MSGM,Motorsport Games Inc. Class A Common Stock,$3.43,-0.31,-8.289%,19820084.00,United States,2021,2038293,Technology,Computer Software: Prepackaged Software
MSGS,Madison Square Garden Sports Corp. Class A Common Stock (New),$221.21,1.06,0.481%,5322181422.00,United States,2015,135583,Consumer Discretionary,Services-Misc. Amusement & Recreation
MSGY,Masonglory Limited Ordinary Shares,$1.46,0.51,53.684%,,Hong Kong,2025,21023486,,
MSI,Motorola Solutions Inc. Common Stock,$394.00,3.25,0.832%,65622669212.00,United States,,1374372,Technology,Radio And Television Broadcasting And Communications Equipment
MSIF,MSC Income Fund Inc. Common Stock,$11.87,-0.07,-0.586%,563118794.00,,2025,287194,Finance,Finance/Investors Services
MSM,MSC Industrial Direct Company Inc. Common Stock,$88.34,0.31,0.352%,4928502028.00,United States,1995,571928,Industrials,Industrial Machinery/Components
MSN,Emerson Radio Corporation Common Stock,$0.4692,0.0182,4.035%,9873212.00,United States,1994,115643,Consumer Staples,Consumer Electronics/Appliances
MSPR,MSP Recovery Inc. Class A Common Stock,$0.3166,-0.0594,-15.798%,445430.00,United States,2020,17443948,Technology,EDP Services
MSPRW,MSP Recovery Inc. Warrant,$0.0014,0.0001,7.692%,1970.00,United States,,342792,Technology,EDP Services
MSPRZ,MSP Recovery Inc. Warrant,$0.0225,-0.0001,-0.442%,31656.00,United States,2020,513,Technology,EDP Services
MSS,Maison Solutions Inc. Class A Common Stock,$0.5197,0.013,2.566%,10233140.00,United States,2023,114686,Consumer Staples,Food Chains
MSTR,Strategy Inc Common Stock Class A,$238.88,-3.05,-1.261%,68643060217.00,United States,1998,9458728,Technology,Computer Software: Prepackaged Software
MSW,Ming Shing Group Holdings Limited Ordinary Shares,$1.91,-0.09,-4.50%,24782250.00,Hong Kong,2024,76360,Consumer Discretionary,Engineering & Construction
MT,Arcelor Mittal NY Registry Shares NEW,$39.57,0.41,1.047%,30411389833.00,Luxembourg,,1371563,Industrials,Steel/Iron Ore
MTA,Metalla Royalty & Streaming Ltd. Common Shares,$6.64,0.16,2.469%,614481390.00,,,495397,Basic Materials,Precious Metals
MTB,M&T Bank Corporation Common Stock,$188.25,2.39,1.286%,28932289523.00,United States,,1131310,Finance,Major Banks
MTB^H,M&T Bank Corporation Perpetual Fixed-to-Floating Rate Non-Cumulative Preferred Stock Series H,$24.91,-0.0298,-0.119%,,United States,,17304,,
MTB^J,M&T Bank Corporation Depositary Shares each representing a 1/400th ownership interest in a share of Perpetual 7.500% Non-Cumulative Preferred Stock Series J,$26.66,-0.02,-0.075%,,United States,,40112,,
MTB^K,M&T Bank Corporation Depositary Shares each representing a 1/400th interest in a share of Perpetual 6.350% Non-Cumulative Preferred Stock Series K,$24.92,0.06,0.241%,,United States,,288236,,
MTC,MMTec Inc. Common Shares,$2.37,-0.21,-8.14%,59692868.00,China,2019,3599456,Technology,Computer Software: Prepackaged Software
MTCH,Match Group Inc. Common Stock,$33.31,0.44,1.339%,7863497996.00,United States,,3494400,Technology,Computer Software: Programming Data Processing
MTD,Mettler-Toledo International Inc. Common Stock,$1432.57,-6.78,-0.471%,29509566733.00,Switzerland,1997,106223,Industrials,Biotechnology: Laboratory Analytical Instruments
MTDR,Matador Resources Company Common Stock,$39.56,0.21,0.534%,4916147784.00,United States,2012,1640119,Energy,Oil & Gas Production
MTEK,Maris-Tech Ltd. Ordinary Shares,$1.62,0.29,21.805%,12933375.00,Israel,2022,936282,Telecommunications,Telecommunications Equipment
MTEKW,Maris-Tech Ltd. Warrants,$0.1764,0.0469,36.216%,1408301.00,Israel,2022,11327,Telecommunications,Telecommunications Equipment
MTEN,Mingteng International Corporation Inc. Class A Ordinary Shares,$2.38,-0.03,-1.245%,16278248.00,China,2024,131317,Industrials,Building Products
MTEX,Mannatech Incorporated Common Stock,$9.67,0.47,5.109%,18381993.00,United States,,3792,Health Care, Medicinal Chemicals and Botanical Products 
MTG,MGIC Investment Corporation Common Stock,$28.29,0.26,0.928%,6329632352.00,United States,1991,1560390,Finance,Property-Casualty Insurers
MTH,Meritage Homes Corporation Common Stock,$67.02,0.02,0.03%,4718657503.00,United States,,572553,Consumer Discretionary,Homebuilding
MTLS,Materialise NV American Depositary Shares,$6.07,0.29,5.017%,358537819.00,Belgium,2014,121761,Technology,Computer Software: Prepackaged Software
MTN,Vail Resorts Inc. Common Stock,$146.14,-1.39,-0.942%,5254201817.00,United States,1997,503536,Consumer Discretionary,Services-Misc. Amusement & Recreation
MTNB,Matinas Biopharma Holdings Inc. Common Stock,$1.17,-0.11,-8.594%,5951772.00,United States,2017,14783,Health Care,Biotechnology: Pharmaceutical Preparations
MTR,Mesa Royalty Trust Common Stock,$4.405,-0.045,-1.011%,8209114.00,United States,,4442,Energy,Oil & Gas Production
MTRN,Materion Corporation,$118.17,2.06,1.774%,2006275252.00,United States,,119539,Industrials,Industrial Specialties
MTRX,Matrix Service Company Common Stock,$13.02,0.49,3.911%,366181342.00,United States,1990,240707,Consumer Discretionary,Engineering & Construction
MTSI,MACOM Technology Solutions Holdings Inc. Common Stock,$178.42,8.39,4.934%,13287165956.00,United States,2012,1460301,Technology,Semiconductors
MTSR,Metsera Inc. Common Stock,$70.87,-12.31,-14.799%,7445285978.00,United States,2025,6519702,Health Care,Biotechnology: Pharmaceutical Preparations
MTUS,Metallus Inc. Common Shares,$16.15,-0.85,-5.00%,672628023.00,United States,2014,404263,Industrials,Steel/Iron Ore
MTVA,MetaVia Inc. Common Stock,$0.80,-0.1082,-11.914%,19371830.00,United States,2016,2157454,Health Care,Biotechnology: Pharmaceutical Preparations
MTW,Manitowoc Company Inc. (The) Common Stock,$11.19,0.25,2.285%,396919841.00,United States,,234202,Industrials,Construction/Ag Equipment/Trucks
MTX,Minerals Technologies Inc. Common Stock,$56.71,0.81,1.449%,1765626607.00,United States,1992,126731,Basic Materials,Major Chemicals
MTZ,MasTec Inc. Common Stock,$201.02,0.58,0.289%,15860664949.00,United States,,552975,Industrials,Water Sewer Pipeline Comm & Power Line Construction
MU,Micron Technology Inc. Common Stock,$253.30,15.38,6.464%,284320646666.00,United States,,27809197,Technology,Semiconductors
MUA,Blackrock MuniAssets Fund Inc Common Stock,$10.83,0.02,0.185%,1611097561.00,United States,1993,60321,Finance,Investment Bankers/Brokers/Service
MUC,Blackrock MuniHoldings California Quality Fund Inc.  Common Stock,$10.85,0.03,0.277%,1614072810.00,United States,1998,278113,Finance,Investment Bankers/Brokers/Service
MUE,Blackrock MuniHoldings Quality Fund II Inc. Common Stock,$10.08,0.05,0.499%,1499525708.00,United States,,36496,Finance,Investment Bankers/Brokers/Service
MUFG,Mitsubishi UFJ Financial Group Inc. Common Stock,$15.21,0.13,0.862%,183549883093.00,Japan,,3515828,Finance,Commercial Banks
MUJ,Blackrock MuniHoldings New Jersey Quality Fund Inc. Common Stock,$11.77,-0.02,-0.17%,1750934284.00,United States,1998,88730,Finance,Investment Bankers/Brokers/Service
MUR,Murphy Oil Corporation Common Stock,$28.78,0.35,1.231%,4108022923.00,United States,,1959531,Energy,Oil & Gas Production
MURA,Mural Oncology plc Ordinary Shares ,$2.10,0.01,0.478%,36423421.00,Ireland,,71743,Health Care,Biotechnology: Pharmaceutical Preparations
MUSA,Murphy USA Inc. Common Stock,$357.82,-5.86,-1.611%,6703559826.00,United States,2013,227264,Consumer Discretionary,Retail-Auto Dealers and Gas Stations
MUX,McEwen Inc. Common Stock,$17.09,1.03,6.413%,931071010.00,Canada,,1338119,Basic Materials,Precious Metals
MVBF,MVB Financial Corp. Common Stock,$26.51,0.01,0.038%,333610694.00,United States,,32004,Finance,Major Banks
MVF,Blackrock MuniVest Fund Inc. Common Stock,$6.97,0.01,0.144%,1036874423.00,United States,1988,69752,Finance,Investment Bankers/Brokers/Service
MVIS,MicroVision Inc. Common Stock,$1.07,0.00,0.00%,322032426.00,United States,1996,5251176,Technology,Industrial Machinery/Components
MVO,MV Oil Trust Units of Beneficial Interests,$4.33,-0.07,-1.591%,49795000.00,United States,2007,80889,Energy,Oil & Gas Production
MVST,Microvast Holdings Inc. Common Stock,$4.98,0.05,1.014%,1620263473.00,United States,2019,7388473,Miscellaneous,Industrial Machinery/Components
MVSTW,Microvast Holdings Inc. Warrants,$0.405,0.0748,22.653%,131768415.00,United States,2019,294418,Miscellaneous,Industrial Machinery/Components
MVT,Blackrock MuniVest Fund II Inc.  Common Stock,$10.77,0.00,0.00%,1602171813.00,United States,1993,27143,Finance,Investment Bankers/Brokers/Service
MWA,MUELLER WATER PRODUCTS Common Stock,$23.95,0.03,0.125%,3743229684.00,United States,2006,1635938,Industrials,Metal Fabrications
MWG,Multi Ways Holdings Limited Ordinary Shares,$0.2497,-0.019,-7.071%,8322501.00,,2023,100915,Consumer Discretionary,Miscellaneous manufacturing industries
MWYN,Marwynn Holdings Inc. Common stock,$0.9267,-0.0075,-0.803%,15803946.00,United States,2025,32551,Consumer Discretionary,Food Distributors
MX,Magnachip Semiconductor Corporation Common Stock,$2.30,0.03,1.322%,82625276.00,Luxembourg,2011,327573,Technology,Semiconductors
MXC,Mexco Energy Corporation Common Stock,$9.50,0.53,5.909%,19437000.00,United States,2003,1970,Energy,Oil & Gas Production
MXCT,MaxCyte Inc. Common Stock,$1.47,0.03,2.083%,156711773.00,United States,2021,318800,Health Care,Biotechnology: Commercial Physical & Biological Resarch
MXE,Mexico Equity and Income Fund Inc. (The) Common Stock,$11.87,0.01,0.084%,0.00,United States,,16894,Finance,Finance Companies
MXF,Mexico Fund Inc. (The) Common Stock,$19.34,0.03,0.155%,0.00,United States,,14970,Finance,Trusts Except Educational Religious and Charitable
MXL,MaxLinear Inc. Common Stock,$15.14,0.38,2.575%,1322824707.00,United States,2010,780412,Technology,Semiconductors
MYD,Blackrock MuniYield Fund Inc.  Common Stock,$10.56,-0.02,-0.189%,1570931694.00,United States,1991,68144,Finance,Investment Bankers/Brokers/Service
MYE,Myers Industries Inc. Common Stock,$17.71,0.27,1.548%,662494175.00,United States,1983,211632,Industrials,Plastic Products
MYFW,First Western Financial Inc. Common Stock,$23.54,0.54,2.348%,228684297.00,United States,2018,7566,Finance,Major Banks
MYGN,Myriad Genetics Inc. Common Stock,$6.48,0.18,2.857%,604024919.00,United States,1995,1146697,Health Care,Biotechnology: In Vitro & In Vivo Diagnostic Substances
MYI,Blackrock MuniYield Quality Fund III Inc Common Stock,$11.07,0.06,0.545%,1646800554.00,United States,,154702,Finance,Investment Bankers/Brokers/Service
MYN,Blackrock MuniYield New York Quality Fund Inc.Common Stock,$9.94,-0.01,-0.101%,0.00,United States,1992,80564,Finance,Finance Companies
MYND,Mynd.ai Inc. American Depositary Shares,$0.5748,-0.0436,-7.05%,26238345.00,,2017,16817,Real Estate,Other Consumer Services
MYNZ,Mainz Biomed N.V. Ordinary Shares,$1.32,0.01,0.763%,4011286.00,Germany,2021,107832,Health Care,Biotechnology: Pharmaceutical Preparations
MYO,Myomo Inc. Common Stock,$0.917,0.0633,7.415%,34663581.00,United States,2017,1065178,Health Care,Industrial Specialties
MYPS,PLAYSTUDIOS Inc.  Class A Common Stock,$0.8038,0.0039,0.488%,101362368.00,United States,2020,221693,Technology,Computer Software: Prepackaged Software
MYPSW,PLAYSTUDIOS Inc. Warrant,$0.015,-0.0001,-0.662%,1891559.00,United States,2020,1065,Technology,Computer Software: Prepackaged Software
MYRG,MYR Group Inc. Common Stock,$232.17,-1.31,-0.561%,3603936370.00,United States,2008,215410,Industrials,Water Sewer Pipeline Comm & Power Line Construction
MYSE,Myseum Inc. Common Stock,$2.21,0.06,2.791%,9302617.00,United States,2021,42300,Telecommunications,Telecommunications Equipment
MYSEW,Myseum Inc. Series A Warrant,$0.1833,0.0258,16.381%,771570.00,United States,2021,406,Telecommunications,Telecommunications Equipment
MYSZ,My Size Inc. Common Stock,$1.178,0.018,1.552%,3836580.00,Israel,,34377,Technology,Computer Software: Prepackaged Software
MZTI,The Marzetti Company Common Stock,$172.44,-0.01,-0.006%,4739685840.00,United States,,118756,Consumer Staples,Packaged Foods
NA,Nano Labs Ltd Class A Ordinary Shares,$4.54,0.39,9.398%,129713339.00,China,2022,54418,Technology,Semiconductors
NAAS,NaaS Technology Inc. American Depositary Shares,$3.55,0.08,2.305%,8291156.00,China,2017,5140,Consumer Discretionary,Other Specialty Stores
NABL,N-able Inc. Common Stock,$7.74,-0.50,-6.068%,1442191127.00,United States,2021,948471,Technology,Computer Software: Prepackaged Software
NAC,Nuveen California Quality Municipal Income Fund,$12.10,0.06,0.498%,0.00,United States,1999,511566,Finance,Investment Managers
NAD,Nuveen Quality Municipal Income Fund Common Stock,$11.98,0.17,1.439%,0.00,United States,1999,793022,Finance,Investment Managers
NAGE,Niagen Bioscience Inc. Common Stock,$7.10,0.26,3.801%,566623587.00,United States,,1114893,Health Care, Medicinal Chemicals and Botanical Products 
NAII,Natural Alternatives International Inc. Common Stock,$2.82,-0.135,-4.569%,17418514.00,United States,,27814,Health Care, Medicinal Chemicals and Botanical Products 
NAK,Northern Dynasty Minerals Ltd. Common Stock,$1.81,0.05,2.841%,998665945.00,Canada,,8398824,Basic Materials,Precious Metals
NAKA,Kindly MD Inc. Common Stock,$0.7382,-0.0318,-4.13%,450243274.00,United States,2024,15923578,Health Care,Medical/Nursing Services
NAMI,Jinxin Technology Holding Company American Depositary Shares,$0.7695,-0.0165,-2.099%,52608551.00,China,2024,12092,Real Estate,Other Consumer Services
NAMM,Namib Minerals Ordinary Shares,$1.66,0.16,10.667%,89104532.00,Cayman Islands,,331089,Basic Materials,Precious Metals
NAMMW,Namib Minerals Warrants,$0.08,0.005,6.667%,4294194.00,Cayman Islands,,51308,Basic Materials,Precious Metals
NAMS,NewAmsterdam Pharma Company N.V. Ordinary Shares,$38.97,2.21,6.012%,4418839632.00,Netherlands,,2019815,Health Care,Biotechnology: Pharmaceutical Preparations
NAMSW,NewAmsterdam Pharma Company N.V. Warrant,$27.50,0.51,1.89%,3118247110.00,Netherlands,,1202,Health Care,Biotechnology: Pharmaceutical Preparations
NAN,Nuveen New York Quality Municipal Income Fund Common Stock,$11.58,0.07,0.608%,3500816964.00,United States,1999,49667,Finance,Investment Managers
NAOV,NanoVibronix Inc. Common Stock,$4.69,0.04,0.86%,3737696.00,United States,,8319,Health Care,Industrial Specialties
NAT,Nordic American Tankers Limited Common Stock,$3.65,0.09,2.528%,772889920.00,Bermuda,1995,1771595,Consumer Discretionary,Marine Transportation
NATH,Nathan's Famous Inc. Common Stock,$101.97,-6.64,-6.114%,417007335.00,United States,1993,39621,Consumer Discretionary,Restaurants
NATL,NCR Atleos Corporation Common Stock,$35.88,0.26,0.73%,2651680400.00,United States,2023,542090,Miscellaneous,Office Equipment/Supplies/Services
NATR,Nature's Sunshine Products Inc. Common Stock,$19.78,1.86,10.379%,346062236.00,United States,,709295,Health Care,Biotechnology: Pharmaceutical Preparations
NAUT,Nautilus Biotechnology Inc. Common Stock,$1.66,0.15,9.934%,209666503.00,United States,2020,242003,Industrials,Biotechnology: Laboratory Analytical Instruments
NAVI,Navient Corporation Common Stock,$11.74,0.02,0.171%,1144728717.00,United States,,343528,Finance,Investment Bankers/Brokers/Service
NAVN,Navan Inc. Class A Common Stock,$18.01,0.15,0.84%,4746474464.00,United States,2025,812508,Technology,Computer Software: Prepackaged Software
NAZ,Nuveen Arizona Quality Municipal Income Fund Common Stock,$11.83,-0.01,-0.084%,0.00,United States,1992,14488,Finance,Finance/Investors Services
NB,NioCorp Developments Ltd. Common Stock,$6.27,0.11,1.786%,487536948.00,United States,,5090791,Basic Materials,Metal Mining
NBB,Nuveen Taxable Municipal Income Fund Common Shares of Beneficial Interest,$16.34,0.05,0.307%,0.00,United States,2010,66181,Finance,Finance Companies
NBBK,NB Bancorp Inc. Common Stock,$18.32,-0.20,-1.08%,729620491.00,United States,2023,272918,Finance,Banks
NBH,Neuberger Berman Municipal Fund Inc. Common Stock,$10.28,0.06,0.587%,0.00,United States,2002,100313,Finance,Finance/Investors Services
NBHC,National Bank Holdings Corporation Common Stock,$37.15,0.81,2.229%,1416605955.00,United States,2012,292167,Finance,Major Banks
NBIS,Nebius Group N.V. Class A Ordinary Shares,$109.95,-1.33,-1.195%,26180065968.00,Netherlands,2011,21217953,Technology,Computer Software: Programming Data Processing
NBIX,Neurocrine Biosciences Inc. Common Stock,$150.02,-2.35,-1.542%,14957848814.00,United States,1996,957593,Health Care,Biotechnology: Biological Products (No Diagnostic Substances)
NBN,Northeast Bank Common Stock,$85.07,-0.17,-0.199%,691619100.00,United States,,62970,Finance,Major Banks
NBP,NovaBridge Biosciences American Depositary Shares,$4.29,0.29,7.25%,349639655.00,China,2020,333067,Health Care,Biotechnology: Pharmaceutical Preparations
NBR,Nabors Industries Ltd.,$52.12,0.57,1.106%,758928233.00,Bermuda,1951,273638,Energy,Oil & Gas Production
NBTB,NBT Bancorp Inc. Common Stock,$41.51,-0.10,-0.24%,2174878468.00,United States,,176186,Finance,Major Banks
NBTX,Nanobiotix S.A. American Depositary Shares,$22.17,2.30,11.575%,1051453287.00,France,2020,81754,Health Care,Biotechnology: Pharmaceutical Preparations
NBXG,Neuberger Berman Next Generation Connectivity Fund Inc. Common Stock,$15.00,0.24,1.626%,0.00,United States,2021,115398,Finance,Trusts Except Educational Religious and Charitable
NBY,NovaBay Pharmaceuticals Inc. Common Stock,$1.08,0.02,1.887%,6289377.00,United States,2007,84517,Health Care,Biotechnology: Pharmaceutical Preparations
NC,NACCO Industries Inc. Common Stock,$45.46,1.22,2.758%,339129554.00,United States,,30615,Energy,Coal Mining
NCA,Nuveen California Municipal Value Fund,$9.10,0.02,0.22%,0.00,United States,,70190,Finance,Investment Managers
NCDL,Nuveen Churchill Direct Lending Corp. Common Stock,$14.28,0.04,0.281%,705247288.00,United States,2024,189649,,
NCEL,NewcelX Ltd. Ordinary Shares,$3.89,-0.12,-2.993%,17732090.00,Switzerland,2021,58221,Health Care,Biotechnology: Pharmaceutical Preparations
NCEW,New Century Logistics (BVI) Limited Ordinary Shares,$0.45,-0.03,-6.25%,9675000.00,Hong Kong,2024,568319,Industrials,Integrated Freight & Logistics
NCI,Neo-Concept International Group Holdings Limited Class A Ordinary Shares,$1.125,0.07,6.635%,4572000.00,Hong Kong,2024,16924,Consumer Discretionary,Apparel
NCL,Northann Corp. Common Stock,$0.475,-0.002,-0.419%,10675506.00,,2023,40281,Industrials,Plastic Products
NCLH,Norwegian Cruise Line Holdings Ltd. Ordinary Shares,$19.04,-0.03,-0.157%,8668102591.00,United States,,26267687,Consumer Discretionary,Marine Transportation
NCMI,National CineMedia Inc. Common Stock,$3.90,0.005,0.128%,365941551.00,United States,2007,548474,Consumer Discretionary,Advertising
NCNA,NuCana plc American Depositary Share,$3.67,-0.01,-0.272%,7003013.00,United Kingdom,2017,49907,Health Care,Biotechnology: Pharmaceutical Preparations
NCNO,nCino Inc. Common Stock,$26.21,0.15,0.576%,3035503811.00,United States,2020,1251362,Technology,Computer Software: Prepackaged Software
NCPL,Netcapital Inc. Common Stock,$1.95,0.05,2.632%,9589884.00,United States,,32913,Finance,Finance: Consumer Services
NCRA,Nocera Inc. Common Stock,$1.26,0.19,17.757%,18103099.00,Taiwan,,149488,Consumer Staples,Farming/Seeds/Milling
NCSM,NCS Multistage Holdings Inc. Common Stock,$37.04,0.04,0.108%,94115677.00,United States,2017,22946,Energy,Oilfield Services/Equipment
NCT,Intercont (Cayman) Limited Ordinary shares,$0.831,-0.009,-1.071%,24361156.00,China,2025,58235,Consumer Discretionary,Restaurants
NCTY,The9 Limited American Depository Shares,$7.88,0.33,4.371%,110811570.00,China,2004,79465,Finance,Finance: Consumer Services
NCV,Virtus Convertible & Income Fund Common Shares of Beneficial Interest,$15.77,0.11,0.702%,1425191183.00,United States,2003,107228,Finance,Finance Companies
NCV^A,Virtus Convertible & Income Fund 5.625% Series A Cumulative Preferred Shares,$21.72,0.09,0.416%,,United States,,3071,,
NCZ,Virtus Convertible & Income Fund II Common Shares of Beneficial Interest,$14.23,0.30,2.154%,1083127108.00,United States,2003,70936,Finance,Finance Companies
NCZ^A,Virtus Convertible & Income Fund II 5.50% Series A Cumulative Preferred Shares,$20.8118,-0.0382,-0.183%,,United States,,2998,,
NDAQ,Nasdaq Inc. Common Stock,$87.82,0.58,0.665%,50144818926.00,United States,,2084284,Finance,Investment Bankers/Brokers/Service
NDLS,Noodles & Company Class A Common Stock,$0.704,-0.0066,-0.929%,32929390.00,United States,2013,472551,Consumer Discretionary,Restaurants
NDMO,Nuveen Dynamic Municipal Opportunities Fund Common Shares of Beneficial Interest,$10.60,0.06,0.569%,630331480.00,,2020,90316,Finance,Trusts Except Educational Religious and Charitable
NDRA,ENDRA Life Sciences Inc. Common Stock,$5.52,0.295,5.646%,4155208.00,United States,2017,44455,Health Care,Biotechnology: Electromedical & Electrotherapeutic Apparatus
NDSN,Nordson Corporation Common Stock,$234.77,2.16,0.929%,13190858355.00,United States,,218734,Industrials,Industrial Machinery/Components
NE,Noble Corporation plc A Ordinary Shares,$29.18,-0.05,-0.171%,4635147260.00,United States,2022,1494689,Energy,Oil & Gas Production
NEA,Nuveen AMT-Free Quality Municipal Income Fund Common Shares of Beneficial Interest Par Value $.01,$11.54,0.06,0.523%,0.00,United States,2002,877508,Finance,Finance/Investors Services
NECB,NorthEast Community Bancorp Inc. Common Stock,$20.08,0.31,1.568%,281638064.00,United States,2021,30276,Finance,Banks
NEE,NextEra Energy Inc. Common Stock,$84.77,0.84,1.001%,176542822913.00,United States,,11700746,Technology,EDP Services
NEE^N,NextEra Energy Inc. Series N Junior Subordinated Debentures due March 1 2079,$24.30,0.15,0.621%,,United States,,32581,,
NEE^S,NextEra Energy Inc. 7.299% Corporate Units,$54.44,0.60,1.114%,,United States,,247863,,
NEE^T,NextEra Energy Inc. 7.234% Corporate Units,$50.36,0.64,1.287%,,United States,,5129865,,
NEE^U,NextEra Energy Inc. Series U Junior Subordinated Debentures due June 1 2085,$25.98,0.11,0.425%,,United States,,21117,,
NEGG,Newegg Commerce Inc. Common Shares,$92.32,1.42,1.562%,1799188844.00,China,2010,405942,Consumer Discretionary,Other Specialty Stores
NEM,Newmont Corporation,$88.26,4.87,5.84%,96314870703.00,United States,,10141572,Basic Materials,Precious Metals
NEN,New England Realty Associates Limited Partnership Class A Depositary Receipts Evidencing Units of Limited Partnership,$70.00,0.00,0.00%,197318100.00,United States,,3888,Real Estate,Building operators
NEO,NeoGenomics Inc. Common Stock,$10.40,0.32,3.175%,1345633130.00,United States,,2272432,Health Care,Precision Instruments
NEOG,Neogen Corporation Common Stock,$6.36,-0.04,-0.625%,1382019261.00,United States,1989,2784005,Health Care,Biotechnology: In Vitro & In Vivo Diagnostic Substances
NEON,Neonode Inc. Common Stock,$2.39,0.04,1.702%,40111184.00,Sweden,,280737,Technology,Industrial Machinery/Components
NEOV,NeoVolta Inc. Common Stock,$4.20,-0.04,-0.943%,143698120.00,United States,,245510,Miscellaneous,Industrial Machinery/Components
NEOVW,NeoVolta Inc. Warrant,$1.18,0.00,0.00%,40372329.00,United States,,76,Miscellaneous,Industrial Machinery/Components
NEPH,Nephros Inc. Common Stock,$4.29,-0.31,-6.739%,45588470.00,United States,,233513,Health Care,Medical/Dental Instruments
NERV,Minerva Neurosciences Inc Common Stock,$3.81,0.10,2.695%,26644877.00,United States,2014,52144,Health Care,Biotechnology: Pharmaceutical Preparations
NESR,National Energy Services Reunited Corp Ordinary Shares,$13.165,0.785,6.341%,1264443694.00,United States,,1360663,Energy,Oilfield Services/Equipment
NET,Cloudflare Inc. Class A Common Stock,$240.53,7.72,3.316%,84253128617.00,United States,2019,2847747,Technology,Computer Software: Prepackaged Software
NETD,Nabors Energy Transition Corp. II Class A Ordinary Shares,$11.34,0.01,0.088%,0.00,United States,2023,313751,,
NETDU,Nabors Energy Transition Corp. II Unit,$11.26,0.00,0.00%,0.00,United States,2023,264,,
NETDW,Nabors Energy Transition Corp. II Warrant,$0.0306,0.00,0.00%,0.00,United States,2023,1056,,
NEU,NewMarket Corp Common Stock,$778.90,1.55,0.199%,7319418326.00,United States,,66897,Industrials,Major Chemicals
NEUP,Neuphoria Therapeutics Inc. Common Stock,$4.90,0.80,19.512%,11552304.00,United States,2021,523214,Health Care,Biotechnology: Pharmaceutical Preparations
NEWP,New Pacific Metals Corp. Common Shares,$2.38,0.26,12.264%,437235048.00,Canada,2021,1697604,Basic Materials,Precious Metals
NEWT,NewtekOne Inc. Common Stock,$10.13,-0.14,-1.363%,266640361.00,United States,,182547,Finance,Major Banks
NEWTG,NewtekOne Inc. 8.50% Fixed Rate Senior Notes due 2029,$25.4083,0.1583,0.627%,668793512.00,United States,,5851,Finance,Major Banks
NEWTH,NewtekOne Inc. 8.625% Fixed Rate Senior Notes due 2029,$25.02,0.04,0.16%,0.00,United States,,9472,Finance,Major Banks
NEWTI,NewtekOne Inc. 8.00% Fixed Rate Senior Notes due 2028,$25.26,-0.0656,-0.259%,664889982.00,United States,,348,Finance,Major Banks
NEWTP,NewtekOne Inc. Depositary Shares Non-Cumulative Perpetual Preferred Stock Series B,$23.93,0.02,0.084%,629881918.00,United States,,2378,Finance,Major Banks
NEWTZ,NewtekOne Inc. 5.50% Notes Due 2026,$24.9013,-0.0187,-0.075%,646538499.00,United States,,1983,Finance,Major Banks
NEXA,Nexa Resources S.A. Common Shares,$5.56,0.31,5.905%,736358677.00,Luxembourg,2017,306025,Basic Materials,Metal Mining
NEXM,NexMetals Mining Corp. Common Shares,$3.86,0.02,0.521%,0.00,Canada,,106347,,
NEXN,Nexxen International Ltd. Ordinary Shares,$7.64,-0.03,-0.391%,500898799.00,Israel,2021,236318,Technology,Computer Software: Programming Data Processing
NEXT,NextDecade Corporation Common Stock,$5.76,-0.16,-2.703%,1525256110.00,United States,2015,2363279,Utilities,Oil & Gas Production
NFBK,Northfield Bancorp Inc. Common Stock (Delaware),$10.41,0.32,3.171%,435247565.00,United States,2007,243709,Finance,Savings Institutions
NFE,New Fortress Energy Inc. Class A Common Stock,$1.24,-0.10,-7.463%,352845486.00,United States,2019,10806766,Utilities,Oil/Gas Transmission
NFG,National Fuel Gas Company Common Stock,$79.42,0.07,0.088%,7176680765.00,United States,,669024,Utilities,Oil/Gas Transmission
NFGC,New Found Gold Corp Common Shares,$2.03,0.09,4.639%,493346704.00,,2021,1056811,Basic Materials,Precious Metals
NFJ,Virtus Dividend Interest & Premium Strategy Fund Common Shares of Beneficial Interest,$13.00,0.15,1.167%,0.00,United States,2005,123586,Finance,Finance: Consumer Services
NFLX,Netflix Inc. Common Stock,$1120.07,16.41,1.487%,475947252364.00,United States,2002,3688393,Consumer Discretionary,Consumer Electronics/Video Chains
NG,Novagold Resources Inc.,$8.59,0.40,4.884%,3495502827.00,Canada,2003,2737681,Basic Materials,Precious Metals
NGD,New Gold Inc.,$7.13,0.10,1.422%,5644821000.00,Canada,,41726981,Basic Materials,Metal Mining
NGG,National Grid Transco PLC National Grid PLC (NEW) American Depositary Shares,$77.33,-0.42,-0.54%,76733784076.00,United Kingdom,,592775,Utilities,Natural Gas Distribution
NGL,NGL ENERGY PARTNERS LP Common Units representing Limited Partner Interests,$9.93,0.41,4.307%,1248424455.00,United States,2011,1163081,Utilities,Natural Gas Distribution
NGL^B,NGL ENERGY PARTNERS LP 9.00% Class B Fixed-to-Floating Rate Cumulative Redeemable Perpetual Preferred Units representing limited partnership interests,$23.76,0.09,0.38%,,United States,,30540,,
NGL^C,NGL ENERGY PARTNERS LP 9.625% Class C Fixed-to-Floating Rate Cumulative  Redeemable Perpetual Preferred Units representing  limited partner interests,$24.2506,0.0506,0.209%,,United States,,2882,,
NGNE,Neurogene Inc. Common Stock ,$28.30,1.55,5.794%,403895223.00,Canada,2014,154623,Health Care,Biotechnology: Pharmaceutical Preparations
NGS,Natural Gas Services Group Inc. Common Stock,$30.37,1.16,3.971%,380910076.00,United States,2002,132233,Energy,Oilfield Services/Equipment
NGVC,Natural Grocers by Vitamin Cottage Inc. Common Stock,$31.75,0.23,0.73%,728792961.00,United States,2012,208872,Consumer Staples,Food Chains
NGVT,Ingevity Corporation Common Stock ,$49.86,1.46,3.017%,1793166636.00,United States,2016,470061,Industrials,Major Chemicals
NHC,National HealthCare Corporation Common Stock,$130.77,3.60,2.831%,2028929635.00,United States,1986,62593,Health Care,Hospital/Nursing Management
NHI,National Health Investors Inc. Common Stock,$76.72,-0.08,-0.104%,3654825873.00,United States,,167503,Real Estate,Real Estate Investment Trusts
NHIC,NewHold Investment Corp III Class A Ordinary Shares,$10.33,0.00,0.00%,0.00,United States,2025,32,,
NHICU,NewHold Investment Corp III Units,$10.47,0.00,0.00%,0.00,United States,2025,6,Finance,Blank Checks
NHICW,NewHold Investment Corp III Warrants,$0.55,0.05,10.00%,0.00,United States,2025,500,,
NHPAP,National Healthcare Properties Inc. 7.375% Series A Cumulative Redeemable Perpetual Preferred Stock,$18.1401,0.0201,0.111%,515663072.00,United States,,5108,Real Estate,Real Estate Investment Trusts
NHPBP,National Healthcare Properties Inc. 7.125% Series B Cumulative Redeemable Perpetual Preferred Stock,$17.95,0.0801,0.448%,510259157.00,United States,,4326,Real Estate,Real Estate Investment Trusts
NHS,Neuberger Berman High Yield Strategies Fund,$7.48,0.02,0.268%,0.00,United States,,144494,Finance,Trusts Except Educational Religious and Charitable
NHTC,Natural Health Trends Corp. Common Stock,$3.44,0.16,4.878%,39604978.00,United States,,72570,Consumer Discretionary,Consumer Specialties
NI,NiSource Inc Common Stock,$43.72,0.17,0.39%,20862988528.00,United States,,3113897,Utilities,Power Generation
NIC,Nicolet Bankshares Inc. Common Stock,$125.39,1.86,1.506%,1855636579.00,United States,2022,107369,Finance,Major Banks
NICE,NICE Ltd American Depositary Shares,$127.98,3.99,3.218%,8094714907.00,Israel,,658593,Technology,Computer Software: Prepackaged Software
NIE,Virtus Equity & Convertible Income Fund Common Shares of Beneficial Interest,$25.70,0.28,1.101%,712120401.00,United States,2007,47402,Finance,Investment Managers
NIM,Nuveen Select Maturities Municipal Fund Common Stock,$9.41,0.07,0.749%,0.00,United States,1992,11093,Finance,Trusts Except Educational Religious and Charitable
NINE,Nine Energy Service Inc. Common Stock,$0.5005,0.0004,0.08%,21702350.00,United States,2018,1975956,Energy,Oilfield Services/Equipment
NIO,NIO Inc. American depositary shares each  representing one Class A ordinary share,$6.71,-0.15,-2.187%,15070596913.00,United States,2018,57858253,Industrials,Auto Manufacturing
NIOBW,NioCorp Developments Ltd. Warrant,$2.13,0.106,5.237%,165622600.00,United States,,29191,Basic Materials,Metal Mining
NIPG,NIP Group Inc. American Depositary Shares,$1.57,0.07,4.667%,184763467.00,Sweden,2024,13004,Consumer Discretionary,Services-Misc. Amusement & Recreation
NIQ,NIQ Global Intelligence plc Ordinary Shares,$12.79,0.48,3.899%,3773050000.00,,2025,1869731,Technology,Computer Software: Programming Data Processing
NISN,NiSun International Enterprise Development Group Co. Ltd. Class A Common Shares,$3.69,0.03,0.82%,17705941.00,China,2016,7788,Industrials,Metal Fabrications
NITO,N2OFF Inc. Common Stock,$3.06,0.09,3.03%,2916302.00,Israel,,9987,Industrials,Agricultural Chemicals
NIU,Niu Technologies American Depositary Shares,$4.15,0.15,3.75%,323550484.00,China,2018,445687,Industrials,Auto Manufacturing
NIVF,NewGenIvf Group Limited Class A Ordinary Shares,$0.439,-0.0395,-8.255%,945036.00,Singapore,,10059488,Health Care,Misc Health and Biotechnology Services
NIVFW,NewGenIvf Group Limited Warrants,$0.0164,0.0005,3.145%,35304.00,Singapore,,10121,Health Care,Misc Health and Biotechnology Services
NIXX,Nixxy Inc. Common Stock,$1.43,0.01,0.704%,29791638.00,United States,,417221,Technology,EDP Services
NIXXW,Nixxy Inc. Warrant,$0.044,0.00,0.00%,916666.00,United States,,5040,Technology,EDP Services
NJR,NewJersey Resources Corporation Common Stock,$45.66,-0.09,-0.197%,4586609646.00,United States,,418182,Utilities,Oil/Gas Transmission
NKE,Nike Inc. Common Stock,$60.80,-0.29,-0.475%,89874642870.00,United States,,13056081,Consumer Discretionary,Shoe Manufacturing
NKLR,Terra Innovatum Global N.V. Ordinary shares,$6.28,-0.28,-4.268%,564348288.00,Italy,,772907,Industrials,Metal Fabrications
NKSH,National Bankshares Inc. Common Stock,$29.95,0.15,0.503%,190661730.00,United States,,5072,Finance,Major Banks
NKTR,Nektar Therapeutics  Common Stock,$57.97,2.00,3.573%,1102506677.00,United States,,685219,Health Care,Biotechnology: Pharmaceutical Preparations
NKTX,Nkarta Inc. Common Stock,$1.96,0.00,0.00%,139208044.00,United States,2020,513552,Health Care,Biotechnology: Pharmaceutical Preparations
NKX,Nuveen California AMT-Free Quality Municipal Income Fund,$12.885,0.015,0.117%,0.00,United States,2002,77304,Finance,Finance/Investors Services
NL,NL Industries Inc. Common Stock,$5.73,-0.17,-2.881%,279983466.00,United States,,22467,Basic Materials,Major Chemicals
NLOP,Net Lease Office Properties Common Shares of Beneficial Interest,$30.03,0.46,1.556%,444866672.00,United States,2023,95847,Real Estate,Real Estate Investment Trusts
NLY,Annaly Capital Management Inc. Common Stock,$21.70,-0.20,-0.913%,14821777344.00,United States,,7689385,Real Estate,Real Estate Investment Trusts
NLY^F,Annaly Capital Management Inc 6.95% Series F,$25.62,0.0755,0.296%,,United States,,46996,,
NLY^G,Annaly Capital Management Inc 6.50% Series G Fixed-to-Floating Rate Cumulative Redeemable Preferred Stock,$25.16,-0.03,-0.119%,,United States,,14052,,
NLY^I,Annaly Capital Management Inc 6.750% Series I Fixed-to-Floating Rate Cumulative Redeemable Preferred Stock,$25.55,-0.04,-0.156%,,United States,,35776,,
NLY^J,Annaly Capital Management Inc. 8.875% Series J Fixed-Rate Cumulative Redeemable Preferred Stock,$26.07,0.06,0.231%,,United States,,23043,,
NMAI,Nuveen Multi-Asset Income Fund Common Shares of Beneficial Interest,$13.33,0.18,1.369%,0.00,United States,2021,143892,Finance,Investment Managers
NMAX,Newsmax Inc. Class B Common Stock,$9.00,-0.11,-1.207%,1161448164.00,United States,2025,638134,Industrials,Broadcasting
NMCO,Nuveen Municipal Credit Opportunities Fund Common Shares,$10.86,-0.04,-0.367%,594818208.00,,2019,144208,Finance,Finance/Investors Services
NMFC,New Mountain Finance Corporation Common Stock,$9.57,-0.05,-0.52%,987201121.00,United States,,660587,Finance,Finance/Investors Services
NMFCZ,New Mountain Finance Corporation 8.250% Notes due 2028,$25.18,-0.04,-0.159%,2678168998.00,United States,,8838,,
NMG,Nouveau Monde Graphite Inc. Common Shares,$2.83,0.24,9.266%,431293995.00,,,770962,Basic Materials,Other Metals and Minerals
NMI,Nuveen Municipal Income Fund Inc. Common Stock,$10.09,0.04,0.398%,0.00,United States,1988,31396,Finance,Trusts Except Educational Religious and Charitable
NMIH,NMI Holdings Inc. Common Stock,$37.54,0.89,2.428%,2885622017.00,United States,2013,461266,Finance,Property-Casualty Insurers
NML,Neuberger Berman Energy Infrastructure and Income Fund Inc. Common Stock,$8.46,0.10,1.196%,0.00,United States,2013,176693,Finance,Finance/Investors Services
NMM,Navios Maritime Partners LP Common Units Representing Limited Partner Interests,$50.39,1.86,3.833%,1517229748.00,Greece,2007,159625,Consumer Discretionary,Marine Transportation
NMP,NMP Acquisition Corp. Class A Ordinary Shares,$10.05,0.04,0.40%,0.00,United States,2025,5600,Finance,Blank Checks
NMPAR,NMP Acquisition Corp. Right,$0.2661,0.0311,13.234%,0.00,United States,2025,361,Finance,Blank Checks
NMR,Nomura Holdings Inc ADR American Depositary Shares,$7.20,0.10,1.408%,21284718948.00,Japan,,519244,Finance,Investment Bankers/Brokers/Service
NMRA,Neumora Therapeutics Inc. Common Stock,$2.81,0.25,9.766%,469520410.00,United States,2023,1768501,Health Care,Biotechnology: Biological Products (No Diagnostic Substances)
NMRK,Newmark Group Inc. Class A Common Stock,$17.02,-0.38,-2.184%,3007568271.00,United States,2017,934278,Finance,Real Estate
NMS,Nuveen Minnesota Quality Municipal Income Fund ,$11.8835,-0.0265,-0.223%,0.00,United States,2014,8779,Finance,Finance Companies
NMT,Nuveen Massachusetts Quality Municipal Income Fund Common Stock,$11.53,0.05,0.436%,0.00,United States,,4118,Finance,Finance/Investors Services
NMTC,NeuroOne Medical Technologies Corporation Common Stock,$0.707,0.0127,1.829%,35349660.00,United States,,99394,Health Care,Medical/Dental Instruments
NMZ,Nuveen Municipal High Income Opportunity Fund Common Stock $0.01 par value per share,$10.66,0.06,0.566%,0.00,United States,2003,263509,Finance,Finance/Investors Services
NN,NextNav Inc. Common Stock,$12.64,0.14,1.12%,1704239672.00,United States,,1701491,Industrials,Industrial Machinery/Components
NNAVW,NextNav Inc. Warrant,$4.86,0.18,3.846%,655269368.00,United States,,26447,Industrials,Industrial Machinery/Components
NNBR,NN Inc. Common Stock,$1.58,-0.08,-4.819%,79309380.00,United States,1994,117197,Industrials,Industrial Machinery/Components
NNDM,Nano Dimension Ltd. American Depositary Shares,$1.63,0.11,7.237%,354172066.00,Israel,,3561517,Technology,Electrical Products
NNE,Nano Nuclear Energy Inc. Common Stock,$37.90,-1.28,-3.267%,1575907507.00,United States,2024,2218769,Utilities,Electric Utilities: Central
NNI,Nelnet Inc. Common Stock,$130.26,-2.42,-1.824%,4680648602.00,United States,2003,77113,Finance,Finance: Consumer Services
NNN,NNN REIT Inc. Common Stock,$40.52,-0.17,-0.418%,7695591424.00,United States,,1223910,Real Estate,Real Estate Investment Trusts
NNNN,Anbio Biotechnology Class A Ordinary Shares,$17.39,0.29,1.696%,2502267968.00,Germany,2025,6923,Health Care,Biotechnology: In Vitro & In Vivo Diagnostic Substances
NNOX,NANO-X IMAGING LTD Ordinary Shares,$3.00,-0.05,-1.639%,191286003.00,Israel,2020,980724,Health Care,Medical Electronics
NNVC,NanoViricides Inc. Common Stock,$1.68,-0.16,-8.696%,29284080.00,United States,,707817,Health Care,Biotechnology: Pharmaceutical Preparations
NNY,Nuveen New York Municipal Value Fund Common Stock,$8.45,-0.09,-1.054%,0.00,United States,1988,71090,Finance,Investment Managers
NOA,North American Construction Group Ltd. Common Shares (no par),$13.67,-0.13,-0.942%,412519330.00,Canada,2006,87632,Energy,Oilfield Services/Equipment
NOAH,Noah Holdings Limited American Depositary Shares,$11.31,0.19,1.709%,758116900.00,China,2010,96896,Finance,Investment Managers
NOC,Northrop Grumman Corporation Common Stock,$562.98,-5.63,-0.99%,80609155206.00,United States,,1075645,Industrials,Industrial Machinery/Components
NODK,NI Holdings Inc. Common Stock,$13.09,-0.11,-0.833%,270640161.00,United States,2017,15133,Finance,Property-Casualty Insurers
NOEM,CO2 Energy Transition Corp. Common Stock,$10.24,0.00,0.00%,0.00,United States,2025,205,,
NOEMR,CO2 Energy Transition Corp. Right,$0.2242,0.00,0.00%,0.00,United States,2025,8,,
NOEMU,CO2 Energy Transition Corp. Unit,$11.16,0.00,0.00%,0.00,United States,2024,11,,
NOEMW,CO2 Energy Transition Corp. Warrant,$0.21,0.03,16.667%,0.00,United States,2025,36442,,
NOG,Northern Oil and Gas Inc. Common Stock,$22.16,0.55,2.545%,2162698153.00,United States,2022,2031884,Energy,Oil & Gas Production
NOK,Nokia Corporation Sponsored American Depositary Shares,$6.97,0.13,1.901%,39072776905.00,Finland,1994,48665696,Technology,Radio And Television Broadcasting And Communications Equipment
NOM,Nuveen Missouri Quality Municipal Income Fund ,$10.995,-0.055,-0.498%,0.00,United States,1993,535,Finance,Investment Managers
NOMA,NOMADAR Corp. Class A Common Stock,$6.30,-0.76,-10.765%,99342923.00,United States,,61992,Consumer Discretionary,Services-Misc. Amusement & Recreation
NOMD,Nomad Foods Limited Ordinary Shares,$11.89,-0.23,-1.898%,1823961397.00,United Kingdom,2016,2458882,Consumer Staples,Packaged Foods
NOTE,FiscalNote Holdings Inc. Class A common stock,$3.01,-0.05,-1.634%,43236034.00,United States,2022,138382,Real Estate,Real Estate
NOTV,Inotiv Inc. Common Stock,$1.11,-0.05,-4.31%,38133219.00,United States,,531954,Health Care,Biotechnology: Commercial Physical & Biological Resarch
NOV,NOV Inc. Common Stock,$15.64,0.24,1.558%,5704734996.00,United States,,4771912,Consumer Discretionary,Oil and Gas Field Machinery
NOVT,Novanta Inc. Common Stock,$104.00,-1.45,-1.375%,3720612792.00,United States,,1198819,Miscellaneous,Industrial Machinery/Components
NOW,ServiceNow Inc. Common Stock,$866.30,4.43,0.514%,180190400000.00,United States,2012,1408903,Technology,Computer Software: Prepackaged Software
NP,Neptune Insurance Holdings Inc. Class A Common Stock,$26.66,-0.20,-0.745%,3680013100.00,,2025,109131,Finance,Specialty Insurers
NPAC,New Providence Acquisition Corp. III Class A Ordinary Shares,$10.27,0.01,0.097%,0.00,United States,2025,408,,
NPACU,New Providence Acquisition Corp. III Units,$10.45,0.01,0.096%,0.00,United States,2025,107,Finance,Blank Checks
NPACW,New Providence Acquisition Corp. III Warrants,$0.6075,0.0524,9.44%,0.00,United States,2025,12525,,
NPB,Northpointe Bancshares Inc. Common Stock,$16.17,0.32,2.019%,555676536.00,United States,2025,161467,Finance,Major Banks
NPCE,Neuropace Inc. Common Stock,$13.45,0.33,2.515%,447989022.00,United States,2021,279039,Health Care,Medical/Dental Instruments
NPCT,Nuveen Core Plus Impact Fund Common Shares of Beneficial Interest,$10.66,0.01,0.094%,0.00,United States,2021,118148,Finance,Investment Managers
NPFD,Nuveen Variable Rate Preferred & Income Fund Common Shares,$19.82,-0.02,-0.101%,0.00,United States,2021,141232,Finance,Trusts Except Educational Religious and Charitable
NPK,National Presto Industries Inc. Common Stock,$99.16,-8.51,-7.904%,708947296.00,United States,,89191,Industrials,Ordnance And Accessories
NPKI,NPK International Inc. Common Stock,$12.47,0.05,0.403%,1053648897.00,United States,,700497,Consumer Discretionary,Oil and Gas Field Machinery
NPO,Enpro Inc. Common Stock,$214.62,1.55,0.727%,4521126758.00,United States,,245143,Industrials,Metal Fabrications
NPT,Texxon Holding Limited Ordinary shares,$4.17,-0.10,-2.342%,92991000.00,China,2025,18406,Consumer Discretionary,Specialty Chemicals
NPV,Nuveen Virginia Quality Municipal Income Fund Common Stock,$11.41,0.04,0.352%,0.00,United States,1993,44758,Finance,Investment Managers
NPWR,NET Power Inc. Class A Common Stock,$3.39,-0.04,-1.166%,743166540.00,United States,2021,1262610,Energy,Industrial Machinery/Components
NQP,Nuveen Pennsylvania Quality Municipal Income Fund Common Stock,$12.05,0.02,0.166%,0.00,United States,1991,82166,Finance,Trusts Except Educational Religious and Charitable
NRC,National Research Corporation Common Stock (Delaware),$14.48,-0.22,-1.497%,333959726.00,United States,,93152,Health Care,Biotechnology: Commercial Physical & Biological Resarch
NRDS,NerdWallet Inc. Class A Common Stock,$14.35,0.71,5.205%,1043434851.00,United States,2021,1534246,Technology,EDP Services
NRDY,Nerdy Inc. Class A Common Stock,$0.9034,0.0428,4.973%,169237579.00,United States,2020,701915,Real Estate,Other Consumer Services
NREF,NexPoint Real Estate Finance Inc. Common Stock,$13.45,0.07,0.523%,238358587.00,United States,2020,59118,Real Estate,Real Estate Investment Trusts
NREF^A,NexPoint Real Estate Finance Inc. 8.50% Series A Cumulative Redeemable Preferred Stock,$23.8851,-0.0445,-0.186%,,United States,,2284,,
NRG,NRG Energy Inc. Common Stock,$166.72,-5.78,-3.351%,31950122102.00,United States,,2225129,Utilities,Electric Utilities: Central
NRGV,Energy Vault Holdings Inc. Common Stock,$3.55,0.02,0.567%,574586695.00,United States,2021,2360158,Miscellaneous,Industrial Machinery/Components
NRIM,Northrim BanCorp Inc Common Stock,$23.05,0.19,0.831%,509189897.00,United States,,77799,Finance,Savings Institutions
NRIX,Nurix Therapeutics Inc. Common stock,$12.25,-0.06,-0.487%,941822091.00,United States,2020,1647079,Health Care,Biotechnology: Pharmaceutical Preparations
NRK,Nuveen New York AMT-Free Quality Municipal Income Fund ,$10.26,0.01,0.098%,0.00,United States,2002,293998,Finance,Trusts Except Educational Religious and Charitable
NRO,Neuberger Berman Real Estate Securities Income Fund Inc.,$3.14,-0.02,-0.633%,0.00,United States,2003,347736,Finance,Finance/Investors Services
NRP,Natural Resource Partners LP Limited Partnership,$105.25,-0.25,-0.237%,1382784709.00,United States,2002,69666,Energy,Coal Mining
NRSN,NeuroSense Therapeutics Ltd. Ordinary Shares,$0.945,0.015,1.613%,22669292.00,Israel,2021,126070,Health Care,Biotechnology: Pharmaceutical Preparations
NRSNW,NeuroSense Therapeutics Ltd. Warrant,$0.35,-0.1945,-35.721%,8396034.00,Israel,2021,739,Health Care,Biotechnology: Pharmaceutical Preparations
NRT,North European Oil Royality Trust Common Stock,$6.79,0.24,3.664%,62404106.00,United States,,134833,Energy,Oil & Gas Production
NRUC,National Rural Utilities Cooperative Finance Corporation 5.500% Subordinated Notes due 2064 (Subordinated Deferrable Interest Notes),$23.60,0.0501,0.213%,0.00,United States,2019,5265,Finance,Diversified Financial Services
NRXP,NRX Pharmaceuticals Inc. Common Stock,$2.54,0.09,3.673%,50050896.00,United States,2017,267728,Health Care,Biotechnology: Pharmaceutical Preparations
NRXPW,NRX Pharmaceuticals Inc. Warrant,$0.1095,-0.0025,-2.232%,2157706.00,United States,2017,372,Health Care,Biotechnology: Pharmaceutical Preparations
NRXS,Neuraxis Inc. Common Stock,$2.56,0.02,0.787%,25238313.00,,2023,43051,Health Care,Biotechnology: Electromedical & Electrotherapeutic Apparatus
NSA,National Storage Affiliates Trust Common Shares of Beneficial Interest,$29.49,-1.22,-3.973%,2269573019.00,United States,2015,1220583,Real Estate,Real Estate Investment Trusts
NSA^A,National Storage Affiliates Trust 6.000% Series A Cumulative Redeemable Preferred Shares of Beneficial Interest (Liquidation Preference $25.00 per share),$22.50,-0.04,-0.177%,,United States,,5916,,
NSA^B,National Storage Affiliates Trust 6.000% Series B Cumulative Redeemable Preferred Shares of Beneficial Interest,$21.46,0.0099,0.046%,,United States,,1855,,
NSC,Norfolk Southern Corporation Common Stock,$286.92,2.67,0.939%,64381008150.00,United States,,1369159,Industrials,Railroads
NSIT,Insight Enterprises Inc. Common Stock,$91.44,0.23,0.252%,2832774350.00,United States,1995,240747,Consumer Discretionary,Catalog/Specialty Distribution
NSP,Insperity Inc. Common Stock,$32.83,-1.03,-3.042%,1237827310.00,United States,,809332,Consumer Discretionary,Professional Services
NSPR,InspireMD Inc. Common Stock,$1.68,-0.13,-7.182%,70090712.00,Israel,,761834,Health Care,Medical/Dental Instruments
NSRX,Nasus Pharma Ltd. Ordinary Shares,$7.50,0.00,0.00%,67574993.00,,2025,980,Health Care,Biotechnology: Pharmaceutical Preparations
NSSC,NAPCO Security Technologies Inc. Common Stock,$42.35,0.21,0.498%,1510384121.00,United States,,263157,Telecommunications,Telecommunications Equipment
NSTS,NSTS Bancorp Inc. Common Stock,$11.00,0.00,0.00%,57629418.00,United States,2022,23,Finance,Savings Institutions
NSYS,Nortech Systems Incorporated Common Stock,$9.3639,-0.3146,-3.251%,26089080.00,United States,,1156,Technology,Industrial Machinery/Components
NTAP,NetApp Inc. Common Stock,$112.50,-0.47,-0.416%,22457068425.00,United States,1995,2083629,Technology,Electronic Components
NTB,Bank of N.T. Butterfield & Son Limited (The) Voting Ordinary Shares,$45.97,0.25,0.547%,1976710000.00,Bermuda,2016,154927,Finance,Commercial Banks
NTCL,NETCLASS TECHNOLOGY INC Class A Ordinary Shares,$1.15,0.03,2.679%,20504500.00,China,2024,41348,Technology,Computer Software: Prepackaged Software
NTCT,NetScout Systems Inc. Common Stock,$29.265,0.555,1.933%,2112747840.00,United States,1999,584886,Technology,EDP Services
NTES,NetEase Inc. American Depositary Shares,$140.305,1.32,0.95%,88840885237.00,China,,411690,Technology,Computer Software: Prepackaged Software
NTGR,NETGEAR Inc. Common Stock,$29.63,0.32,1.092%,841573631.00,United States,2003,360607,Utilities,Telecommunications Equipment
NTHI,NeOnc Technologies Holdings Inc. Common Stock,$10.14,0.02,0.198%,194273457.00,United States,,76870,Health Care,Biotechnology: Pharmaceutical Preparations
NTIC,Northern Technologies International Corporation Common Stock,$8.10,0.00,0.00%,76742340.00,United States,,9603,Industrials,Industrial Specialties
NTIP,Network-1 Technologies Inc. Common Stock,$1.453,-0.026,-1.758%,33156967.00,United States,,18099,Miscellaneous,Multi-Sector Companies
NTLA,Intellia Therapeutics Inc. Common Stock,$9.73,0.21,2.206%,1127025180.00,United States,2016,13474901,Health Care,Biotechnology: In Vitro & In Vivo Diagnostic Substances
NTNX,Nutanix Inc. Class A Common Stock,$72.40,2.78,3.993%,19461120507.00,United States,2016,2375269,Technology,Computer Software: Prepackaged Software
NTR,Nutrien Ltd. Common Shares,$58.94,2.06,3.622%,28638005377.00,Canada,2004,3138190,Industrials,Agricultural Chemicals
NTRA,Natera Inc. Common Stock,$206.63,7.06,3.538%,28359576143.00,United States,2015,1452727,Health Care,Medical Specialities
NTRB,Nutriband Inc. Common Stock,$5.97,-0.06,-0.995%,71848252.00,United States,,9000,Health Care,Industrial Specialties
NTRBW,Nutriband Inc. Warrant,$1.60,-0.10,-5.882%,19255813.00,United States,,615,Health Care,Industrial Specialties
NTRP,NextTrip Inc. Common Stock,$4.49,-0.11,-2.391%,37565455.00,United States,,42597,Consumer Discretionary,Miscellaneous manufacturing industries
NTRS,Northern Trust Corporation Common Stock,$130.09,0.13,0.10%,24602278533.00,United States,,892451,Finance,Major Banks
NTRSO,Northern Trust Corporation Depositary Shares Each Representing a 1/1000th Interest in a Share of Series E Non-Cumulative Perpetual Preferred Stock,$19.88,0.01,0.05%,3759653296.00,United States,,39657,Finance,Major Banks
NTSK,Netskope Inc. Class A Common Stock,$22.50,0.18,0.806%,8596646933.00,United States,2025,1053863,Technology,Computer Software: Prepackaged Software
NTST,NetSTREIT Corp. Common Stock,$18.17,-0.19,-1.035%,1518315653.00,United States,2020,870825,Real Estate,Real Estate Investment Trusts
NTWK,NetSol Technologies Inc. Common  Stock,$4.10,-0.01,-0.243%,48320714.00,United States,,19722,Technology,Computer Software: Prepackaged Software
NTWO,Newbury Street II Acquisition Corp Class A Ordinary Shares,$10.35,0.00,0.00%,0.00,United States,2024,16,,
NTWOU,Newbury Street II Acquisition Corp Unit,$10.99,0.48,4.567%,0.00,United States,2024,1098,,
NTWOW,Newbury Street II Acquisition Corp Warrant,$0.30,0.04,15.385%,0.00,United States,2024,700,,
NTZ,Natuzzi S.p.A.,$2.69,0.02,0.749%,29629298.00,Italy,1993,796,Consumer Discretionary,Home Furnishings
NU,Nu Holdings Ltd. Class A Ordinary Shares,$16.02,0.15,0.945%,77194911413.00,Cayman Islands,2021,33310116,Finance,Finance: Consumer Services
NUAI,New Era Energy & Digital Inc. Common Stock,$5.085,-0.285,-5.307%,132105935.00,United States,,8160865,Energy,Oil & Gas Production
NUAIW,New Era Energy & Digital Inc. Warrants,$1.82,-0.22,-10.784%,47282754.00,United States,,125900,Energy,Oil & Gas Production
NUE,Nucor Corporation Common Stock,$142.66,-1.65,-1.143%,32745526869.00,United States,,1508350,Industrials,Steel/Iron Ore
NUKK,Nukkleus Inc. Common Stock,$5.95,-0.01,-0.168%,42082690.00,United States,2020,1042001,Consumer Discretionary,Professional Services
NUKKW,Nukkleus Inc. Warrants,$0.187,0.0014,0.754%,1322599.00,United States,2020,69141,Consumer Discretionary,Professional Services
NUS,Nu Skin Enterprises Inc. Common Stock,$9.87,0.75,8.224%,488542447.00,United States,1996,661652,Health Care,Other Pharmaceuticals
NUTX,Nutex Health Inc. Common Stock,$118.86,4.21,3.672%,661536606.00,United States,,115964,Real Estate,Real Estate
NUV,Nuveen Municipal Value Fund Inc. Common Stock,$9.10,-0.01,-0.11%,0.00,United States,1987,312123,Finance,Trusts Except Educational Religious and Charitable
NUVB,Nuvation Bio Inc. Class A Common Stock,$4.64,-0.09,-1.903%,1590747129.00,United States,2020,5422940,Health Care,Biotechnology: Pharmaceutical Preparations
NUVL,Nuvalent Inc. Class A Common Stock,$92.98,-0.37,-0.396%,6760270361.00,United States,2021,241757,Health Care,Biotechnology: Pharmaceutical Preparations
NUW,Nuveen AMT-Free Municipal Value Fund,$14.305,-0.005,-0.035%,0.00,United States,2009,15214,Finance,Investment Managers
NUWE,Nuwellis Inc. Common Stock,$2.71,-0.16,-5.575%,2446222.00,United States,,162346,Health Care,Biotechnology: Electromedical & Electrotherapeutic Apparatus
NVA,Nova Minerals Limited American Depositary Shares,$9.87,1.00,11.274%,1653808633.00,Australia,2024,2912961,Basic Materials,Precious Metals
NVAWW,Nova Minerals Limited Warrant,$40.27,13.27,49.148%,80971274988.00,Australia,2024,8087,Basic Materials,Precious Metals
NVAX,Novavax Inc. Common Stock,$7.11,-0.33,-4.435%,1155367854.00,United States,,6448558,Health Care,Biotechnology: Biological Products (No Diagnostic Substances)
NVCR,NovoCure Limited Ordinary Shares,$11.27,0.35,3.205%,1262036926.00,Jersey,2015,5107310,Health Care,Medical/Dental Instruments
NVCT,Nuvectis Pharma Inc. Common Stock,$6.07,-0.07,-1.14%,155482419.00,United States,2022,85327,Health Care,Biotechnology: Pharmaceutical Preparations
NVDA,NVIDIA Corporation Common Stock,$199.05,10.90,5.793%,4836915000000.00,United States,1999,197930222,Technology,Semiconductors
NVEC,NVE Corporation Common Stock,$65.45,0.48,0.739%,316592515.00,United States,,21819,Technology,Semiconductors
NVG,Nuveen AMT-Free Municipal Credit Income Fund ,$12.51,0.04,0.321%,0.00,United States,2002,449414,Finance,Investment Managers
NVGS,Navigator Holdings Ltd. Ordinary Shares (Marshall Islands),$17.48,0.43,2.522%,1213070887.00,Marshall Islands,2013,449687,Consumer Discretionary,Marine Transportation
NVMI,Nova Ltd. Ordinary Shares,$318.11,10.52,3.42%,9313939827.00,Israel,2000,431669,Technology,Electronic Components
NVNI,Nvni Group Limited Ordinary Shares,$3.21,-0.06,-1.835%,32204864.00,Cayman Islands,,91302,Technology,Computer Software: Prepackaged Software
NVNIW,Nvni Group Limited Warrants,$0.0889,0.0023,2.656%,891904.00,Cayman Islands,,1000,Technology,Computer Software: Prepackaged Software
NVNO,enVVeno Medical Corporation Common Stock,$0.6567,0.0084,1.296%,13275963.00,United States,2018,103309,Health Care,Medical/Dental Instruments
NVO,Novo Nordisk A/S Common Stock,$45.94,0.26,0.569%,205122100000.00,Denmark,,14380890,Health Care,Biotechnology: Pharmaceutical Preparations
NVR,NVR Inc. Common Stock,$7336.81,85.57,1.18%,20832373092.00,United States,1998,22997,Consumer Discretionary,Homebuilding
NVRI,Enviri Corporation Common Stock,$12.67,0.48,3.938%,1021809881.00,United States,,3032130,Miscellaneous,Diversified Commercial Services
NVS,Novartis AG Common Stock,$127.20,0.85,0.673%,251231352346.00,Switzerland,,1224635,Health Care,Biotechnology: Pharmaceutical Preparations
NVST,Envista Holdings Corporation Common Stock,$20.05,0.60,3.085%,3296745972.00,United States,2019,1567775,Health Care,Medical/Dental Instruments
NVT,nVent Electric plc Ordinary Shares ,$112.33,1.30,1.171%,18125518252.00,United Kingdom,2018,1826482,Industrials,Industrial Machinery/Components
NVTS,Navitas Semiconductor Corporation Common Stock,$9.60,1.76,22.449%,2063415696.00,United States,,45463828,Technology,Semiconductors
NVVE,Nuvve Holding Corp. Common Stock,$0.1656,-0.0024,-1.429%,3124611.00,United States,2020,2390361,Industrials,Electrical Products
NVVEW,Nuvve Holding Corp. Warrant,$0.0179,0.0001,0.562%,337745.00,United States,2020,12134,Industrials,Electrical Products
NVX,NOVONIX Limited American Depository Shares,$1.25,0.07,5.932%,177481873.00,Australia,,1635744,Miscellaneous,Industrial Machinery/Components
NWBI,Northwest Bancshares Inc. Common Stock,$11.78,0.06,0.512%,1722373838.00,United States,2009,718721,Finance,Major Banks
NWE,NorthWestern Energy Group Inc. Common Stock,$66.16,1.14,1.753%,4062689039.00,United States,,739912,Utilities,Power Generation
NWFL,Norwood Financial Corp. Common Stock,$26.75,0.11,0.413%,247747131.00,United States,,14846,Finance,Major Banks
NWG,NatWest Group plc American Depositary Shares (each representing two (2) Ordinary Shares),$16.18,0.26,1.633%,65172825194.00,United Kingdom,2022,2692963,Finance,Commercial Banks
NWGL,Nature Wood Group Limited American Depositary Shares,$1.19,0.00,0.00%,19698266.00,China,2023,7232,Energy,
NWL,Newell Brands Inc. Common Stock,$3.23,0.06,1.893%,1354016000.00,United States,,11706657,Industrials,Plastic Products
NWN,Northwest Natural Holding Company Common Stock,$47.00,0.20,0.427%,1950830974.00,United States,,289207,Utilities,Oil/Gas Transmission
NWPX,NWPX Infrastructure Inc. Common Stock,$58.98,0.03,0.051%,566777216.00,United States,1995,90559,Industrials,Steel/Iron Ore
NWS,News Corporation Class B Common Stock,$30.32,0.03,0.099%,17129941520.00,United States,,1025175,Consumer Discretionary,Newspapers/Magazines
NWSA,News Corporation Class A Common Stock,$26.80,0.08,0.299%,15141241185.00,United States,,5059000,Consumer Discretionary,Newspapers/Magazines
NWTG,Newton Golf Company Inc. Common Stock,$1.303,-0.027,-2.03%,6007380.00,United States,2023,32211,Consumer Discretionary,Recreational Games/Products/Toys
NX,Quanex Building Products Corporation Common Stock,$13.18,0.12,0.919%,604656725.00,United States,,394453,Industrials,Metal Fabrications
NXC,Nuveen California Select Tax-Free Income Portfolio Common Stock,$13.26,0.04,0.303%,84345309.00,United States,1992,14333,Finance,Investment Managers
NXDR,Nextdoor Holdings Inc. Class A Common Stock,$1.78,0.00,0.00%,697953247.00,United States,,1470370,Technology,Computer Software: Programming Data Processing
NXDT,NexPoint Diversified Real Estate Trust Common Stock,$2.99,0.07,2.397%,141573337.00,United States,,666861,Real Estate,Real Estate Investment Trusts
NXDT^A,NexPoint Diversified Real Estate Trust 5.50% Series A Cumulative Preferred Shares ($25.00 liquidation preference per share),$13.65,-0.30,-2.151%,,United States,,10591,,
NXE,Nexgen Energy Ltd. Common Shares,$8.84,0.39,4.615%,5786319930.00,Canada,2017,7311604,Basic Materials,Other Metals and Minerals
NXG,NXG NextGen Infrastructure Income Fund Common Shares of Beneficial Interest,$50.11,0.63,1.273%,130371889.00,,2012,27304,,
NXGL,NexGel Inc Common Stock,$2.39,-0.09,-3.629%,19281516.00,United States,2021,99749,Health Care,Medical/Dental Instruments
NXJ,Nuveen New Jersey Qualified Municipal Fund ,$12.82,0.09,0.707%,0.00,United States,2001,167771,Finance,Finance/Investors Services
NXL,Nexalin Technology Inc. Common Stock,$1.34,0.03,2.29%,23340025.00,United States,2022,159436,Health Care,Biotechnology: Electromedical & Electrotherapeutic Apparatus
NXN,Nuveen New York Select Tax-Free Income Portfolio Common Stock,$12.18,0.04,0.329%,47805221.00,United States,1992,4997,Finance,Trusts Except Educational Religious and Charitable
NXP,Nuveen Select Tax Free Income Portfolio Common Stock,$14.37,0.03,0.209%,672503254.00,United States,1992,230793,Finance,Trusts Except Educational Religious and Charitable
NXPI,NXP Semiconductors N.V. Common Stock,$205.13,0.57,0.279%,51625984236.00,Netherlands,2010,2160502,Technology,Semiconductors
NXPL,NextPlat Corp Common Stock,$0.8134,0.0289,3.684%,21118346.00,United States,,55910,Telecommunications,Telecommunications Equipment
NXPLW,NextPlat Corp Warrants,$0.11,-0.0052,-4.514%,2855936.00,United States,,1018,Telecommunications,Telecommunications Equipment
NXRT,NexPoint Residential Trust Inc. Common Stock,$31.36,-0.09,-0.286%,795429779.00,United States,2015,105514,Real Estate,Real Estate Investment Trusts
NXST,Nexstar Media Group Inc. Common Stock,$190.08,-0.57,-0.299%,5764402575.00,United States,2003,232026,Industrials,Broadcasting
NXT,Nextracker Inc. Class A Common Stock,$107.43,2.80,2.676%,15941191775.00,United States,2023,1736560,Industrials,Industrial Machinery/Components
NXTC,NextCure Inc. Common Stock,$8.50,-0.46,-5.134%,22778487.00,United States,2019,21439,Health Care,Biotechnology: Pharmaceutical Preparations
NXTT,Next Technology Holding Inc. Ordinary Shares,$16.80,-0.60,-3.448%,48144264.00,China,,25501,Technology,EDP Services
NXXT,NextNRG Inc. Common Stock,$1.70,-0.07,-3.955%,211140299.00,United States,2021,1714751,Consumer Discretionary,Retail-Auto Dealers and Gas Stations
NYAX,Nayax Ltd. Ordinary Shares,$40.45,-0.03,-0.074%,1485557316.00,Israel,,4245,Technology,Computer Software: Prepackaged Software
NYC,American Strategic Investment Co. Class A Common Stock,$7.79,-0.0599,-0.763%,20485386.00,,2020,4833,Real Estate,Real Estate Investment Trusts
NYT,New York Times Company (The) Common Stock,$62.59,1.24,2.021%,10161424473.00,United States,,2348792,Consumer Discretionary,Newspapers/Magazines
NYXH,Nyxoah SA Ordinary Shares,$5.37,0.453,9.213%,200984413.00,Belgium,2021,27363,Health Care,Medical/Dental Instruments
NZF,Nuveen Municipal Credit Income Fund ,$12.61,0.06,0.478%,0.00,United States,2007,607219,Finance,Finance Companies
O,Realty Income Corporation Common Stock,$56.38,-0.49,-0.862%,51864287031.00,United States,,6424536,Real Estate,Real Estate Investment Trusts
OABI,OmniAb Inc. Common Stock,$1.49,0.11,7.971%,214493546.00,United States,2021,505238,Health Care,Biotechnology: Commercial Physical & Biological Resarch
OACC,Oaktree Acquisition Corp. III Life Sciences Class A Ordinary Share,$10.60,0.0001,0.001%,0.00,United States,2024,166,Finance,Blank Checks
OACCU,Oaktree Acquisition Corp. III Life Sciences Unit,$10.65,0.00,0.00%,0.00,United States,2024,6,Finance,Blank Checks
OACCW,Oaktree Acquisition Corp. III Life Sciences Warrant,$0.9101,0.0101,1.122%,0.00,United States,2024,1705,Finance,Blank Checks
OAK^A,Brookfield Oaktree Holdings LLC 6.625% Series A Preferred Units,$21.3915,-0.2085,-0.965%,,United States,,16123,,
OAK^B,Brookfield Oaktree Holdings LLC 6.550% Series B Preferred Units,$21.2243,-0.0907,-0.426%,,United States,,12544,,
OAKU,Oak Woods Acquisition Corporation Class A Ordinary Shares,$12.19,0.00,0.00%,0.00,Canada,2023,2,Finance,Blank Checks
OAKUW,Oak Woods Acquisition Corporation Warrant,$0.03,-0.0045,-13.043%,0.00,Canada,2023,1000,Finance,Blank Checks
OBA,Oxley Bridge Acquisition Limited Class A Ordinary Shares,$10.06,0.01,0.10%,0.00,Hong Kong,2025,18190,Finance,Blank Checks
OBAWW,Oxley Bridge Acquisition Limited Warrants,$0.27,0.02,8.00%,0.00,Hong Kong,2025,178760,Finance,Blank Checks
OBDC,Blue Owl Capital Corporation Common Stock,$12.08,-0.06,-0.494%,6173462703.00,,2019,5097825,Finance,Diversified Financial Services
OBE,Obsidian Energy Ltd. Common Shares,$6.07,0.21,3.584%,407395468.00,Canada,2022,252141,Energy,Oil & Gas Production
OBIO,Orchestra BioMed Holdings Inc. Ordinary Shares,$3.78,-0.03,-0.787%,203950221.00,United States,2020,153389,Health Care, Medicinal Chemicals and Botanical Products 
OBK,Origin Bancorp Inc. Common Stock,$35.25,-0.20,-0.564%,1091767265.00,United States,,147542,Finance,Major Banks
OBLG,Oblong Inc. Common Stock,$2.57,0.00,0.00%,6040289.00,United States,,9554,Technology,Computer Software: Programming Data Processing
OBT,Orange County Bancorp Inc. Common Stock,$26.48,0.15,0.57%,353849910.00,United States,,15324,Finance,Major Banks
OC,Owens Corning Inc Common Stock New,$103.37,-0.83,-0.797%,8496160060.00,United States,,1901319,Industrials,Industrial Machinery/Components
OCC,Optical Cable Corporation Common Stock,$8.13,0.69,9.274%,72116710.00,United States,,40301,Industrials,Telecommunications Equipment
OCCI,OFS Credit Company Inc. Common Stock,$4.92,-0.01,-0.203%,57153229.00,United States,2018,212070,Finance,Trusts Except Educational Religious and Charitable
OCCIM,OFS Credit Company Inc. 7.875% Series F Term Preferred Stock,$25.23,0.00,0.00%,0.00,United States,,3,,
OCCIN,OFS Credit Company Inc. 5.25% Series E Term Preferred Stock Due 2026,$24.38,0.02,0.082%,283210514.00,United States,,3269,Finance,Trusts Except Educational Religious and Charitable
OCCIO,OFS Credit Company Inc. 6.125% Series C Term Preferred Stock,$25.12,0.11,0.44%,291806731.00,United States,,1664,Finance,Trusts Except Educational Religious and Charitable
OCFC,OceanFirst Financial Corp. Common Stock,$18.00,0.14,0.784%,1032998112.00,United States,,509174,Finance,Major Banks
OCG,Oriental Culture Holding LTD Ordinary Shares,$2.24,0.00,0.00%,46443996.00,China,2020,16891,Consumer Discretionary,Other Consumer Services
OCGN,Ocugen Inc. Common Stock,$1.35,-0.01,-0.735%,421632151.00,United States,2014,4032170,Health Care,Biotechnology: Biological Products (No Diagnostic Substances)
OCS,Oculis Holding AG Ordinary shares,$19.42,0.19,0.988%,847923847.00,Switzerland,,159937,Health Care,Biotechnology: Pharmaceutical Preparations
OCSAW,Oculis Holding AG Warrants,$8.09,0.00,0.00%,353228832.00,Switzerland,,34,Health Care,Biotechnology: Pharmaceutical Preparations
OCSL,Oaktree Specialty Lending Corporation Common Stock,$13.56,-0.10,-0.732%,1194439692.00,United States,,483778,Finance,Finance: Consumer Services
OCUL,Ocular Therapeutix Inc. Common Stock,$10.83,-0.02,-0.184%,2307304122.00,United States,2014,1568242,Health Care,Biotechnology: Pharmaceutical Preparations
ODC,Oil-Dri Corporation Of America Common Stock,$56.00,0.01,0.018%,820010016.00,United States,,37860,Consumer Discretionary,Miscellaneous manufacturing industries
ODD,ODDITY Tech Ltd. Class A Ordinary Shares,$39.51,0.54,1.386%,2205775777.00,Israel,2023,1324534,Consumer Discretionary,Package Goods/Cosmetics
ODFL,Old Dominion Freight Line Inc. Common Stock,$137.76,-2.14,-1.53%,28805400957.00,United States,1991,1628594,Industrials,Trucking Freight/Courier Services
ODP,The ODP Corporation Common Stock,$27.87,0.02,0.072%,839384647.00,United States,,905992,Consumer Discretionary,Other Specialty Stores
ODV,Osisko Development Corp. Common Shares,$3.23,0.21,6.954%,770635244.00,Canada,2022,1688250,Basic Materials,Precious Metals
ODVWZ,Osisko Development Corp. Warrant expiring 5/27/2027,$0.1875,0.00,0.00%,44735018.00,Canada,,10,Basic Materials,Precious Metals
ODYS,Odysight.ai Inc. Common Stock,$3.34,-0.04,-1.183%,54544962.00,Israel,,109187,Technology,Electronic Components
OEC,Orion S.A. Common Shares,$4.85,0.15,3.191%,272326074.00,Luxembourg,2014,851116,Industrials,Major Chemicals
OESX,Orion Energy Systems Inc. Common Stock,$12.675,2.495,24.509%,44753777.00,United States,2015,189879,Consumer Discretionary,Building Products
OFAL,OFA Group Ordinary Shares,$0.89,-0.0197,-2.166%,12392014.00,Hong Kong,2025,71243,Consumer Discretionary,Military/Government/Technical
OFG,OFG Bancorp Common Stock,$40.73,0.18,0.444%,1813265998.00,Puerto Rico,,251663,Finance,Major Banks
OFIX,Orthofix Medical Inc. Common Stock (DE),$15.03,0.07,0.468%,595182875.00,Curacao,1992,148323,Health Care,Medical/Dental Instruments
OFLX,Omega Flex Inc. Common Stock,$27.06,0.06,0.222%,273152353.00,United States,,59545,Industrials,Industrial Specialties
OFS,OFS Capital Corporation Common Stock,$5.22,0.05,0.967%,69937967.00,United States,,106526,Finance,Finance/Investors Services
OFSSH,OFS Capital Corporation 4.95% Notes due 2028,$23.48,0.22,0.946%,314586871.00,United States,,4600,Finance,Finance Companies
OFSSO,OFS Capital Corporation 7.50% Notes due 2028,$25.50,-0.1885,-0.734%,0.00,United States,,143,,
OGE,OGE Energy Corp Common Stock,$44.68,0.36,0.812%,9001230030.00,United States,,714186,Utilities,Electric Utilities: Central
OGEN,Oragenics Inc. Common Stock,$1.12,0.0027,0.242%,4622434.00,United States,,25136,Health Care,Biotechnology: Pharmaceutical Preparations
OGI,Organigram Global Inc. Common Shares,$1.65,0.12,7.843%,221136576.00,Canada,,790556,Health Care,Biotechnology: Pharmaceutical Preparations
OGN,Organon & Co. Common Stock ,$7.71,0.93,13.717%,2004334614.00,United States,2021,16794795,Health Care,Biotechnology: Pharmaceutical Preparations
OGS,ONE Gas Inc. Common Stock,$81.47,-0.75,-0.912%,4888121870.00,United States,2014,433220,Utilities,Oil/Gas Transmission
OHI,Omega Healthcare Investors Inc. Common Stock,$43.92,0.38,0.873%,12979633680.00,United States,1992,1767076,Real Estate,Real Estate Investment Trusts
OI,O-I Glass Inc. Common Stock,$12.84,-0.04,-0.311%,1972153508.00,United States,,1469149,Consumer Discretionary,Containers/Packaging
OIA,Invesco Municipal Income Opportunities Trust Common Stock,$5.99,-0.01,-0.167%,285157478.00,United States,,121130,Finance,Finance Companies
OII,Oceaneering International Inc. Common Stock,$23.58,0.90,3.968%,2352699475.00,United States,,783858,Energy,Oilfield Services/Equipment
OIS,Oil States International Inc. Common Stock,$6.42,0.27,4.39%,383566527.00,United States,2001,685872,Consumer Discretionary,Oil and Gas Field Machinery
OKE,ONEOK Inc. Common Stock,$67.90,-0.22,-0.323%,42724822720.00,United States,,3271674,Utilities,Oil & Gas Production
OKLO,Oklo Inc. Class A common stock,$111.52,-1.13,-1.003%,16461377315.00,United States,2021,12907789,Utilities,Electric Utilities: Central
OKTA,Okta Inc. Class A Common Stock,$85.735,0.525,0.616%,15113870008.00,United States,2017,1409492,Technology,Computer Software: Prepackaged Software
OKUR,OnKure Therapeutics Inc. Class A Common Stock,$3.07,0.13,4.422%,41592971.00,United States,2021,111663,Health Care,Biotechnology: Pharmaceutical Preparations
OKYO,OKYO Pharma Limited Ordinary Shares,$2.69,0.24,9.796%,91029600.00,Guernsey,2022,141383,Health Care,Biotechnology: Biological Products (No Diagnostic Substances)
OLB,The OLB Group Inc. Common Stock,$1.05,0.0974,10.225%,9206539.00,United States,,49978,Real Estate,Real Estate
OLED,Universal Display Corporation Common Stock,$119.61,-5.32,-4.258%,5686527924.00,United States,,843346,Technology,Electrical Products
OLLI,Ollie's Bargain Outlet Holdings Inc. Common Stock,$126.53,3.07,2.487%,7757573533.00,United States,2015,1101846,Consumer Discretionary,Department/Specialty Retail Stores
OLMA,Olema Pharmaceuticals Inc. Common Stock,$8.70,0.35,4.192%,597118662.00,United States,2020,723025,Health Care,Biotechnology: Pharmaceutical Preparations
OLN,Olin Corporation Common Stock,$19.35,-0.05,-0.258%,2208251586.00,United States,,2353566,Industrials,Major Chemicals
OLP,One Liberty Properties Inc. Common Stock,$20.38,-0.24,-1.164%,441128402.00,United States,1986,103000,Real Estate,Real Estate Investment Trusts
OLPX,Olaplex Holdings Inc. Common Stock,$1.14,0.04,3.636%,760963572.00,United States,2021,1122462,Consumer Discretionary,Package Goods/Cosmetics
OM,Outset Medical Inc. Common Stock,$12.07,0.01,0.083%,214437950.00,United States,2020,206948,Health Care,Biotechnology: Electromedical & Electrotherapeutic Apparatus
OMAB,Grupo Aeroportuario del Centro Norte S.A.B. de C.V. ADS,$103.73,-0.64,-0.613%,5007169294.00,Mexico,2006,35505,Consumer Discretionary,Aerospace
OMC,Omnicom Group Inc. Common Stock,$72.74,-1.54,-2.073%,14091402946.00,United States,,3921520,Consumer Discretionary,Advertising
OMCC,Old Market Capital Corporation Common Stock,$5.3878,-0.2022,-3.617%,36387181.00,United States,,356,Finance,Finance Companies
OMCL,Omnicell Inc. Common Stock ($0.001 par value),$36.81,1.13,3.167%,1651904775.00,United States,2001,349413,Technology,Computer Manufacturing
OMDA,Omada Health Inc. Common Stock,$20.65,0.34,1.674%,1188922119.00,United States,2025,837795,Health Care,Medical/Nursing Services
OMER,Omeros Corporation Common Stock,$6.60,0.01,0.152%,449168452.00,United States,2009,1123797,Health Care,Biotechnology: Pharmaceutical Preparations
OMEX,Odyssey Marine Exploration Inc. Common Stock,$2.20,-0.01,-0.452%,99419316.00,United States,,2462581,Consumer Discretionary,Marine Transportation
OMF,OneMain Holdings Inc. Common Stock,$59.95,-0.25,-0.415%,7058028005.00,United States,2013,1648513,Finance,Finance: Consumer Services
OMH,Ohmyhome Limited Class A Ordinary Shares,$1.168,0.048,4.286%,27553480.00,Singapore,2023,11097,Finance,Real Estate
OMI,Owens & Minor Inc. Common Stock,$2.95,-0.23,-7.233%,228172452.00,United States,,2663507,Health Care,Medical Specialities
OMSE,OMS Energy Technologies Inc. Ordinary Shares,$5.25,-0.04,-0.756%,222855696.00,Singapore,2025,40795,Consumer Discretionary,Oil and Gas Field Machinery
ON,ON Semiconductor Corporation Common Stock,$48.54,0.71,1.484%,19531448118.00,United States,,6224555,Technology,Semiconductors
ONB,Old National Bancorp Common Stock,$21.03,0.04,0.191%,8217956190.00,United States,,2193390,Finance,Major Banks
ONBPO,Old National Bancorp Depositary Shares Each Representing a 1/40th Interest in a Share of Series C Preferred Stock,$25.065,0.065,0.26%,9794725245.00,United States,,2606,Finance,Major Banks
ONBPP,Old National Bancorp Depositary Shares Each Representing a 1/40th Interest in a Share of Series A Preferred Stock,$25.095,-0.017,-0.068%,9806448435.00,United States,,2319,Finance,Major Banks
ONC,BeOne Medicines Ltd. American Depositary Shares,$329.20,9.23,2.885%,36428594836.00,Cayman Islands,2016,137445,Health Care,Biotechnology: Pharmaceutical Preparations
ONCH,1RT Acquisition Corp. Class A Ordinary Share,$10.375,0.025,0.242%,0.00,United States,2025,18206,,
ONCHU,1RT Acquisition Corp. Units,$10.63,0.09,0.854%,0.00,United States,2025,897,,
ONCHW,1RT Acquisition Corp. Warrant,$0.93,-0.05,-5.102%,0.00,United States,2025,3311,Finance,Blank Checks
ONCO,Onconetix Inc. Common Stock,$2.71,-0.03,-1.095%,4188858.00,United States,2022,26110,Health Care,Biotechnology: Pharmaceutical Preparations
ONCY,Oncolytics Biotech Inc. Common Shares,$1.07,0.05,4.902%,107386395.00,Canada,,649128,Health Care,Biotechnology: Pharmaceutical Preparations
ONDS,Ondas Holdings Inc. Common Stock,$5.88,0.07,1.205%,1288689130.00,United States,,134748957,Technology,Radio And Television Broadcasting And Communications Equipment
ONEG,OneConstruction Group Limited Ordinary Shares,$10.08,0.32,3.279%,161280000.00,Hong Kong,2024,256157,Consumer Discretionary,Homebuilding
ONEW,OneWater Marine Inc. Class A Common Stock,$14.98,-0.05,-0.333%,245228967.00,United States,2020,232127,Consumer Discretionary,Auto & Home Supply Stores
ONFO,Onfolio Holdings Inc. Common Stock,$1.10,0.02,1.852%,5640136.00,United States,2022,29739,Technology,EDP Services
ONFOW,Onfolio Holdings Inc. Warrant,$0.1746,0.0251,16.789%,895243.00,United States,2022,1200,Technology,EDP Services
ONIT,Onity Group Inc. Common Stock,$40.63,2.28,5.945%,327432051.00,United States,,38700,Finance,Finance: Consumer Services
ONL,Orion Properties Inc. Common Stock,$2.55,-0.05,-1.923%,143602317.00,United States,2021,284696,Real Estate,Real Estate Investment Trusts
ONMD,OneMedNet Corp Class A Common Stock,$1.55,0.07,4.73%,71448253.00,United Kingdom,2021,590049,Health Care,Biotechnology: Commercial Physical & Biological Resarch
ONMDW,OneMedNet Corp Warrant,$0.0901,-0.001,-1.098%,4153218.00,United Kingdom,2021,5285,Health Care,Biotechnology: Commercial Physical & Biological Resarch
ONON,On Holding AG Class A Ordinary Shares,$34.96,-0.04,-0.114%,22190295151.00,,2021,10171862,Consumer Discretionary,Shoe Manufacturing
ONTF,ON24 Inc. Common Stock,$5.01,0.07,1.417%,211954513.00,United States,2021,153504,Technology,Computer Software: Prepackaged Software
ONTO,Onto Innovation Inc. Common Stock,$141.07,1.98,1.424%,6914004623.00,United States,,1157670,Industrials,Industrial Machinery/Components
OOMA,Ooma Inc. Common Stock,$11.81,0.21,1.81%,325956000.00,United States,2015,115563,Technology,EDP Services
OP,OceanPal Inc. Common Stock,$1.44,0.04,2.857%,9642387.00,Greece,,129695,Consumer Discretionary,Marine Transportation
OPAD,Offerpad Solutions Inc. Class A Common Stock,$2.00,0.20,11.111%,73719892.00,United States,2020,2336665,Finance,Real Estate
OPAL,OPAL Fuels Inc. Class A Common Stock,$2.28,0.19,9.091%,395341088.00,United States,2021,236126,Utilities,Natural Gas Distribution
OPBK,OP Bancorp Common Stock,$13.25,0.15,1.145%,197234386.00,United States,2018,73282,Finance,Major Banks
OPCH,Option Care Health Inc. Common Stock,$28.185,0.535,1.935%,4473881319.00,United States,,2339146,Health Care,Medical/Nursing Services
OPEN,Opendoor Technologies Inc Common Stock,$7.97,1.41,21.494%,6159578468.00,United States,,219426617,Finance,Real Estate
OPFI,OppFi Inc. Class A Common Stock,$10.06,0.12,1.207%,868807263.00,United States,2020,605494,Finance,Finance: Consumer Services
OPHC,OptimumBank Holdings Inc. Common Stock,$3.9984,0.0085,0.213%,46985526.00,United States,,4818,Finance,Major Banks
OPK,OPKO Health Inc. Common Stock,$1.33,-0.01,-0.746%,1021042702.00,United States,,1710732,Health Care,Biotechnology: Pharmaceutical Preparations
OPP,RiverNorth/DoubleLine Strategic Opportunity Fund Inc. Common Stock,$8.12,-0.02,-0.246%,0.00,United States,2016,116959,Finance,Finance/Investors Services
OPP^A,RiverNorth/DoubleLine Strategic Opportunity Fund Inc. 4.375% Series A Cumulative Preferred Stock,$17.10,0.12,0.707%,,United States,,5886,,
OPP^B,RiverNorth/DoubleLine Strategic Opportunity Fund Inc. 4.75% Series B Cumulative Preferred Stock,$18.89,0.31,1.668%,,United States,,4046,,
OPP^C,RiverNorth/DoubleLine Strategic Opportunity Fund Inc. 6.00% Series C Term Preferred Stock (Liquidation Preference $10.00 per share),$10.20,-0.02,-0.196%,,United States,,250,,
OPRA,Opera Limited American Depositary Shares,$13.96,0.05,0.359%,1249431922.00,Norway,2018,586180,Technology,Computer Software: Prepackaged Software
OPRT,Oportun Financial Corporation Common Stock,$4.74,0.005,0.106%,209171555.00,United States,2019,360077,Finance,Finance: Consumer Services
OPRX,OptimizeRx Corporation Common Stock,$16.51,0.86,5.495%,306508695.00,United States,,486521,Real Estate,Real Estate
OPTT,Ocean Power Technologies Inc. Common Stock,$0.4534,0.0101,2.278%,82978773.00,United States,2007,4114784,Utilities,Electric Utilities: Central
OPTX,Syntec Optics Holdings Inc. Class A Common Stock,$2.12,-0.06,-2.752%,78270879.00,United States,2022,57704,Technology,Electronic Components
OPTXW,Syntec Optics Holdings Inc. Warrant,$0.2234,-0.0191,-7.876%,8247978.00,United States,2022,7301,Technology,Electronic Components
OPXS,Optex Systems Holdings Inc. Common Stock,$15.84,0.75,4.97%,109511788.00,United States,,44517,Technology,Electronic Components
OPY,Oppenheimer Holdings Inc. Class A Common Stock (DE),$67.68,-0.25,-0.368%,712030756.00,United States,,38507,Finance,Investment Bankers/Brokers/Service
OR,OR Royalties Inc. Common Shares,$32.34,0.40,1.252%,6090010080.00,Canada,2016,2259251,Basic Materials,Precious Metals
ORA,Ormat Technologies Inc. Common Stock,$114.47,0.99,0.872%,6957691730.00,United States,2004,689326,Utilities,Electric Utilities: Central
ORBS,Eightco Holdings Inc. Common Stock,$3.95,-0.505,-11.336%,12026739.00,United States,,3330058,,
ORC,Orchid Island Capital Inc. Common Stock,$7.30,-0.10,-1.351%,1107498768.00,United States,2013,6311958,Real Estate,Real Estate Investment Trusts
ORCL,Oracle Corporation Common Stock,$240.83,1.57,0.656%,684369982620.00,United States,1986,16663005,Technology,Computer Software: Prepackaged Software
ORGN,Origin Materials Inc. Common Stock,$0.5594,0.0263,4.933%,83853396.00,United States,2020,759394,Industrials,Major Chemicals
ORGNW,Origin Materials Inc. Warrants,$0.0192,0.0005,2.674%,2878057.00,United States,2020,47981,Industrials,Major Chemicals
ORGO,Organogenesis Holdings Inc. Class A Common Stock,$6.54,0.91,16.163%,830005409.00,United States,2016,4313359,Health Care,Biotechnology: Pharmaceutical Preparations
ORI,Old Republic International Corporation Common Stock,$41.39,0.13,0.315%,10241955500.00,United States,,1087193,Finance,Property-Casualty Insurers
ORIC,Oric Pharmaceuticals Inc. Common Stock,$12.46,0.11,0.891%,1210152418.00,United States,2020,1131139,Health Care,Biotechnology: Pharmaceutical Preparations
ORIQ,Origin Investment Corp I Ordinary Shares,$10.16,0.00,0.00%,0.00,Singapore,2025,357,,
ORIQW,Origin Investment Corp I Warrant.,$0.21,-0.0001,-0.048%,0.00,Singapore,2025,391,Finance,Blank Checks
ORIS,Oriental Rise Holdings Limited Ordinary Shares,$0.141,-0.001,-0.704%,3103763.00,China,2024,3057189,Consumer Staples,Farming/Seeds/Milling
ORKA,Oruka Therapeutics Inc. Common Stock,$27.96,0.21,0.757%,1047122830.00,United States,,318239,Health Care,Biotechnology: In Vitro & In Vivo Diagnostic Substances
ORKT,Orangekloud Technology Inc. Class A Ordinary Shares,$1.19,0.06,5.31%,6949303.00,Singapore,2024,37778,Technology,Computer Software: Prepackaged Software
ORLA,Orla Mining Ltd. Common Shares,$10.69,0.76,7.654%,3482917676.00,,2020,2554882,Basic Materials,Precious Metals
ORLY,O'Reilly Automotive Inc. Common Stock,$98.10,1.01,1.04%,83237524308.00,United States,1993,5319070,Consumer Discretionary,Auto & Home Supply Stores
ORMP,Oramed Pharmaceuticals Inc. Common Stock,$2.28,0.09,4.11%,93488208.00,Israel,,139675,Health Care,Biotechnology: Pharmaceutical Preparations
ORN,Orion Group Holdings Inc. Common,$10.29,0.14,1.379%,410581064.00,United States,,149001,Industrials,Military/Government/Technical
ORRF,Orrstown Financial Services Inc. Common Stock,$34.21,0.46,1.363%,667052922.00,United States,,84751,Finance,Major Banks
OS,OneStream Inc. Class A Common Stock,$23.74,1.00,4.398%,5788091491.00,United States,2024,5142432,Technology,Computer Software: Prepackaged Software
OSBC,Old Second Bancorp Inc. Common Stock,$18.42,0.10,0.546%,970167106.00,United States,,322764,Finance,Major Banks
OSCR,Oscar Health Inc. Class A Common Stock,$14.61,-3.11,-17.551%,3867033240.00,United States,2021,49270786,Health Care,Medical Specialities
OSIS,OSI Systems Inc. Common Stock (DE),$285.53,0.67,0.235%,4847692078.00,United States,1997,175323,Technology,Semiconductors
OSK,Oshkosh Corporation (Holding Company)Common Stock,$122.46,1.00,0.823%,7746123905.00,United States,,693170,Industrials,Auto Manufacturing
OSPN,OneSpan Inc. Common Stock,$12.66,0.42,3.431%,481423377.00,United States,,1018500,Technology,EDP Services
OSRH,OSR Holdings Inc. Common Stock,$0.5776,-0.0226,-3.765%,12467704.00,United States,2023,772076,Health Care,Medical/Dental Instruments
OSRHW,OSR Holdings Inc. Warrant,$0.0529,0.0011,2.124%,1141866.00,United States,2023,594,Health Care,Medical/Dental Instruments
OSS,One Stop Systems Inc. Common Stock,$5.43,0.24,4.624%,133119116.00,United States,2018,514169,Technology,Computer Manufacturing
OSTX,OS Therapies Incorporated Common Stock,$1.94,0.10,5.435%,61870350.00,,2024,340275,Health Care,Biotechnology: Pharmaceutical Preparations
OSUR,OraSure Technologies Inc. Common Stock,$2.33,-0.065,-2.714%,167139125.00,United States,,1093928,Health Care,Medical/Dental Instruments
OSW,OneSpaWorld Holdings Limited Common Shares,$21.85,-0.06,-0.274%,2227659525.00,Bahamas,,394938,Consumer Discretionary,Hotels/Resorts
OTEX,Open Text Corporation Common Shares,$34.75,0.18,0.521%,8837504978.00,Canada,1996,1252319,Technology,EDP Services
OTF,Blue Owl Technology Finance Corp. Common Stock,$13.46,-0.29,-2.109%,6307702460.00,United States,2025,1494434,,
OTGA,OTG Acquisition Corp. I Class A Ordinary Share ,$10.065,0.005,0.05%,0.00,United States,2025,349027,Finance,Blank Checks
OTGAU,OTG Acquisition Corp. I Unit,$10.22,0.0199,0.195%,0.00,United States,2025,22125,Finance,Blank Checks
OTGAW,OTG Acquisition Corp. I Warrants,$0.3857,0.0257,7.139%,0.00,United States,2025,3552,Finance,Blank Checks
OTIS,Otis Worldwide Corporation Common Stock ,$90.26,-0.76,-0.835%,35175752711.00,United States,2020,2021904,Technology,Consumer Electronics/Appliances
OTLK,Outlook Therapeutics Inc. Common Stock,$1.26,0.07,5.882%,55968607.00,United States,2016,576015,Health Care,Biotechnology: Biological Products (No Diagnostic Substances)
OTLY,Oatly Group AB American Depositary Shares,$15.40,0.21,1.382%,460891077.00,Sweden,2021,52819,Consumer Staples,Packaged Foods
OTTR,Otter Tail Corporation Common Stock,$84.70,0.20,0.237%,3549397544.00,United States,,246042,Utilities,Electric Utilities: Central
OUST,Ouster Inc. Common Stock,$25.67,-0.04,-0.156%,1540333972.00,United States,,2773797,Industrials,Industrial Machinery/Components
OUSTZ,Ouster Inc. Warrants,$0.0829,0.0004,0.485%,4974433.00,United States,,15518,Industrials,Industrial Machinery/Components
OUT,OUTFRONT Media Inc. Common Stock,$20.17,0.01,0.05%,3372919698.00,United States,2014,3200065,Real Estate,Real Estate Investment Trusts
OVBC,Ohio Valley Banc Corp. Common Stock,$35.20,-0.05,-0.142%,165827235.00,United States,,18891,Finance,Major Banks
OVID,Ovid Therapeutics Inc. Common Stock,$1.35,0.03,2.273%,95997844.00,United States,2017,968483,Health Care,Biotechnology: Pharmaceutical Preparations
OVLY,Oak Valley Bancorp (CA) Common Stock,$28.50,0.18,0.636%,238846017.00,United States,,9366,Finance,Major Banks
OVV,Ovintiv Inc. (DE),$38.85,-0.01,-0.026%,9985899960.00,Canada,,3947176,Energy,Oil & Gas Production
OWL,Blue Owl Capital Inc. Class A Common Stock,$14.91,-0.52,-3.37%,23254102489.00,United States,2020,13775866,Finance,Investment Managers
OWLS,OBOOK Holdings Inc. Class A Common Shares,$9.03,0.03,0.333%,798050369.00,Taiwan,,38580,Technology,Computer Software: Prepackaged Software
OWLT,Owlet Inc. Class A Common Stock,$9.46,0.60,6.772%,161240592.00,United States,2020,106279,Industrials,Industrial Machinery/Components
OXBR,Oxbridge Re Holdings Limited Ordinary Shares,$1.3058,-0.0142,-1.076%,10023480.00,Cayman Islands,2014,13419,Finance,Property-Casualty Insurers
OXBRW,Oxbridge Re Holdings Limited Warrant expiring 3/26/2029,$0.33,-0.029,-8.078%,2533120.00,Cayman Islands,2014,1584,Finance,Property-Casualty Insurers
OXLC,Oxford Lane Capital Corp. Common Stock,$15.05,-0.08,-0.529%,2612680000.00,United States,2011,846213,Finance,Investment Managers
OXLCG,Oxford Lane Capital Corp. 7.95% Notes due 2032,$25.20,0.0695,0.277%,0.00,United States,,2546,Finance,Investment Managers
OXLCI,Oxford Lane Capital Corp. 8.75% Notes due 2030,$26.01,0.01,0.038%,0.00,United States,,574,,
OXLCL,Oxford Lane Capital Corp. 6.75% Notes due 2031,$24.00,-0.04,-0.166%,4166400000.00,United States,,1711,Finance,Finance Companies
OXLCN,Oxford Lane Capital Corp. 7.125% Series 2029 Term Preferred Stock,$24.4999,0.2399,0.989%,4253182640.00,United States,,2358,Finance,Investment Managers
OXLCO,Oxford Lane Capital Corp. Preferred Stock Shares 6.00% Series 2029,$23.65,0.15,0.638%,4105640000.00,United States,,1922,Finance,Investment Managers
OXLCP,Oxford Lane Capital Corp. 6.25% Series 2027 Term Preferred Shares,$24.73,0.13,0.528%,4293128000.00,United States,,11351,Finance,Investment Managers
OXLCZ,Oxford Lane Capital Corp. 5.00% Notes due 2027,$24.2799,-0.0401,-0.165%,4214990640.00,United States,,11065,Finance,Finance Companies
OXM,Oxford Industries Inc. Common Stock,$35.92,-1.20,-3.233%,534028315.00,United States,,345490,Industrials,Garments and Clothing
OXSQ,Oxford Square Capital Corp. Common Stock,$1.99,0.08,4.188%,155288862.00,United States,2003,1384248,Finance,Blank Checks
OXSQG,Oxford Square Capital Corp. 5.50% Notes due 2028,$23.68,0.03,0.127%,1509786125.00,United States,,335,Consumer Discretionary,Other Consumer Services
OXSQH,Oxford Square Capital Corp. 7.75% Notes due 2030,$25.10,0.02,0.08%,0.00,United States,,3801,Finance,Blank Checks
OXY,Occidental Petroleum Corporation Common Stock,$41.80,0.49,1.186%,41149581216.00,United States,,11890902,Energy,Oil & Gas Production
OYSE,Oyster Enterprises II Acquisition Corp Class A Ordinary Shares,$10.06,0.005,0.05%,0.00,United States,2025,323,Finance,Blank Checks
OYSER,Oyster Enterprises II Acquisition Corp Rights,$0.1752,-0.0048,-2.667%,0.00,United States,2025,2000,,
OYSEU,Oyster Enterprises II Acquisition Corp Units,$10.24,0.00,0.00%,0.00,United States,2025,3,,
OZ,Belpointe PREP LLC Class A Units,$62.00,-1.00,-1.587%,240976826.00,,,4536,Real Estate,Real Estate Investment Trusts
OZK,Bank OZK Common Stock,$44.62,0.24,0.541%,5048134210.00,United States,,1298231,Finance,Major Banks
OZKAP,Bank OZK 4.625% Series A Non-Cumulative Perpetual Preferred Stock,$16.7829,-0.0071,-0.042%,1898752390.00,United States,,14752,Finance,Major Banks
PAA,Plains All American Pipeline L.P. Common Units representing Limited Partner Interests,$16.67,0.04,0.241%,11724085215.00,United States,1998,4061464,Energy,Natural Gas Distribution
PAAS,Pan American Silver Corp. Common Stock,$37.40,2.59,7.44%,13531245200.00,Canada,,8845373,Basic Materials,Precious Metals
PAC,Grupo Aeroportuario Del Pacifico S.A. B. de C.V. Grupo Aeroportuario Del Pacifico S.A. de C.V. (each representing 10 Series B shares),$213.14,-1.76,-0.819%,10769483782.00,Mexico,2006,73020,Consumer Discretionary,Aerospace
PACB,Pacific Biosciences of California Inc. Common Stock,$1.76,0.00,0.00%,531357079.00,United States,2010,6605022,Industrials,Biotechnology: Laboratory Analytical Instruments
PACH,Pioneer Acquisition I Corp Class A Ordinary Shares,$10.16,0.02,0.197%,0.00,United States,2025,435,,
PACHU,Pioneer Acquisition I Corp Units,$10.25,0.00,0.00%,0.00,United States,2025,1,,
PACHW,Pioneer Acquisition I Corp Warrants,$0.30,0.00,0.00%,0.00,United States,2025,6103,,
PACK,Ranpak Holdings Corp Class A Common Stock,$5.00,0.04,0.806%,421879350.00,United States,2018,304028,Consumer Discretionary,Containers/Packaging
PACS,PACS Group Inc. Common Stock,$12.50,0.18,1.461%,1904996663.00,United States,2024,430876,Health Care,Hospital/Nursing Management
PAG,Penske Automotive Group Inc. Common Stock,$158.81,0.17,0.107%,10458996643.00,United States,,251760,Consumer Discretionary,Retail-Auto Dealers and Gas Stations
PAGP,Plains GP Holdings L.P. Class A Units representing Limited Partner Interests,$17.63,0.11,0.628%,3486220091.00,United States,,1378987,Energy,Natural Gas Distribution
PAGS,PagSeguro Digital Ltd. Class A Common Shares,$9.48,0.22,2.376%,3124687860.00,Cayman Islands,2018,3088182,Technology,EDP Services
PAHC,Phibro Animal Health Corporation Class A Common Stock,$45.83,2.07,4.73%,1857655255.00,United States,2014,462658,Health Care,Biotechnology: Pharmaceutical Preparations
PAI,Western Asset Investment Grade Income Fund Inc.,$12.44,-0.01,-0.08%,0.00,United States,,7824,Finance,Trusts Except Educational Religious and Charitable
PAII,Pyrophyte Acquisition Corp. II Class A Ordinary Shares,$10.08,0.00,0.00%,0.00,,2025,2,,
PAL,Proficient Auto Logistics Inc. Common Stock,$6.45,-0.15,-2.273%,179238953.00,United States,2024,165159,Consumer Discretionary,Transportation Services
PALI,Palisade Bio Inc. Common Stock,$1.77,0.09,5.357%,16140899.00,United States,,2087803,Health Care,Biotechnology: Biological Products (No Diagnostic Substances)
PAM,Pampa Energia S.A.,$87.21,0.70,0.809%,4742973234.00,Argentina,,288514,Utilities,Electric Utilities: Central
PAMT,PAMT CORP Common Stock,$10.64,0.24,2.308%,222652853.00,United States,,2608,Industrials,Trucking Freight/Courier Services
PANL,Pangaea Logistics Solutions Ltd. Common Shares,$6.36,0.54,9.278%,414938554.00,United States,2013,1112286,Consumer Discretionary,Marine Transportation
PANW,Palo Alto Networks Inc. Common Stock,$216.54,4.255,2.004%,144843606000.00,United States,,4915497,Technology,Computer peripheral equipment
PAPL,Pineapple Financial Inc. Common Stock,$3.25,-0.05,-1.515%,3264953.00,,,8843,Finance,Finance: Consumer Services
PAR,PAR Technology Corporation Common Stock,$38.70,0.03,0.078%,1570872938.00,United States,,1064002,Miscellaneous,Office Equipment/Supplies/Services
PARR,Par Pacific Holdings Inc.  Common Stock,$43.32,2.17,5.273%,2178607983.00,United States,,1208770,Energy,Oil & Gas Production
PASG,Passage Bio Inc. Common Stock,$6.705,0.42,6.683%,21313251.00,United States,2020,24851,Health Care,Biotechnology: Biological Products (No Diagnostic Substances)
PASW,Ping An Biomedical Co. Ltd. Ordinary Shares,$0.6101,0.0031,0.511%,12507050.00,Hong Kong,1999,12396,Consumer Discretionary,Apparel
PATH,UiPath Inc. Class A Common Stock,$14.20,-0.10,-0.699%,7540507387.00,United States,2021,14915475,Technology,Computer Software: Prepackaged Software
PATK,Patrick Industries Inc. Common Stock,$104.59,-1.27,-1.20%,3480346881.00,United States,,190164,Consumer Discretionary,Auto Parts:O.E.M.
PAVM,PAVmed Inc. Common Stock,$0.3347,0.0107,3.302%,7340946.00,United States,2016,494175,Health Care,Medical/Dental Instruments
PAVS,Paranovus Entertainment Technology Ltd. Class A Ordinary Shares,$0.586,0.0159,2.789%,39459441.00,China,2019,48431,Health Care, Medicinal Chemicals and Botanical Products 
PAX,Patria Investments Limited Class A Common Shares,$14.815,0.005,0.034%,2341886932.00,Cayman Islands,2021,332073,Finance,Investment Managers
PAXS,PIMCO Access Income Fund Common Shares of Beneficial Interest,$15.96,0.05,0.314%,0.00,United States,2022,101417,Finance,Investment Managers
PAY,Paymentus Holdings Inc. Class A Common Stock,$37.79,0.33,0.881%,4739943280.00,United States,2021,796122,Real Estate,Real Estate
PAYC,Paycom Software Inc. Common Stock,$166.80,4.65,2.868%,9385670034.00,United States,2014,987881,Technology,Computer Software: Prepackaged Software
PAYO,Payoneer Global Inc. Common Stock,$5.67,0.30,5.587%,2021016524.00,United States,,5013252,Real Estate,Real Estate
PAYS,Paysign Inc. Common Stock,$5.18,0.11,2.17%,282060780.00,United States,,323790,Technology,EDP Services
PAYX,Paychex Inc. Common Stock,$111.48,-0.48,-0.429%,40120999062.00,United States,1983,2396692,Industrials,Diversified Commercial Services
PB,Prosperity Bancshares Inc. Common Stock,$66.94,-0.59,-0.874%,6359328918.00,United States,,861480,Finance,Major Banks
PBA,Pembina Pipeline Corp. Ordinary Shares (Canada),$37.53,0.41,1.105%,21802377960.00,Canada,,1117322,Energy,Oil & Gas Production
PBBK,PB Bankshares Inc. Common Stock,$19.95,0.14,0.707%,50918684.00,United States,2021,6267,Finance,Banks
PBF,PBF Energy Inc. Class A Common Stock,$39.82,2.91,7.884%,4613047450.00,United States,2012,4198632,Energy,Integrated oil Companies
PBFS,Pioneer Bancorp Inc. Common Stock,$13.28,-0.06,-0.45%,335915329.00,United States,2019,6954,Finance,Banks
PBH,Prestige Consumer Healthcare Inc. Common Stock,$60.46,0.51,0.851%,2907159245.00,United States,2005,561169,Health Care,Biotechnology: Pharmaceutical Preparations
PBHC,Pathfinder Bancorp Inc. Common Stock (MD),$15.10,0.04,0.266%,93142719.00,United States,,2810,Finance,Major Banks
PBI,Pitney Bowes Inc. Common Stock,$9.27,-0.16,-1.697%,1491711380.00,United States,,3283516,Miscellaneous,Office Equipment/Supplies/Services
PBI^B,Pitney Bowes Inc 6.70% Notes Due 2043,$19.63,0.21,1.081%,,United States,,11609,,
PBM,Psyence Biomedical Ltd. Common Shares,$2.47,0.16,6.926%,4612016.00,Canada,,62559,Health Care,Biotechnology: Pharmaceutical Preparations
PBMWW,Psyence Biomedical Ltd. Warrant,$0.0265,-0.0054,-16.928%,49481.00,Canada,,5751,Health Care,Biotechnology: Pharmaceutical Preparations
PBR,Petroleo Brasileiro S.A. Petrobras ADS,$13.01,0.15,1.166%,83841206617.00,Brazil,,24166628,Energy,Oil & Gas Production
PBT,Permian Basin Royalty Trust Common Stock,$19.74,0.35,1.805%,920057633.00,United States,,144278,Energy,Oil & Gas Production
PBYI,Puma Biotechnology Inc Common Stock,$4.73,-1.26,-21.035%,238349936.00,United States,,1904173,Health Care,Biotechnology: Pharmaceutical Preparations
PCAP,ProCap Acquisition Corp Class A Ordinary Shares,$10.30,0.0201,0.196%,0.00,United States,2025,37229,Finance,Blank Checks
PCAPU,ProCap Acquisition Corp Unit,$10.45,-0.0817,-0.776%,0.00,United States,2025,546,,
PCAPW,ProCap Acquisition Corp Warrant,$0.75,0.00,0.00%,0.00,United States,2025,244,Finance,Blank Checks
PCAR,PACCAR Inc. Common Stock,$98.98,0.29,0.294%,51984727454.00,United States,,2066967,Consumer Discretionary,Motor Vehicles
PCB,PCB Bancorp Common Stock,$22.01,0.38,1.757%,315834740.00,United States,2018,33483,Finance,Major Banks
PCF,High Income Securities Fund Common Stock,$6.28,0.01,0.159%,0.00,United States,,76429,Finance,Trusts Except Educational Religious and Charitable
PCG,Pacific Gas & Electric Co. Common Stock,$16.56,0.05,0.303%,44308830488.00,United States,,20439861,Utilities,Power Generation
PCG^A,Pacific Gas & Electric Co. 6% Preferred Stock,$21.99,0.02,0.091%,,United States,,13441,,
PCG^B,Pacific Gas & Electric Co. 5 1/2% Preferred Stock,$20.10,0.34,1.721%,,United States,,2807,,
PCG^C,Pacific Gas & Electric Co. 5% 1st Preferred Stock,$19.00,0.00,0.00%,,United States,,13,,
PCG^D,Pacific Gas & Electric Co. 5% 1st  Red. Preferred Stock,$18.50,-0.34,-1.805%,,United States,,1604,,
PCG^E,Pacific Gas & Electric Co. 5% 1st A Preferred Stock,$18.75,0.00,0.00%,,United States,,35,,
PCG^G,Pacific Gas & Electric Co. 4.80% 1st Preferred Stock,$19.00,0.49,2.647%,,United States,,2843,,
PCG^H,Pacific Gas & Electric Co. 4.50% 1st Preferred Stock,$16.5601,-0.6299,-3.664%,,United States,,1003,,
PCG^I,Pacific Gas & Electric Co. 4.36% 1st Preferred Stock,$16.70,-0.8099,-4.625%,,United States,,203,,
PCG^X,PG&E Corp 6.000% Series A Mandatory Convertible Preferred Stock,$42.49,0.21,0.497%,,United States,,314272,,
PCH,PotlatchDeltic Corporation Common Stock,$40.80,-0.60,-1.449%,3153268800.00,United States,,501225,Real Estate,Real Estate Investment Trusts
PCLA,PicoCELA Inc. American Depositary Shares,$0.34,0.02,6.25%,8392512.00,Japan,2025,29873,Consumer Discretionary,Building Products
PCM,PCM Fund Inc. Common Stock,$6.26,-0.01,-0.159%,0.00,United States,1993,29247,Finance,Trusts Except Educational Religious and Charitable
PCN,Pimco Corporate & Income Strategy Fund Common Stock,$12.86,0.02,0.156%,0.00,United States,2001,304348,Finance,Investment Managers
PCOR,Procore Technologies Inc. Common Stock,$79.16,-0.44,-0.553%,12306994118.00,United States,2021,1488180,Technology,Computer Software: Prepackaged Software
PCQ,PIMCO California Municipal Income Fund Common Stock,$8.91,0.00,0.00%,0.00,United States,2001,97934,Finance,Investment Managers
PCRX,Pacira BioSciences Inc. Common Stock,$23.07,1.02,4.626%,992500814.00,United States,2011,748546,Health Care,Biotechnology: Pharmaceutical Preparations
PCSA,Processa Pharmaceuticals Inc. Common Stock,$0.3452,0.0394,12.884%,19553586.00,United States,,2632254,Health Care,Biotechnology: Pharmaceutical Preparations
PCSC,Perceptive Capital Solutions Corp Class A Ordinary Shares,$10.70,0.00,0.00%,0.00,United States,2024,2,,
PCT,PureCycle Technologies Inc. Common stock,$10.18,-0.36,-3.416%,1834419101.00,United States,,4288675,Industrials,Major Chemicals
PCTTW,PureCycle Technologies Inc. Warrant,$1.83,-0.17,-8.50%,329762962.00,United States,,84442,Industrials,Major Chemicals
PCTY,Paylocity Holding Corporation Common Stock,$142.30,0.42,0.296%,7738502676.00,United States,2014,1081571,Technology,Computer Software: Prepackaged Software
PCVX,Vaxcyte Inc. Common Stock,$42.92,1.27,3.049%,5618496808.00,United States,2020,1265728,Health Care,Biotechnology: Pharmaceutical Preparations
PCYO,Pure Cycle Corporation Common Stock,$11.00,0.07,0.64%,264817355.00,United States,,31365,Utilities,Water Supply
PD,PagerDuty Inc. Common Stock,$15.71,0.22,1.42%,1464900991.00,United States,2019,1313962,Technology,Computer Software: Prepackaged Software
PDCC,Pearl Diver Credit Company Inc. Common Stock,$16.225,-0.125,-0.765%,0.00,,2024,4214,,
PDD,PDD Holdings Inc. American Depositary Shares,$138.13,2.35,1.731%,196095765796.00,China,2018,7031390,Technology,EDP Services
PDEX,Pro-Dex Inc. Common Stock,$32.53,1.58,5.105%,106112990.00,United States,,23092,Health Care,Medical/Dental Instruments
PDFS,PDF Solutions Inc. Common Stock,$27.11,0.66,2.495%,1071196318.00,United States,2001,247868,Technology,Computer Software: Prepackaged Software
PDI,PIMCO Dynamic Income Fund Common Stock,$18.44,0.06,0.326%,4482579600.00,United States,2012,2597594,Finance,Trusts Except Educational Religious and Charitable
PDLB,Ponce Financial Group Inc. Common Stock,$15.60,0.52,3.448%,374417550.00,United States,2017,128637,Finance,Savings Institutions
PDM,Piedmont Realty Trust Inc. Class A Common Stock,$8.21,-0.05,-0.605%,1022303272.00,United States,,497238,Real Estate,Building operators
PDO,PIMCO Dynamic Income Opportunities Fund Common Shares of Beneficial Interest,$13.94,0.05,0.36%,1764973399.00,United States,2021,507413,Finance,Trusts Except Educational Religious and Charitable
PDPA,Pearl Diver Credit Company Inc. 8.00% Series A Preferred Stock Due 2029,$25.33,-0.03,-0.118%,0.00,,,176,,
PDS,Precision Drilling Corporation Common Stock,$58.80,0.80,1.379%,781384498.00,Canada,,63807,Energy,Oil & Gas Production
PDSB,PDS Biotechnology Corporation Common Stock,$0.9747,0.0641,7.039%,45453538.00,United States,2015,2863591,Health Care,Biotechnology: Pharmaceutical Preparations
PDT,John Hancock Premium Dividend Fund,$13.07,0.08,0.616%,0.00,United States,,99759,Finance,Finance Companies
PDX,PIMCO Dynamic Income Strategy Fund Common Shares of Beneficial Interest,$22.18,0.23,1.048%,991601260.00,,2019,73763,Finance,Finance/Investors Services
PDYN,Palladyne AI Corp. Common Stock,$6.93,-0.03,-0.431%,290705697.00,United States,,869169,Technology,Computer Software: Prepackaged Software
PDYNW,Palladyne AI Corp Warrants,$0.1351,-0.0449,-24.944%,5667293.00,United States,,54162,Technology,Computer Software: Prepackaged Software
PEB,Pebblebrook Hotel Trust Common Shares of Beneficial Interest,$11.52,0.22,1.947%,1308621646.00,United States,2009,2213715,Real Estate,Real Estate Investment Trusts
PEB^E,Pebblebrook Hotel Trust 6.375% Series E Cumulative Redeemable Preferred Shares of Beneficial Interest,$19.20,0.00,0.00%,,United States,,928,,
PEB^F,Pebblebrook Hotel Trust 6.3% Series F Cumulative Redeemable Preferred Shares of Beneficial Interest,$19.37,0.0162,0.084%,,United States,,1910,,
PEB^G,Pebblebrook Hotel Trust 6.375% Series G Cumulative Redeemable Preferred Shares of Beneficial Interest,$19.27,-0.08,-0.413%,,United States,,2602,,
PEB^H,Pebblebrook Hotel Trust 5.700% Series H Cumulative Redeemable Preferred Shares of Beneficial Interest,$17.725,-0.0144,-0.081%,,United States,,4406,,
PEBK,Peoples Bancorp of North Carolina Inc. Common Stock,$29.53,-0.12,-0.405%,161217293.00,United States,,3070,Finance,Major Banks
PEBO,Peoples Bancorp Inc. Common Stock,$28.97,0.02,0.069%,1034314838.00,United States,,209400,Finance,Major Banks
PECO,Phillips Edison & Company Inc. Common Stock,$34.94,0.04,0.115%,4395452000.00,United States,2021,884798,Real Estate,Real Estate Investment Trusts
PED,Pedevco Corp. Common Stock,$0.5925,0.0155,2.686%,54497766.00,United States,,108702,Energy,Oil & Gas Production
PEG,Public Service Enterprise Group Incorporated Common Stock,$83.24,-0.07,-0.084%,41549576962.00,United States,,2173393,Utilities,Power Generation
PEGA,Pegasystems Inc. Common Stock,$59.81,0.72,1.218%,10232334574.00,United States,1996,1137755,Technology,EDP Services
PELI,Pelican Acquisition Corporation Ordinary Shares,$10.17,-0.01,-0.098%,0.00,United States,2025,128125,Finance,Blank Checks
PELIR,Pelican Acquisition Corporation Right,$0.315,0.005,1.613%,0.00,United States,2025,6500,Finance,Blank Checks
PELIU,Pelican Acquisition Corporation Unit,$10.69,0.14,1.327%,0.00,United States,2025,118,Finance,Blank Checks
PEN,Penumbra Inc. Common Stock,$270.55,4.36,1.638%,10595326987.00,United States,2015,544566,Health Care,Medical/Dental Instruments
PENG,Penguin Solutions Inc. Common Stock,$22.48,0.79,3.642%,1177977043.00,United States,2017,809366,Technology,Semiconductors
PENN,PENN Entertainment Inc. Common Stock,$15.60,1.06,7.29%,2078699563.00,United States,1994,4818217,Consumer Discretionary,Hotels/Resorts
PEO,Adams Natural Resources Fund Inc. Common Stock,$21.77,0.16,0.74%,0.00,United States,,58422,Finance,Finance/Investors Services
PEP,PepsiCo Inc. Common Stock,$142.62,-0.33,-0.231%,195010048200.00,United States,,6616046,Consumer Staples,Beverages (Production/Distribution)
PEPG,PepGen Inc. Common Stock,$4.26,-0.36,-7.792%,139726824.00,United States,2022,353006,Health Care,Biotechnology: Pharmaceutical Preparations
PERF,Perfect Corp. Class A Ordinary Share,$1.88,-0.05,-2.591%,191475501.00,Taiwan,2022,114625,Technology,Computer Software: Prepackaged Software
PERI,Perion Network Ltd. Ordinary Shares,$9.25,0.28,3.122%,416593915.00,Israel,2006,246809,Technology,EDP Services
PESI,Perma-Fix Environmental Services Inc. Common Stock,$14.96,2.09,16.239%,276314207.00,United States,,480563,Industrials,Environmental Services
PETS,PetMed Express Inc. Common Stock,$2.61,0.03,1.163%,54850609.00,United States,,121723,Consumer Staples,Retail-Drug Stores and Proprietary Stores
PETZ,TDH Holdings Inc. Common Shares,$1.05,0.02,1.942%,10839431.00,China,2017,3990,Industrials,Steel/Iron Ore
PEW,GrabAGun Digital Holdings Inc. Common Stock,$4.42,0.08,1.843%,139430085.00,,2025,349911,Consumer Discretionary,Other Specialty Stores
PFAI,Pinnacle Food Group Limited Class A Common Shares,$2.44,0.00,0.00%,28548000.00,Canada,2025,10178,Consumer Staples,Farming/Seeds/Milling
PFBC,Preferred Bank Common Stock,$91.98,0.40,0.437%,1320530186.00,United States,,49597,Finance,Major Banks
PFD,Flaherty & Crumrine Preferred and Income Fund Incorporated,$11.88,0.08,0.678%,0.00,United States,1991,20050,Finance,Investment Managers
PFE,Pfizer Inc. Common Stock,$24.39,-0.04,-0.164%,138674407193.00,United States,,148826777,Health Care,Biotechnology: Pharmaceutical Preparations
PFG,Principal Financial Group Inc Common Stock,$83.58,0.72,0.869%,18362011398.00,United States,2001,1485935,Finance,Accident &Health Insurance
PFGC,Performance Food Group Company Common Stock,$97.49,-1.24,-1.256%,15287615334.00,United States,2015,1267794,Consumer Discretionary,Food Distributors
PFH,Prudential Financial Inc. 4.125% Junior Subordinated Notes due 2060,$18.20,0.08,0.442%,6497400000.00,United States,2020,23042,Finance,Life Insurance
PFIS,Peoples Financial Services Corp. Common Stock,$46.74,0.29,0.624%,467152091.00,United States,,18039,Finance,Major Banks
PFL,PIMCO Income Strategy Fund Shares of Beneficial Interest,$8.44,0.03,0.357%,0.00,United States,2003,139855,Finance,Finance Companies
PFLT,PennantPark Floating Rate Capital Ltd. Common Stock,$9.23,-0.02,-0.216%,915781180.00,United States,2022,759123,Finance,Finance: Consumer Services
PFN,PIMCO Income Strategy Fund II,$7.52,0.02,0.267%,0.00,United States,2004,314875,Finance,Finance/Investors Services
PFO,Flaherty & Crumrine Preferred and Income Opportunity Fund Incorporated,$9.71,0.12,1.251%,0.00,United States,1992,67851,Finance,Finance Companies
PFS,Provident Financial Services Inc Common Stock,$18.62,-0.05,-0.268%,2432188790.00,United States,2003,773887,Finance,Savings Institutions
PFSA,Profusa Inc. Common Stock,$0.188,0.0061,3.353%,6164309.00,United States,,2651894,Health Care,Medical/Dental Instruments
PFSI,PennyMac Financial Services Inc. Common Stock,$127.26,1.26,1.00%,6613126221.00,United States,2013,196847,Finance,Finance: Consumer Services
PFX,PhenixFIN Corporation Common Stock,$43.49,0.00,0.00%,87148263.00,United States,,223,Finance,Finance: Consumer Services
PFXNZ,PhenixFIN Corporation  5.25% Notes due 2028,$23.55,-0.03,-0.127%,47191115.00,United States,,504,Finance,Finance: Consumer Services
PG,Procter & Gamble Company (The) Common Stock,$145.50,-1.48,-1.007%,339994731380.00,United States,,10205776,Consumer Discretionary,Package Goods/Cosmetics
PGAC,Pantages Capital Acquisition Corporation Class A Ordinary Shares,$10.30,0.00,0.00%,0.00,United States,2025,2,,
PGACR,Pantages Capital Acquisition Corporation Right,$0.2817,0.00,0.00%,0.00,United States,2025,19,,
PGACU,Pantages Capital Acquisition Corporation Unit,$10.31,0.00,0.00%,0.00,United States,2024,1,,
PGC,Peapack-Gladstone Financial Corporation Common Stock,$25.98,0.29,1.129%,458507277.00,United States,,94437,Finance,Commercial Banks
PGEN,Precigen Inc. Common Stock,$4.00,0.10,2.564%,1191891680.00,United States,,2858455,Health Care,Biotechnology: Pharmaceutical Preparations
PGNY,Progyny Inc. Common Stock,$23.62,1.25,5.588%,2030904501.00,United States,2019,3637517,Health Care,Misc Health and Biotechnology Services
PGP,Pimco Global StocksPlus & Income Fund Common Shares of Beneficial Interest,$8.66,0.05,0.581%,0.00,United States,2005,34890,Finance,Finance Companies
PGR,Progressive Corporation (The) Common Stock,$217.53,0.26,0.12%,127558990747.00,United States,,3275561,Finance,Property-Casualty Insurers
PGRE,Paramount Group Inc. Common Stock,$6.56,0.01,0.153%,1455647121.00,United States,2014,945477,Real Estate,Real Estate Investment Trusts
PGY,Pagaya Technologies Ltd. Class A Ordinary Shares,$27.58,3.13,12.802%,2250760389.00,United States,,13228179,Finance,Finance: Consumer Services
PGYWW,Pagaya Technologies Ltd. Warrants,$0.4499,0.0498,12.447%,36715631.00,United States,,85608,Finance,Finance: Consumer Services
PGZ,Principal Real Estate Income Fund Common Shares of Beneficial Interest,$10.37,0.10,0.974%,0.00,,2013,30917,Finance,Investment Managers
PH,Parker-Hannifin Corporation Common Stock,$840.63,-3.38,-0.40%,106492819117.00,United States,,862721,Industrials,Metal Fabrications
PHAR,Pharming Group N.V. ADS each representing 10 ordinary shares,$17.55,2.12,13.739%,1200299045.00,Netherlands,,60523,Health Care,Biotechnology: Pharmaceutical Preparations
PHAT,Phathom Pharmaceuticals Inc. Common Stock,$13.73,0.48,3.623%,976730781.00,United States,2019,714506,Health Care,Biotechnology: Pharmaceutical Preparations
PHG,Koninklijke Philips N.V. NY Registry Shares,$28.25,0.08,0.284%,26133623000.00,Netherlands,,664794,Health Care,Medical Electronics
PHGE,BiomX Inc. COmmon Stock,$0.391,-0.012,-2.978%,10374750.00,,2019,772605,Health Care,Biotechnology: Biological Products (No Diagnostic Substances)
PHI,PLDT Inc. Sponsored ADR,$19.26,0.00,0.00%,4161234227.00,Philippines,,107566,Telecommunications,Telecommunications Equipment
PHIN,PHINIA Inc. Common Stock,$53.92,0.54,1.012%,2072828982.00,United States,2023,240814,Consumer Discretionary,Auto Parts:O.E.M.
PHIO,Phio Pharmaceuticals Corp. Common Stock,$1.55,-0.01,-0.641%,8876463.00,United States,,673422,Health Care,Biotechnology: Pharmaceutical Preparations
PHK,Pimco High Income Fund,$4.90,0.01,0.204%,0.00,United States,2003,423825,Finance,Finance/Investors Services
PHM,PulteGroup Inc. Common Stock,$120.17,0.41,0.342%,23709249468.00,United States,,1692794,Consumer Discretionary,Homebuilding
PHOE,Phoenix Asia Holdings Limited Ordinary Shares,$17.05,0.00,0.00%,368280000.00,Hong Kong,2025,833,Consumer Discretionary,Engineering & Construction
PHR,Phreesia Inc. Common Stock,$22.62,0.60,2.725%,1355265379.00,United States,2019,406264,Real Estate,Real Estate
PHUN,Phunware Inc. Common Stock,$2.35,0.07,3.07%,47438254.00,Greece,2016,128898,Technology,EDP Services
PHVS,Pharvaris N.V. Ordinary Shares,$22.63,1.04,4.817%,1233179803.00,Netherlands,2021,124113,Health Care,Biotechnology: Pharmaceutical Preparations
PHXE^,Phoenix Energy One LLC Series A Cumulative Redeemable Preferred Shares,$20.502,0.002,0.01%,,,,3433,,
PI,Impinj Inc. Common Stock,$160.51,-3.12,-1.907%,4832816777.00,United States,2016,405460,Technology,Industrial Machinery/Components
PII,Polaris Inc. Common Stock,$64.64,-0.96,-1.463%,3635892245.00,United States,,833879,Consumer Discretionary,Industrial Specialties
PIII,P3 Health Partners Inc. Class A Common Stock,$7.50,-0.407,-5.147%,53905065.00,United States,2021,1603,Health Care,Medical/Nursing Services
PIIIW,P3 Health Partners Inc. Warrant,$0.009,-0.0029,-24.37%,64686.00,United States,2021,3787,Health Care,Medical/Nursing Services
PIM,Putnam Master Intermediate Income Trust Common Stock,$3.355,0.035,1.054%,168600137.00,United States,1988,21040,Finance,Finance Companies
PINC,Premier Inc. Class A Common Stock,$28.17,0.02,0.071%,2329220562.00,United States,2013,952976,Consumer Discretionary,Other Consumer Services
PINE,Alpine Income Property Trust Inc. Common Stock,$15.61,0.24,1.561%,221110374.00,United States,2019,135330,Real Estate,Real Estate Investment Trusts
PINS,Pinterest Inc. Class A Common Stock,$27.01,-0.08,-0.295%,18246816043.00,United States,2019,26099859,Technology,Computer Software: Programming Data Processing
PIPR,Piper Sandler Companies Common Stock,$335.28,8.29,2.535%,5930968082.00,United States,,139011,Finance,Investment Bankers/Brokers/Service
PJT,PJT Partners Inc. Class A Common Stock,$167.35,0.63,0.378%,4067826822.00,United States,2015,226293,Finance,Investment Managers
PK,Park Hotels & Resorts Inc. Common Stock ,$10.77,0.09,0.843%,2152904454.00,United States,2016,3337936,Consumer Discretionary,Hotels/Resorts
PKBK,Parke Bancorp Inc. Common Stock,$21.88,0.17,0.783%,253710700.00,United States,,12713,Finance,Major Banks
PKE,Park Aerospace Corp. Common Stock,$19.55,0.43,2.249%,389158840.00,United States,,71987,Industrials,Military/Government/Technical
PKG,Packaging Corporation of America Common Stock,$200.72,0.17,0.085%,18060196888.00,United States,2000,709177,Consumer Discretionary,Containers/Packaging
PKOH,Park-Ohio Holdings Corp. Common Stock,$19.84,0.51,2.638%,285779467.00,United States,,25989,Industrials,Industrial Specialties
PKST,Peakstone Realty Trust Common Shares,$15.01,0.06,0.401%,552230914.00,United States,2023,184100,Real Estate,Real Estate Investment Trusts
PKX,POSCO HOLDINGS INC. American Depositary Shares (Each representing 1/4th of a share of Common Stock),$53.07,1.29,2.491%,17539502750.00,South Korea,1994,122791,Industrials,Steel/Iron Ore
PL,Planet Labs PBC Class A Common Stock,$13.39,0.58,4.528%,4123089010.00,United States,2021,10902997,Technology,Radio And Television Broadcasting And Communications Equipment
PLAB,Photronics Inc. Common Stock,$22.48,0.77,3.547%,1326423970.00,United States,1987,656302,Technology,Semiconductors
PLAG,Planet Green Holdings Corp. Common Stock,$1.73,0.05,2.976%,12599095.00,China,,5130,Consumer Staples,Packaged Foods
PLAY,Dave & Buster's Entertainment Inc. Common Stock,$13.80,-0.21,-1.499%,478398597.00,United States,2014,1343859,Consumer Discretionary,Restaurants
PLBC,Plumas Bancorp,$41.59,0.13,0.314%,289279827.00,United States,,4701,Finance,Finance Companies
PLBL,Polibeli Group Ltd Class A Ordinary Shares,$8.01,-0.08,-0.989%,2978198100.00,Indonesia,,4553,Consumer Discretionary,Consumer Electronics/Appliances
PLBY,Playboy Inc. Common Stock,$1.35,0.05,3.846%,128396239.00,United States,2020,218553,Consumer Discretionary,Other Specialty Stores
PLCE,Children's Place Inc. (The) Common Stock,$9.04,0.43,4.994%,200397717.00,United States,1997,555987,Consumer Discretionary,Clothing/Shoe/Accessory Stores
PLD,Prologis Inc. Common Stock,$124.90,-0.70,-0.557%,116015488300.00,United States,,2101272,Real Estate,Real Estate Investment Trusts
PLG,Platinum Group Metals Ltd. Ordinary Shares (Canada),$2.02,0.06,3.061%,218120705.00,Canada,,1973406,Basic Materials,Precious Metals
PLMK,Plum Acquisition Corp. IV Class A Ordinary Shares,$10.44,0.00,0.00%,0.00,United States,2025,15,,
PLMKW,Plum Acquisition Corp. IV Warrants,$0.3301,0.0281,9.305%,0.00,United States,2025,16719,,
PLMR,Palomar Holdings Inc. Common stock,$129.51,1.45,1.132%,3468726552.00,United States,2019,402832,Finance,Property-Casualty Insurers
PLNT,Planet Fitness Inc. Common Stock,$105.22,-1.13,-1.063%,8863054762.00,United States,2015,1659631,Consumer Discretionary,Hotels/Resorts
PLOW,Douglas Dynamics Inc. Common Stock,$31.19,0.43,1.398%,718644985.00,United States,2010,175953,Industrials,Construction/Ag Equipment/Trucks
PLPC,Preformed Line Products Company Common Stock,$214.30,4.64,2.213%,1050470955.00,United States,,90415,Industrials,Water Sewer Pipeline Comm & Power Line Construction
PLRX,Pliant Therapeutics Inc. Common Stock,$1.62,0.02,1.25%,99548004.00,United States,2020,481791,Health Care,Biotechnology: Pharmaceutical Preparations
PLRZ,Polyrizon Ltd. Ordinary Shares,$0.8736,0.0055,0.634%,4654831.00,Israel,2024,101523,Health Care,Biotechnology: Pharmaceutical Preparations
PLSE,Pulse Biosciences Inc Common Stock (DE),$15.355,-0.105,-0.679%,1040571160.00,United States,2016,126042,Health Care,Medical/Dental Instruments
PLTK,Playtika Holding Corp. Common Stock,$4.19,-0.08,-1.874%,1575673915.00,Israel,2021,1621572,Technology,EDP Services
PLTR,Palantir Technologies Inc. Class A Common Stock,$193.61,15.68,8.812%,461457109400.00,United States,,87549164,Technology,Computer Software: Prepackaged Software
PLUG,Plug Power Inc. Common Stock,$2.56,-0.09,-3.396%,2956392300.00,United States,1999,186323136,Energy,Industrial Machinery/Components
PLUR,Pluri Inc. Common Stock,$3.90,0.61,18.541%,31808197.00,Israel,,304364,Health Care,Biotechnology: Biological Products (No Diagnostic Substances)
PLUS,ePlus inc. Common Stock,$88.25,3.37,3.97%,2333230807.00,United States,1996,320854,Technology,Retail: Computer Software & Peripheral Equipment
PLUT,Plutus Financial Group Limited Ordinary Shares,$3.65,0.08,2.241%,52012500.00,Hong Kong,2025,15357,Finance,Investment Bankers/Brokers/Service
PLX,Protalix BioTherapeutics Inc. (DE) Common Stock,$2.13,-0.06,-2.74%,169829405.00,Israel,,566511,Health Care,Biotechnology: Biological Products (No Diagnostic Substances)
PLXS,Plexus Corp. Common Stock,$145.98,2.72,1.899%,3939522261.00,United States,,135438,Technology,Electrical Products
PLYM,Plymouth Industrial REIT Inc. Common Stock,$22.08,-0.21,-0.942%,983747661.00,United States,2017,510814,Real Estate,Real Estate Investment Trusts
PM,Philip Morris International Inc Common Stock,$155.07,1.68,1.095%,241387970807.00,United States,,4976334,Health Care, Medicinal Chemicals and Botanical Products 
PMAX,Powell Max Limited Class A Ordinary Shares,$2.16,0.00,0.00%,27000000.00,Hong Kong,2024,23739,Consumer Discretionary,Other Consumer Services
PMCB,PharmaCyte  Biotech Inc. Common Stock,$0.8801,0.0281,3.298%,5980965.00,United States,,41562,Health Care,Biotechnology: Biological Products (No Diagnostic Substances)
PMEC,Primech Holdings Ltd. Ordinary Shares,$1.20,-0.04,-3.226%,45660000.00,Singapore,2023,3918,Consumer Discretionary,Diversified Commercial Services
PMI,Picard Medical Inc. Common Stock,$2.90,-0.14,-4.605%,213733410.00,,2025,420746,Health Care,Medical/Dental Instruments
PML,Pimco Municipal Income Fund II Common Shares of Beneficial Interest,$7.90,0.07,0.894%,0.00,United States,2002,281343,Finance,Investment Managers
PMM,Putnam Managed Municipal Income Trust Common Stock,$6.08,0.03,0.496%,296331959.00,United States,1989,117710,Finance,Investment Managers
PMN,ProMIS Neurosciences Inc. Common Shares (ON),$0.3887,0.0097,2.559%,20916378.00,Canada,,326363,Health Care,Biotechnology: Pharmaceutical Preparations
PMNT,Perfect Moment Ltd. Common Stock,$0.475,-0.002,-0.419%,14913490.00,United Kingdom,2024,104584,Consumer Discretionary,Apparel
PMO,Putnam Municipal Opportunities Trust Common Stock,$10.393,0.063,0.61%,353170426.00,United States,1993,72011,Finance,Finance Companies
PMT,PennyMac Mortgage Investment Trust Common Shares of Beneficial Interest,$12.19,0.03,0.247%,1060732403.00,United States,2009,585998,Real Estate,Real Estate Investment Trusts
PMT^A,PennyMac Mortgage Investment Trust 8.125% Series A Fixed-to-Floating Rate Cumulative Redeemable Preferred Shares of Beneficial Interest,$24.3052,-0.1048,-0.429%,,United States,,9602,,
PMT^B,PennyMac Mortgage Investment Trust 8.00% Series B Fixed-to-Floating Rate Cumulative Redeemable Preferred Shares of Beneficial Interest,$24.30,-0.0916,-0.376%,,United States,,24043,,
PMT^C,PennyMac Mortgage Investment Trust 6.75% Series C Cumulative Redeemable Preferred Shares of Beneficial Interest,$18.9399,-0.0501,-0.264%,,United States,,6219,,
PMTR,Perimeter Acquisition Corp. I Class A Ordinary Shares,$10.33,0.03,0.291%,0.00,United States,2025,9119,Finance,Blank Checks
PMTRU,Perimeter Acquisition Corp. I Unit,$10.71,0.00,0.00%,0.00,United States,2025,154,Finance,Blank Checks
PMTRW,Perimeter Acquisition Corp. I Warrant,$0.90,0.15,20.00%,0.00,United States,2025,2467,Finance,Blank Checks
PMTS,CPI Card Group Inc. Common Stock,$13.96,0.16,1.159%,158970030.00,United States,,74445,Consumer Discretionary,Publishing
PMTU,PennyMac Mortgage Investment Trust 8.50% Senior Notes due 2028,$25.79,0.09,0.35%,2244158217.00,United States,2023,367,Real Estate,Real Estate Investment Trusts
PMTV,PennyMac Mortgage Investment Trust 9.00% Senior Notes due 2030,$25.35,0.05,0.198%,0.00,United States,2025,19056,Real Estate,Real Estate Investment Trusts
PMTW,PennyMac Mortgage Investment Trust 9.00% Senior Notes due 2030,$25.72,0.04,0.156%,0.00,United States,2025,9341,Real Estate,Real Estate Investment Trusts
PMVP,PMV Pharmaceuticals Inc. Common Stock,$1.30,-0.01,-0.763%,68888123.00,United States,2020,145332,Health Care,Biotechnology: Pharmaceutical Preparations
PN,Skycorp Solar Group Limited Ordinary Shares,$0.65,0.0356,5.794%,17550000.00,China,2025,14895,Technology,Retail: Computer Software & Peripheral Equipment
PNBK,Patriot National Bancorp Inc. Common Stock,$1.14,0.01,0.885%,110797692.00,United States,,276709,Finance,Major Banks
PNC,PNC Financial Services Group Inc. (The) Common Stock,$185.09,0.89,0.483%,72584607696.00,United States,,1399496,Finance,Major Banks
PNFP,Pinnacle Financial Partners Inc. Common Stock,$86.68,0.07,0.081%,6724240613.00,United States,,866782,Finance,Major Banks
PNFPP,Pinnacle Financial Partners Inc. Depositary shares of Pinnacle Financial Partners Inc. each representing a 1/40th Interest in a share of its 6.75% Fixed-Rate Non-Cumulative Perpetual Preferred Stock Series B,$25.1001,0.0101,0.04%,1947151728.00,United States,,4007,Finance,Major Banks
PNI,Pimco New York Municipal Income Fund II Common Shares of Beneficial Interest,$6.98,0.01,0.143%,0.00,United States,2002,34168,Finance,Trusts Except Educational Religious and Charitable
PNNT,PennantPark Investment Corporation Common Stock,$6.52,0.14,2.194%,425730533.00,United States,2022,638030,Finance,Finance: Consumer Services
PNR,Pentair plc. Ordinary Share,$108.69,1.33,1.239%,17817688106.00,Switzerland,,1304364,Industrials,Industrial Machinery/Components
PNRG,PrimeEnergy Resources Corporation Common Stock,$143.28,5.705,4.147%,236268720.00,United States,,82821,Energy,Oil & Gas Production
PNTG,The Pennant Group Inc. Common Stock ,$24.60,-0.94,-3.681%,851005512.00,United States,,328975,Health Care,Medical/Nursing Services
PNW,Pinnacle West Capital Corporation Common Stock,$87.71,-0.26,-0.296%,10498044896.00,United States,,1849816,Utilities,Electric Utilities: Central
POAI,Predictive Oncology Inc. Common Stock,$6.02,-0.245,-3.911%,4589732.00,United States,,16325,Health Care,Industrial Specialties
POCI,Precision Optics Corporation Inc. Common stock,$4.22,0.0789,1.905%,32556038.00,United States,,110677,Health Care,Biotechnology: Electromedical & Electrotherapeutic Apparatus
PODC,PodcastOne Inc. Common Stock,$2.24,-0.07,-3.03%,59163545.00,United States,,9264,Technology,Computer Software: Programming Data Processing
PODD,Insulet Corporation Common Stock,$320.35,0.53,0.166%,22535628774.00,United States,2007,545019,Health Care,Medical/Dental Instruments
POET,POET Technologies Inc. Common Shares,$5.28,-0.11,-2.041%,479002978.00,Canada,,8840408,Technology,Semiconductors
POLA,Polar Power Inc. Common Stock,$3.46,0.05,1.466%,8689901.00,United States,2016,31920,Miscellaneous,Industrial Machinery/Components
POLE,Andretti Acquisition Corp. II Class A Ordinary Shares,$10.58,0.00,0.00%,0.00,United States,2024,5,,
POLEU,Andretti Acquisition Corp. II Unit,$10.65,0.16,1.525%,0.00,United States,2024,300,,
POLEW,Andretti Acquisition Corp. II Warrant,$0.30,0.00,0.00%,0.00,United States,2024,11100,,
POM,POMDOCTOR LIMITED American Depositary Shares,$5.38,0.04,0.749%,637104313.00,China,2025,471678,Consumer Discretionary,Other Specialty Stores
PONY,Pony AI Inc. American Depositary Shares ,$14.455,0.415,2.956%,5135753854.00,China,2024,7144565,Technology,EDP Services
POOL,Pool Corporation Common Stock,$248.86,-3.15,-1.25%,9269906588.00,United States,1995,692097,Consumer Discretionary,Industrial Specialties
POR,Portland General Electric Co Common Stock,$48.90,1.05,2.194%,5500709753.00,United States,,1530413,Utilities,Electric Utilities: Central
POST,Post Holdings Inc. Common Stock,$105.43,-1.25,-1.172%,5726970673.00,United States,2012,669463,Consumer Staples,Packaged Foods
POWI,Power Integrations Inc. Common Stock,$35.68,0.38,1.076%,1974394260.00,United States,1997,898288,Technology,Semiconductors
POWL,Powell Industries Inc. Common Stock,$373.85,8.49,2.324%,4511826670.00,United States,,172590,Energy,Electrical Products
POWW,Outdoor Holding Company Common Stock,$1.73,0.10,6.135%,202601731.00,United States,,920011,Industrials,Ordnance And Accessories
POWWP,Outdoor Holding Company 8.75% Series A Cumulative Redeemable Perpetual Preferred Stock,$24.1401,0.1401,0.584%,2827067075.00,United States,,776,Industrials,Ordnance And Accessories
PPBT,Purple Biotech Ltd. American Depositary Shares,$0.8464,0.028,3.421%,2241436.00,Israel,2015,638838,Health Care,Biotechnology: Pharmaceutical Preparations
PPC,Pilgrim's Pride Corporation Common Stock,$37.52,0.47,1.269%,8912780211.00,United States,,1304539,Consumer Staples,Meat/Poultry/Fish
PPCB,Propanc Biopharma Inc. Common Stock,$0.902,-0.128,-12.427%,11551686.00,Australia,,2457990,Health Care,Biotechnology: Pharmaceutical Preparations
PPG,PPG Industries Inc. Common Stock,$95.93,-0.32,-0.332%,21526692000.00,United States,,1699910,Consumer Discretionary,Paints/Coatings
PPIH,Perma-Pipe International Holdings Inc. Common Stock,$27.95,0.15,0.54%,226228558.00,United States,,88552,Industrials,Pollution Control Equipment
PPL,PPL Corporation Common Stock,$36.84,0.26,0.711%,27251991281.00,United States,,3605791,Utilities,Electric Utilities: Central
PPSI,Pioneer Power Solutions Inc. Common Stock,$4.35,0.18,4.317%,48264407.00,United States,,64686,Industrials,Electrical Products
PPT,Putnam Premier Income Trust Common Stock,$3.62,0.00,0.00%,360292312.00,United States,1988,252075,Finance,Finance Companies
PPTA,Perpetua Resources Corp. Common Shares,$22.93,0.65,2.917%,2466576936.00,Canada,,2609069,Basic Materials,Precious Metals
PR,Permian Resources Corporation Class A Common Stock,$13.23,-0.03,-0.226%,10971607142.00,United States,2022,10294262,Energy,Oil & Gas Production
PRA,ProAssurance Corporation Common Stock,$24.00,-0.03,-0.125%,1233927432.00,United States,,327970,Finance,Property-Casualty Insurers
PRAA,PRA Group Inc. Common Stock,$15.25,0.505,3.425%,595873879.00,United States,2002,607647,Finance,Finance: Consumer Services
PRAX,Praxis Precision Medicines Inc. Common Stock,$167.89,-0.33,-0.196%,4198453939.00,United States,2020,453149,Health Care,Biotechnology: Pharmaceutical Preparations
PRCH,Porch Group Inc. Common Stock,$10.54,-0.18,-1.679%,1303624733.00,United States,2020,2691175,Technology,Computer Software: Prepackaged Software
PRCT,PROCEPT BioRobotics Corporation Common Stock,$30.94,-0.98,-3.07%,1728883544.00,United States,2021,1428024,Health Care,Medical/Dental Instruments
PRDO,Perdoceo Education Corporation Common Stock,$30.69,0.56,1.859%,1974056788.00,United States,,708784,Real Estate,Other Consumer Services
PRE,Prenetics Global Limited Class A Ordinary Share,$11.89,-0.45,-3.647%,154974034.00,Hong Kong,,200818,Finance,Blank Checks
PRENW,Prenetics Global Limited Warrant,$0.0259,0.0061,30.808%,337580.00,Hong Kong,,201501,Finance,Blank Checks
PRFX,PainReform Ltd. Ordinary Shares,$0.9336,-0.0664,-6.64%,1759837.00,Israel,2020,185679,Health Care,Biotechnology: Pharmaceutical Preparations
PRG,PROG Holdings Inc. Common Stock,$27.41,0.07,0.256%,1083894188.00,United States,,313814,Consumer Discretionary,Diversified Commercial Services
PRGO,Perrigo Company plc Ordinary Shares,$14.25,-0.19,-1.316%,1961142128.00,United States,,4929401,Health Care,Biotechnology: Pharmaceutical Preparations
PRGS,Progress Software Corporation Common Stock (DE),$42.44,0.15,0.355%,1820997398.00,United States,1991,502621,Technology,Computer Software: Prepackaged Software
PRH,Prudential Financial Inc. 5.950% Junior Subordinated Notes due 2062,$25.12,0.12,0.48%,8842240000.00,United States,2022,19634,Finance,Life Insurance
PRHI,Presurance Holdings Inc. Common Stock,$1.16,0.02,1.754%,14178542.00,United States,2015,36829,Finance,Property-Casualty Insurers
PRI,Primerica Inc. Common Stock,$254.79,2.16,0.855%,8131892418.00,United States,2010,209039,Finance,Life Insurance
PRIF^D,Priority Income Fund Inc. 7.00% Series D Term Preferred Stock due 2029,$24.67,0.00,0.00%,,,,190,,
PRIF^J,Priority Income Fund Inc. 6.000% Series J Term Preferred Stock due 2028,$23.735,0.035,0.148%,,,,965,,
PRIF^K,Priority Income Fund Inc. 7.000% Series K Cumulative Preferred Stock,$21.89,-0.12,-0.545%,,,,1783,,
PRIF^L,Priority Income Fund Inc. 6.375% Series L Term Preferred Stock Due 2029,$24.236,0.246,1.025%,,,,2732,,
PRIM,Primoris Services Corporation Common Stock,$128.99,3.54,2.822%,6969632955.00,United States,,657496,Industrials,Water Sewer Pipeline Comm & Power Line Construction
PRK,Park National Corporation Common Stock,$157.16,0.94,0.602%,2526859656.00,United States,1994,54360,Finance,Major Banks
PRKS,United Parks & Resorts Inc. Common Stock,$34.84,-1.97,-5.352%,1916684171.00,United States,2013,2441898,Health Care,Biotechnology: Electromedical & Electrotherapeutic Apparatus
PRLB,Proto Labs Inc. Common stock,$49.03,0.04,0.082%,1160968867.00,United States,2012,162972,Industrials,Metal Fabrications
PRLD,Prelude Therapeutics Incorporated Common Stock,$1.26,0.07,5.882%,71316435.00,United States,2020,513660,Health Care,Biotechnology: Pharmaceutical Preparations
PRM,Perimeter Solutions SA Common Stock,$25.63,0.77,3.097%,3791284841.00,Luxembourg,,780828,Industrials,Major Chemicals
PRMB,Primo Brands Corporation Class A Common Stock,$15.56,1.10,7.607%,5761647328.00,United States,2024,21347601,Consumer Staples,Beverages (Production/Distribution)
PRME,Prime Medicine Inc. Common Stock,$3.525,-0.285,-7.48%,474373343.00,United States,2022,4683392,Health Care,Biotechnology: Biological Products (No Diagnostic Substances)
PRO,PROS Holdings Inc. Common Stock,$23.12,-0.01,-0.043%,1116644674.00,United States,2007,668088,Technology,EDP Services
PROF,Profound Medical Corp. Common Stock,$5.99,0.01,0.167%,180018321.00,Canada,,105448,Health Care,Medical/Dental Instruments
PROK,ProKidney Corp. Class A Ordinary Shares,$2.70,-0.19,-6.574%,794562645.00,United States,2021,2091711,Health Care,Biotechnology: Biological Products (No Diagnostic Substances)
PROP,Prairie Operating Co. Common Stock,$1.86,-0.06,-3.125%,93516604.00,United States,,992425,Finance,Finance: Consumer Services
PROV,Provident Financial Holdings Inc. Common Stock,$15.26,0.05,0.329%,100365600.00,United States,,546,Finance,Savings Institutions
PRPH,ProPhase Labs Inc. Common Stock (DE),$0.2792,-0.0035,-1.238%,11598304.00,United States,,377143,Health Care,Biotechnology: Pharmaceutical Preparations
PRPL,Purple Innovation Inc. Common Stock,$0.7627,-0.0672,-8.097%,82683489.00,United States,2015,307932,Consumer Discretionary,Home Furnishings
PRPO,Precipio Inc.  Common Stock,$20.24,0.24,1.20%,32780380.00,United States,,1266,Industrials,Biotechnology: Laboratory Analytical Instruments
PRQR,ProQR Therapeutics N.V. Ordinary Shares,$2.16,-0.06,-2.703%,227259058.00,Netherlands,2014,280171,Health Care,Biotechnology: Pharmaceutical Preparations
PRS,Prudential Financial Inc. 5.625% Junior Subordinated Notes due 2058,$24.29,0.06,0.248%,8550080000.00,United States,2018,40286,Finance,Life Insurance
PRSO,Peraso Inc. Common Stock,$1.04,-0.10,-8.772%,6417882.00,United States,,524887,Technology,Semiconductors
PRSU,Pursuit Attractions and Hospitality Inc. Common Stock,$33.91,0.98,2.976%,959085482.00,United States,,309336,Real Estate,Real Estate
PRT,PermRock Royalty Trust Units of Beneficial Interest,$3.86,-0.0301,-0.774%,46959726.00,United States,2018,52450,Energy,Oil & Gas Production
PRTA,Prothena Corporation plc Ordinary Shares,$10.53,-0.03,-0.284%,566829710.00,United States,,694728,Health Care,Biotechnology: Pharmaceutical Preparations
PRTC,PureTech Health plc American Depositary Shares,$17.50,0.00,0.00%,422947070.00,United States,,692,Health Care,Biotechnology: Pharmaceutical Preparations
PRTH,Priority Technology Holdings Inc. Common Stock,$5.57,0.70,14.374%,456024634.00,United States,2016,4064879,Real Estate,Real Estate
PRTS,CarParts.com Inc. Common Stock,$0.63,0.0106,1.711%,37146877.00,United States,2007,541912,Consumer Discretionary,Auto & Home Supply Stores
PRU,Prudential Financial Inc. Common Stock,$107.00,0.71,0.668%,41699596057.00,United States,2001,1677388,Finance,Life Insurance
PRVA,Privia Health Group Inc. Common Stock,$23.41,-0.02,-0.085%,2879465794.00,United States,2021,1094649,Health Care,Medical/Nursing Services
PRZO,ParaZero Technologies Ltd. Ordinary Shares,$1.39,0.14,11.20%,23184687.00,Israel,2023,519639,Industrials,Military/Government/Technical
PSA,Public Storage Common Stock,$272.78,-5.27,-1.895%,47862800959.00,United States,,868788,Real Estate,Real Estate Investment Trusts
PSA^F,Public Storage Depositary Shares Each Representing 1/1000 of a 5.15% Cumulative Preferred Share of Beneficial Interest Series F par value $0.01 per share,$22.00,0.13,0.594%,,United States,,9588,,
PSA^G,Public Storage Depositary Shares Each Representing 1/1000 of a 5.05% Cumulative Preferred Share of Beneficial Interest Series G,$21.55,0.18,0.842%,,United States,,10046,,
PSA^H,Public Storage Depositary Shares Each Representing 1/1000 of a  5.60% Cumulative Preferred  Share of Beneficial Interest Series H,$23.8454,0.0058,0.024%,,United States,,23657,,
PSA^I,Public Storage Depositary Shares Each Representing 1/1000 of a 4.875% Cumulative Preferred Share of Beneficial Interest Series I par value $0.01 per share,$20.1697,0.0797,0.397%,,United States,,11884,,
PSA^J,Public Storage Depositary Shares Each Representing 1/1000 of a 4.700% Cumulative Preferred Share of Beneficial Interest Series J par value $0.01 per share,$19.48,0.08,0.412%,,United States,,20165,,
PSA^K,Public Storage Depositary Shares Each Representing 1/1000 of a 4.75% Cumulative Preferred Share of Beneficial Interest Series K,$19.61,0.10,0.513%,,United States,,8765,,
PSA^L,Public Storage Depositary Shares Each Representing 1/1000 of a 4.625% Cumulative Preferred Share of Beneficial Interest Series L par value $0.01 per share,$19.17,0.03,0.157%,,United States,,30455,,
PSA^M,Public Storage Depositary Shares Each Representing 1/1000 of a 4.125% Cumulative Preferred Share of Beneficial Interest Series M,$17.09,0.14,0.826%,,United States,,8429,,
PSA^N,Public Storage Depositary Shares Each Representing 1/1000 of a 3.875% Cumulative Preferred Share of Beneficial Interest Series N,$16.06,0.08,0.501%,,United States,,15440,,
PSA^O,Public Storage Depositary Shares Each Representing 1/1000 of a 3.900% Cumulative Preferred Share of Beneficial Interest Series O,$16.19,0.0706,0.438%,,United States,,7231,,
PSA^P,Public Storage Depositary Shares Each Representing 1/1000 of a 4.000% Cumulative Preferred Share of Bene cial Interest Series P,$16.65,0.13,0.787%,,United States,,41539,,
PSA^Q,Public Storage Depositary Shares Each Representing 1/1000 of a 3.950% Cumulative Preferred Share of Beneficial Interest Series Q par value $0.01 per share,$16.48,0.0525,0.32%,,United States,,10451,,
PSA^R,Public Storage Depositary Shares Each Representing 1/1000 of a 4.00% Cumulative Preferred Share of Bene cial Interest Series R,$16.68,0.15,0.907%,,United States,,30039,,
PSA^S,Public Storage Depositary Shares Each Representing 1/1000 of a 4.100% Cumulative Preferred Share of Beneficial Interest Series S,$17.005,0.075,0.443%,,United States,,14390,,
PSBD,Palmer Square Capital BDC Inc. Common Stock,$12.07,-0.07,-0.577%,0.00,,2024,144062,,
PSEC,Prospect Capital Corporation Common Stock,$2.88,0.14,5.109%,1356223651.00,United States,2004,5891958,Finance,Finance: Consumer Services
PSEC^A,Prospect Capital Corporation 5.35% Series A Fixed Rate Cumulative Perpetual Preferred Stock,$17.20,0.2199,1.295%,,United States,,6028,,
PSF,Cohen & Steers Select Preferred and Income Fund Inc. Common Stock,$20.855,0.10,0.482%,1024786087.00,,2010,25245,Finance,Investment Managers
PSFE,Paysafe Limited Common Shares,$10.19,0.01,0.098%,610261818.00,,2021,259462,Real Estate,Real Estate
PSHG,Performance Shipping Inc. Common Shares,$2.15,0.08,3.865%,26729140.00,Greece,,87943,Consumer Discretionary,Marine Transportation
PSIG,PS International Group Ltd. Ordinary Shares,$3.9921,0.0421,1.066%,13137470.00,Hong Kong,,1620,Industrials,Integrated Freight & Logistics
PSIX,Power Solutions International Inc. Common Stock,$64.95,-0.74,-1.127%,1496508404.00,United States,,1740246,Industrials,Industrial Machinery/Components
PSKY,Paramount Skydance Corporation Class B Common Stock,$15.25,0.15,0.993%,10281929481.00,United States,,12879813,Industrials,Broadcasting
PSMT,PriceSmart Inc. Common Stock,$115.43,-1.32,-1.131%,3565490837.00,United States,,151115,Consumer Discretionary,Department/Specialty Retail Stores
PSN,Parsons Corporation Common Stock,$85.87,-0.06,-0.07%,9144174536.00,United States,2019,1186852,Technology,EDP Services
PSNL,Personalis Inc. Common Stock,$8.63,1.70,24.531%,766381523.00,United States,2019,6573649,Health Care,Medical Specialities
PSNY,Polestar Automotive Holding UK PLC Class A ADS,$0.7664,0.0122,1.618%,1617375744.00,Sweden,,3302686,Industrials,Auto Manufacturing
PSNYW,Polestar Automotive Holding UK PLC Class C-1 ADS (ADW),$0.2378,-0.0021,-0.875%,501842317.00,Sweden,,97889,Industrials,Auto Manufacturing
PSO,Pearson Plc Common Stock,$13.09,0.03,0.23%,8401377003.00,United Kingdom,,720438,Consumer Discretionary,Books
PSQH,PSQ Holdings Inc. Class A Common Stock,$1.84,0.04,2.222%,85079585.00,,2021,591626,Consumer Discretionary,Advertising
PSTG,Pure Storage Inc. Class A Common Stock,$92.47,2.40,2.665%,30389025477.00,United States,2015,2738607,Technology,Electronic Components
PSTL,Postal Realty Trust Inc. Class A Common Stock,$15.59,0.01,0.064%,406316495.00,United States,2019,172064,Real Estate,Real Estate Investment Trusts
PSTV,PLUS THERAPEUTICS Inc. Common Stock ,$0.5609,0.0228,4.237%,77083957.00,United States,,3727077,Health Care,Medical/Dental Instruments
PSX,Phillips 66 Common Stock,$138.65,0.70,0.507%,55865015368.00,United States,,1887215,Energy,Integrated oil Companies
PT,Pintec Technology Holdings Limited American Depositary Shares,$0.9811,0.0092,0.947%,15646544.00,China,2018,83692,Technology,Computer Software: Programming Data Processing
PTA,Cohen & Steers Tax-Advantaged Preferred Securities and Income Fund Common Shares of Beneficial Interest,$19.91,0.03,0.151%,1100494529.00,United States,2020,146008,Finance,Trusts Except Educational Religious and Charitable
PTC,PTC Inc. Common Stock,$177.49,1.38,0.784%,21262007033.00,United States,,719661,Technology,Computer Software: Prepackaged Software
PTCT,PTC Therapeutics Inc. Common Stock,$72.48,0.70,0.975%,5819296346.00,United States,2013,1839303,Health Care,Biotechnology: Pharmaceutical Preparations
PTEN,Patterson-UTI Energy Inc. Common Stock,$6.15,0.07,1.151%,2332338448.00,United States,1993,7094944,Energy,Oil & Gas Production
PTGX,Protagonist Therapeutics Inc. Common Stock,$83.23,3.69,4.639%,5203178881.00,United States,2016,1161396,Health Care,Biotechnology: Pharmaceutical Preparations
PTHL,Pheton Holdings Ltd Class A Ordinary Shares,$0.6125,0.0125,2.083%,8728125.00,China,2024,30169,Health Care,Biotechnology: Electromedical & Electrotherapeutic Apparatus
PTHS,Pelthos Therapeutics Inc. Common Stock,$34.00,-0.40,-1.163%,103432862.00,,2024,30588,Health Care,Biotechnology: Biological Products (No Diagnostic Substances)
PTIX,Protagenic Therapeutics Inc. Common Stock,$1.89,-0.17,-8.252%,1113140.00,United States,,84551,Health Care,Biotechnology: Pharmaceutical Preparations
PTIXW,Protagenic Therapeutics Inc. Warrant,$0.0251,-0.0109,-30.278%,14783.00,United States,,2000,Health Care,Biotechnology: Pharmaceutical Preparations
PTLE,PTL LTD Class A Ordinary Shares,$0.2246,0.0356,18.836%,8419693.00,Singapore,2024,46853568,Energy,Oil Refining/Marketing
PTLO,Portillo's Inc. Class A Common Stock,$4.73,-0.21,-4.251%,356522090.00,United States,2021,3697383,Consumer Discretionary,Restaurants
PTON,Peloton Interactive Inc. Class A Common Stock,$7.44,-0.22,-2.872%,3108480152.00,United States,2019,16568494,Consumer Discretionary,Recreational Games/Products/Toys
PTRN,Pattern Group Inc. Series A Common Stock,$17.70,0.61,3.569%,2735046710.00,United States,2025,526446,Consumer Discretionary,Catalog/Specialty Distribution
PTY,Pimco Corporate & Income Opportunity Fund,$13.65,0.01,0.073%,0.00,United States,2002,622635,Finance,Investment Managers
PUBM,PubMatic Inc. Class A Common Stock,$7.65,0.25,3.378%,349781195.00,United States,2020,1032644,Technology,Computer Software: Programming Data Processing
PUK,Prudential Public Limited Company Common Stock,$28.74,0.18,0.63%,36925565051.00,United Kingdom,,946995,Finance,Life Insurance
PULM,Pulmatrix Inc. Common Stock,$4.83,-0.02,-0.412%,17640537.00,United States,2014,3180,Health Care,Biotechnology: Pharmaceutical Preparations
PUMP,ProPetro Holding Corp. Common Stock,$10.62,-0.12,-1.117%,1104290762.00,United States,2017,2671917,Energy,Oilfield Services/Equipment
PVBC,Provident Bancorp Inc. (MD) Common Stock,$12.81,-0.06,-0.466%,227813655.00,United States,2015,25090,Finance,Banks
PVH,PVH Corp. Common Stock,$76.53,-0.18,-0.235%,3682606916.00,United States,,614736,Industrials,Garments and Clothing
PVL,Permianville Royalty Trust Units of Beneficial Interest,$1.78,0.00,0.00%,58740000.00,United States,2011,110311,Energy,Oil & Gas Production
PVLA,Palvella Therapeutics Inc. Common Stock,$80.29,2.46,3.161%,887980503.00,United States,,174052,Health Care,Biotechnology: Pharmaceutical Preparations
PW,Power REIT (MD) Common Stock,$0.651,-0.0459,-6.586%,2206669.00,United States,1998,23829,Real Estate,Real Estate Investment Trusts
PW^A,Power REIT 7.75% Series A Cumulative Perpetual Preferred Stock,$4.52,-0.13,-2.796%,,United States,,1038,,
PWP,Perella Weinberg Partners Class A Common Stock,$19.01,0.99,5.494%,1662978889.00,United States,2020,1867739,Finance,Finance: Consumer Services
PWR,Quanta Services Inc. Common Stock,$450.38,5.37,1.207%,67158813187.00,United States,,700481,Industrials,Engineering & Construction
PX,P10 Inc. Class A Common Stock,$10.42,-0.16,-1.512%,1144910702.00,United States,2021,479211,Finance,Investment Managers
PXED,Phoenix Education Partners Inc. Common Stock,$32.96,0.67,2.075%,1173252565.00,,2025,95885,Real Estate,Other Consumer Services
PXLW,Pixelworks Inc.  Common Stock,$6.13,-0.15,-2.389%,32705493.00,United States,2000,105481,Technology,Semiconductors
PXS,Pyxis Tankers Inc. Common Stock,$2.726,-0.014,-0.511%,28584468.00,Greece,,23053,Consumer Discretionary,Marine Transportation
PYPD,PolyPid Ltd. Ordinary Shares,$3.74,0.09,2.466%,38113981.00,Israel,2020,88037,Health Care,Biotechnology: Pharmaceutical Preparations
PYPL,PayPal Holdings Inc. Common Stock,$66.25,0.03,0.045%,61986941886.00,United States,,11099512,Industrials,Diversified Commercial Services
PYT,PPlus Tr GSC-2 Tr Ctf Fltg Rate,$23.1036,-0.1964,-0.843%,0.00,United States,,4800,Finance,Finance: Consumer Services
PYXS,Pyxis Oncology Inc. Common Stock,$4.77,0.86,21.995%,297000306.00,United States,2021,1798048,Health Care,Biotechnology: Pharmaceutical Preparations
PZG,Paramount Gold Nevada Corp. Common Stock,$1.11,0.1183,11.929%,86099707.00,United States,2015,392546,Basic Materials,Metal Mining
PZZA,Papa John's International Inc. Common Stock,$43.97,2.89,7.035%,1441750622.00,United States,1993,11199033,Consumer Discretionary,Restaurants
Q,Qnity Electronics Inc. Common Stock,$96.60,4.29,4.647%,40462575094.00,,2025,3217427,Technology,Semiconductors
QBTS,D-Wave Quantum Inc. Common Shares,$29.37,-0.13,-0.441%,10283077354.00,,2022,43101520,Technology,EDP Services
QCLS,Q/C Technologies Inc. Common Stock,$3.21,0.21,7.00%,5669364.00,United States,2014,211560,Health Care,Biotechnology: In Vitro & In Vivo Diagnostic Substances
QCOM,QUALCOMM Incorporated Common Stock,$171.57,0.68,0.398%,183751470000.00,United States,1991,10107884,Technology,Radio And Television Broadcasting And Communications Equipment
QCRH,QCR Holdings Inc. Common Stock,$77.345,1.095,1.436%,1310376438.00,United States,,77554,Finance,Major Banks
QD,Qudian Inc. American Depositary Shares each representing one Class A Ordinary Share,$4.78,0.03,0.632%,789304632.00,China,2017,234812,Finance,Finance: Consumer Services
QDEL,QuidelOrtho Corporation Common Stock,$19.73,-0.62,-3.047%,1340289284.00,United States,,2385167,Health Care,Biotechnology: In Vitro & In Vivo Diagnostic Substances
QETA,Quetta Acquisition Corporation Common Stock,$11.45,0.39,3.526%,0.00,United States,2023,346,Finance,Blank Checks
QETAR,Quetta Acquisition Corporation Right,$1.70,0.00,0.00%,0.00,United States,2023,126,Finance,Blank Checks
QETAU,Quetta Acquisition Corporation Unit,$11.07,-0.02,-0.18%,0.00,United States,2023,126,Finance,Blank Checks
QFIN,Qfin Holdings Inc. American Depositary Shares,$22.88,0.60,2.693%,3079648000.00,China,2018,1219108,Finance,Finance: Consumer Services
QGEN,Qiagen N.V. Common Shares,$43.17,-0.39,-0.895%,9329732123.00,Netherlands,,936792,Health Care,Biotechnology: Biological Products (No Diagnostic Substances)
QH,Quhuo Limited American Depository Shares,$0.846,-0.0162,-1.879%,843133.00,China,2020,277440,Real Estate,Real Estate
QIPT,Quipt Home Medical Corp. Common Shares,$2.44,-0.03,-1.215%,106003292.00,United States,,133931,Health Care,Misc Health and Biotechnology Services
QLGN,Qualigen Therapeutics Inc. Common Stock,$2.68,0.18,7.20%,4543806.00,United States,2015,119627,Health Care,Biotechnology: Pharmaceutical Preparations
QLYS,Qualys Inc. Common Stock,$151.99,2.26,1.509%,5450104233.00,United States,2012,535400,Technology,Computer Software: Prepackaged Software
QMCO,Quantum Corporation Common Stock,$8.19,0.01,0.122%,109084649.00,United States,,501044,Technology,Electronic Components
QNCX,Quince Therapeutics Inc. Common Stock,$1.60,0.04,2.564%,85942077.00,United States,2019,2585912,Health Care,Biotechnology: Biological Products (No Diagnostic Substances)
QNRX,Quoin Pharmaceuticals Ltd. American Depositary Shares,$8.14,-0.87,-9.656%,6829273.00,Israel,2016,29533,Health Care,Medical/Dental Instruments
QNST,QuinStreet Inc. Common Stock,$14.42,0.64,4.644%,831689074.00,United States,2010,601021,Real Estate,Real Estate
QNTM,Quantum Biopharma Ltd. Class B Subordinate Voting Shares,$8.39,-0.52,-5.836%,32014856.00,Canada,,46569,Health Care,Biotechnology: Pharmaceutical Preparations
QQQX,Nuveen NASDAQ 100 Dynamic Overwrite Fund Shares of Beneficial Interest,$27.99,0.46,1.671%,0.00,United States,,74210,Finance,Finance Companies
QRHC,Quest Resource Holding Corporation Common Stock,$1.41,-0.04,-2.759%,29204208.00,United States,,195437,Utilities,Environmental Services
QRVO,Qorvo Inc. Common Stock,$86.88,0.98,1.141%,8027444496.00,United States,,1374217,Technology,Semiconductors
QS,QuantumScape Corporation Class A Common Stock,$16.28,-0.34,-2.046%,9789329942.00,United States,2020,51898248,Miscellaneous,Industrial Machinery/Components
QSEA,Quartzsea Acquisition Corporation Ordinary Shares,$10.19,0.01,0.098%,0.00,United States,2025,6421,Finance,Blank Checks
QSEAR,Quartzsea Acquisition Corporation Rights,$0.28,0.0299,11.955%,0.00,United States,2025,100,Finance,Blank Checks
QSG,QuantaSing Group Limited American Depositary Shares,$6.01,-0.07,-1.151%,326851536.00,China,2023,520514,Real Estate,Other Consumer Services
QSI,Quantum-Si Incorporated Class A Common Stock,$1.595,0.02,1.27%,343706016.00,United States,2020,5559012,Industrials,Industrial Machinery/Components
QSIAW,Quantum-Si Incorporated Warrant,$0.30,-0.0002,-0.067%,64646900.00,United States,2020,19695,Industrials,Industrial Machinery/Components
QSR,Restaurant Brands International Inc. Common Shares,$69.18,1.44,2.126%,31462732074.00,Canada,2014,2856623,Consumer Discretionary,Restaurants
QTRX,Quanterix Corporation Common Stock,$5.12,0.18,3.644%,237905485.00,United States,2017,420288,Industrials,Biotechnology: Laboratory Analytical Instruments
QTTB,Q32 Bio Inc. Common Stock,$2.43,0.17,7.522%,29640204.00,United States,2018,72348,Health Care,Biotechnology: Pharmaceutical Preparations
QTWO,Q2 Holdings Inc. Common Stock,$73.19,1.20,1.667%,4576571066.00,United States,2014,949988,Technology,Computer Software: Prepackaged Software
QUAD,Quad Graphics Inc Class A Common Stock,$5.62,0.11,1.996%,285953328.00,United States,,267957,Consumer Discretionary,Publishing
QUBT,Quantum Computing Inc. Common Stock,$12.70,-0.16,-1.244%,2030516475.00,United States,,21491736,Technology,Computer Software: Prepackaged Software
QUIK,QuickLogic Corporation Common Stock,$7.23,0.08,1.119%,118766834.00,United States,1999,113320,Technology,Semiconductors
QUMS,Quantumsphere Acquisition Corp. Ordinary Shares,$9.975,0.00,0.00%,0.00,United States,2025,9,,
QUMSR,Quantumsphere Acquisition Corp. Rights,$0.25,0.00,0.00%,0.00,United States,2025,50,,
QUMSU,Quantumsphere Acquisition Corp. Units,$10.23,0.00,0.00%,0.00,United States,2025,86,,
QURE,uniQure N.V. Ordinary Shares,$26.15,-1.64,-5.901%,1434770220.00,Netherlands,2014,3142750,Health Care,Biotechnology: Pharmaceutical Preparations
QVCC,QVC Inc. 6.250% Senior Secured Notes due 2068,$10.37,0.04,0.387%,0.00,United States,2019,59279,Consumer Discretionary,Catalog/Specialty Distribution
QVCD,QVC Inc. 6.375% Senior Secured Notes due 2067,$10.48,0.06,0.576%,0.00,United States,2018,26926,Consumer Discretionary,Catalog/Specialty Distribution
QVCGA,QVC Group Inc. Series A Common Stock,$6.45,-0.62,-8.769%,52041619.00,United States,,90637,Consumer Discretionary,Catalog/Specialty Distribution
QVCGP,QVC Group Inc. 8.0% Fixed Rate Cumulative Redeemable Preferred Stock,$4.90,0.11,2.296%,39535493.00,United States,,34367,Consumer Discretionary,Catalog/Specialty Distribution
QXO,QXO Inc. Common Stock,$18.40,1.21,7.039%,12408813444.00,United States,,9993592,Consumer Discretionary,RETAIL: Building Materials
QXO^B,QXO Inc.  Depositary Shares each representing a 1/20th interest in a share of 5.50% Series B Mandatory Convertible Preferred Stock,$53.40,3.66,7.358%,,United States,,15966,,
R,Ryder System Inc. Common Stock,$169.50,0.08,0.047%,6843822513.00,United States,,391022,Consumer Discretionary,Rental/Leasing Companies
RA,Brookfield Real Assets Income Fund Inc. Common Stock,$13.26,-0.01,-0.075%,0.00,United States,2016,143293,Finance,Investment Managers
RAAQ,Real Asset Acquisition Corp. Class A Ordinary Share,$10.395,0.005,0.048%,0.00,United States,2025,841,,
RAAQU,Real Asset Acquisition Corp. Unit,$10.64,0.00,0.00%,0.00,United States,2025,17,Finance,Blank Checks
RAAQW,Real Asset Acquisition Corp. Warrants,$0.5289,0.0049,0.935%,0.00,United States,2025,3200,,
RAC,Rithm Acquisition Corp. Class A Ordinary Shares,$10.35,-0.04,-0.385%,0.00,,2025,9970,,
RACE,Ferrari N.V. Common Shares,$411.40,-1.86,-0.45%,99713981726.00,Italy,2015,541799,Industrials,Auto Manufacturing
RADX,Radiopharm Theranostics Limited American Depositary Shares,$4.96,-0.0358,-0.717%,39100498.00,Australia,,16065,Health Care,Biotechnology: Pharmaceutical Preparations
RAIL,FreightCar America Inc. Common Stock,$9.48,1.00,11.792%,181327866.00,United States,2005,458723,Industrials,Railroads
RAIN,Rain Enhancement Technologies Holdco Inc. Class A Common Stock,$4.93,-0.14,-2.761%,37401509.00,United States,,4583,Technology,Industrial Machinery/Components
RAINW,Rain Enhancement Technologies Holdco Inc. Warrants,$0.1844,0.0244,15.25%,1398953.00,United States,,7220,Technology,Industrial Machinery/Components
RAL,Ralliant Corporation Common Stock,$45.92,-0.73,-1.565%,5180043576.00,United States,2025,1091661,Industrials,Industrial Machinery/Components
RAMP,LiveRamp Holdings Inc. Common Stock,$30.48,0.58,1.94%,1940016765.00,United States,2018,718672,Technology,EDP Services
RAND,Rand Capital Corporation Common Stock,$13.75,-0.25,-1.786%,40834943.00,United States,,4332,Finance,Finance: Consumer Services
RANG,Range Capital Acquisition Corp. Ordinary Shares,$10.53,0.00,0.00%,0.00,United States,2025,2,,
RANGR,Range Capital Acquisition Corp. Rights,$0.484,0.0039,0.812%,0.00,United States,2025,133,,
RANI,Rani Therapeutics Holdings Inc. Class A Common Stock,$1.86,-0.16,-7.921%,226011539.00,United States,2021,4557538,Health Care,Biotechnology: Pharmaceutical Preparations
RAPP,Rapport Therapeutics Inc. Common Stock,$24.915,-0.745,-2.903%,1187477253.00,United States,2024,493960,Health Care,Biotechnology: Pharmaceutical Preparations
RAPT,RAPT Therapeutics Inc. Common Stock,$29.00,0.14,0.485%,803615259.00,United States,2019,343314,Health Care,Biotechnology: Pharmaceutical Preparations
RARE,Ultragenyx Pharmaceutical Inc. Common Stock,$31.94,1.31,4.277%,3081493554.00,United States,2014,1157158,Health Care,Biotechnology: Pharmaceutical Preparations
RAVE,Rave Restaurant Group Inc. Common Stock,$2.91,0.05,1.748%,41355657.00,United States,,42346,Consumer Discretionary,Food Distributors
RAY,Raytech Holding Limited Ordinary Shares,$2.69,0.065,2.476%,7329927.00,Hong Kong,2024,102918,Consumer Discretionary,Consumer Electronics/Appliances
RAYA,Erayak Power Solution Group Inc. Class A Ordinary Shares,$3.84,0.1602,4.353%,3436681.00,China,2022,16178,Consumer Discretionary,Metal Fabrications
RBA,RB Global Inc. Common Stock,$100.73,0.33,0.329%,18704755361.00,Canada,,916636,Real Estate,Real Estate
RBB,RBB Bancorp Common Stock,$19.37,0.32,1.68%,334148519.00,United States,2017,51447,Finance,Major Banks
RBBN,Ribbon Communications Inc. Common Stock,$3.27,0.11,3.481%,577480659.00,United States,,597600,Technology,EDP Services
RBC,RBC Bearings Incorporated Common Stock,$441.04,6.79,1.564%,13941910380.00,United States,2022,164976,Industrials,Metal Fabrications
RBCAA,Republic Bancorp Inc. Class A Common Stock,$65.54,-0.13,-0.198%,1280479033.00,United States,1998,17464,Finance,Major Banks
RBKB,Rhinebeck Bancorp Inc. Common Stock,$9.65,-0.05,-0.515%,107166435.00,United States,2019,2770,Finance,Banks
RBLX,Roblox Corporation Class A Common Stock,$105.36,-1.48,-1.385%,73954871523.00,United States,2021,6306951,Technology,Computer Software: Prepackaged Software
RBNE,Robin Energy Ltd. Common Stock,$1.11,0.01,0.909%,2649273.00,Cyprus,,385524,Consumer Discretionary,Marine Transportation
RBOT,Vicarious Surgical Inc. Class A Common Stock,$4.72,0.35,8.009%,28094587.00,Hong Kong,2020,68007,Health Care,Industrial Specialties
RBRK,Rubrik Inc. Class A Common Stock,$76.07,3.04,4.163%,15020682168.00,United States,2024,1892396,Technology,Computer Software: Prepackaged Software
RC,Ready Capital Corporation Common Stock,$2.70,-0.24,-8.163%,443683634.00,United States,2013,5320337,Real Estate,Real Estate Investment Trusts
RC^C,Ready Capital Corporation 6.25% Series C Cumulative Convertible Preferred Stock,$14.50,-0.26,-1.762%,,United States,,15574,,
RC^E,Ready Capital Corporation 6.50% Series E Cumulative Redeemable Preferred Stock,$14.42,-0.16,-1.097%,,United States,,57343,,
RCAT,Red Cat Holdings Inc. Common Stock,$9.16,-0.12,-1.293%,913840585.00,United States,,7708120,Technology,Computer Software: Prepackaged Software
RCB,Ready Capital Corporation 6.20% Senior Notes due 2026,$24.617,0.017,0.069%,4045244455.00,United States,2019,3692,Real Estate,Real Estate Investment Trusts
RCC,Ready Capital Corporation 5.75% Senior Notes due 2026,$24.82,0.00,0.00%,4078602891.00,United States,2021,61,Real Estate,Real Estate Investment Trusts
RCD,Ready Capital Corporation 9.00% Senior Notes due 2029,$23.945,-0.0062,-0.026%,0.00,United States,2024,1060,Real Estate,Real Estate Investment Trusts
RCEL,Avita Medical Inc. Common Stock,$3.97,0.20,5.305%,121057651.00,United States,,166782,Health Care,Medical/Dental Instruments
RCG,RENN Fund Inc Common Stock,$2.62,0.00,0.00%,0.00,United States,,12914,Finance,Investment Managers
RCI,Rogers Communication Inc. Common Stock,$37.73,0.30,0.801%,20382699739.00,Canada,,708739,Telecommunications,Cable & Other Pay Television Services
RCKT,Rocket Pharmaceuticals Inc. Common Stock,$3.15,-0.02,-0.631%,340900018.00,United States,2015,1866368,Health Care,Biotechnology: Pharmaceutical Preparations
RCKTW,Rocket Pharmaceuticals Inc. Warrant,$0.0319,0.0019,6.333%,3452289.00,United States,,2400,Health Care,Biotechnology: Pharmaceutical Preparations
RCKY,Rocky Brands Inc. Common Stock,$29.61,-0.13,-0.437%,221888072.00,United States,1993,150140,Consumer Discretionary,Shoe Manufacturing
RCL,Royal Caribbean Cruises Ltd. Common Stock,$264.98,8.97,3.504%,72263483321.00,United States,1993,2625464,Consumer Discretionary,Marine Transportation
RCMT,RCM Technologies Inc. Common Stock,$19.95,-0.12,-0.598%,147839675.00,United States,,73131,Consumer Discretionary,Professional Services
RCON,Recon Technology Ltd. Class A Ordinary Shares,$1.3416,-0.0409,-2.958%,41089755.00,China,2009,33454,Energy,Oilfield Services/Equipment
RCS,PIMCO Strategic Income Fund Inc.,$7.07,-0.01,-0.141%,0.00,United States,1994,84511,Finance,Investment Managers
RCT,RedCloud Holdings plc Ordinary Shares,$2.12,0.02,0.952%,93760466.00,United Kingdom,2025,675447,Consumer Discretionary,Other Specialty Stores
RCUS,Arcus Biosciences Inc. Common Stock,$19.46,0.15,0.777%,2101165011.00,United States,2018,880073,Health Care,Biotechnology: Pharmaceutical Preparations
RDAC,Rising Dragon Acquisition Corp. Ordinary Shares,$10.54,-0.06,-0.566%,0.00,China,2024,3747,,
RDACR,Rising Dragon Acquisition Corp. Rights,$0.19,0.00,0.00%,0.00,China,2024,29,Finance,Blank Checks
RDACU,Rising Dragon Acquisition Corp. Unit,$10.51,0.00,0.00%,0.00,China,2024,100,Finance,Blank Checks
RDAG,Republic Digital Acquisition Company Class A Ordinary Shares,$10.29,0.00,0.00%,0.00,United States,2025,11076,Finance,Blank Checks
RDAGU,Republic Digital Acquisition Company Unit,$10.64,-0.04,-0.375%,0.00,United States,2025,6036,Finance,Blank Checks
RDCM,Radcom Ltd. Ordinary Shares,$12.66,0.00,0.00%,201491699.00,Israel,1997,32845,Technology,Computer peripheral equipment
RDDT,Reddit Inc. Class A Common Stock,$204.19,9.61,4.939%,38693140255.00,United States,2024,4649121,Technology,EDP Services
RDGT,Ridgetech Inc. Ordinary Shares,$2.10,0.09,4.478%,12295519.00,China,,9174,Consumer Staples,Retail-Drug Stores and Proprietary Stores
RDHL,Redhill Biopharma Ltd. American Depositary Shares,$1.07,-0.07,-6.14%,3562947.00,Israel,,255077,Health Care,Biotechnology: Pharmaceutical Preparations
RDI,Reading International Inc Class A Common Stock,$1.31,-0.02,-1.504%,29759611.00,United States,,24540,Consumer Discretionary,Movies/Entertainment
RDIB,Reading International Inc Class B Common Stock,$10.97,0.00,0.00%,249208342.00,United States,,1085,Consumer Discretionary,Movies/Entertainment
RDN,Radian Group Inc. Common Stock,$35.33,0.46,1.319%,4786828454.00,United States,,531636,Finance,Property-Casualty Insurers
RDNT,RadNet Inc. Common Stock,$80.85,2.54,3.244%,6218663613.00,United States,,1574868,Health Care,Medical Specialities
RDNW,RideNow Group Inc. Class B Common Stock,$4.90,0.50,11.364%,186530760.00,United States,,78084,Technology,EDP Services
RDVT,Red Violet Inc. Common Stock ,$57.85,-0.35,-0.601%,808267994.00,United States,,80332,Technology,Computer Software: Prepackaged Software
RDW,Redwire Corporation Common Stock,$6.17,-0.39,-5.945%,1018980331.00,United States,2021,6184615,Industrials,Military/Government/Technical
RDWR,Radware Ltd. Ordinary Shares,$23.08,-0.10,-0.431%,985205205.00,Israel,1999,289194,Real Estate,Real Estate
RDY,Dr. Reddy's Laboratories Ltd Common Stock,$13.52,0.06,0.446%,11281836535.00,India,,737782,Health Care,Biotechnology: Pharmaceutical Preparations
RDZN,Roadzen Inc. Ordinary Shares,$1.51,0.00,0.00%,114792850.00,United States,2022,518911,Finance,Specialty Insurers
RDZNW,Roadzen Inc. Warrants,$0.18,0.0219,13.852%,13683916.00,United States,2022,9045,Finance,Specialty Insurers
REAL,The RealReal Inc. Common Stock,$11.21,0.22,2.002%,1291809864.00,United States,2019,7673334,Consumer Discretionary,Other Specialty Stores
REAX,The Real Brokerage Inc. Common Shares,$3.75,0.08,2.18%,794250000.00,Canada,,1507320,Finance,Real Estate
REBN,Reborn Coffee Inc. Common Stock,$1.70,0.12,7.595%,9196517.00,United States,2022,41276,Consumer Discretionary,Restaurants
RECT,Rectitude Holdings Ltd Ordinary Shares,$2.18,0.00,0.00%,31610000.00,Singapore,2024,18273,Consumer Discretionary,Industrial Machinery/Components
REE,REE Automotive Ltd. Class A Ordinary Shares,$0.878,0.019,2.212%,27236378.00,Israel,,28974,Industrials,Auto Manufacturing
REFI,Chicago Atlantic Real Estate Finance Inc. Common Stock,$12.84,0.15,1.182%,270606826.00,United States,2021,121969,Real Estate,Real Estate Investment Trusts
REFR,Research Frontiers Incorporated Common Stock,$1.57,-0.01,-0.633%,52827707.00,United States,,83675,Miscellaneous,Multi-Sector Companies
REG,Regency Centers Corporation Common Stock,$70.09,0.32,0.459%,12819529548.00,United States,1993,1097869,Real Estate,Real Estate Investment Trusts
REGCO,Regency Centers Corporation 5.875% Series B Cumulative Redeemable Preferred Stock,$23.10,0.22,0.962%,4225012592.00,United States,,3516,Real Estate,Real Estate Investment Trusts
REGCP,Regency Centers Corporation 6.25% Series A Cumulative Redeemable Preferred Stock,$24.07,0.46,1.948%,4402426540.00,United States,,7809,Real Estate,Real Estate Investment Trusts
REGN,Regeneron Pharmaceuticals Inc. Common Stock,$654.74,-2.79,-0.424%,68812823059.00,United States,1991,824803,Health Care,Biotechnology: Pharmaceutical Preparations
REI,Ring Energy Inc. Common Stock,$0.9863,0.0443,4.703%,204384219.00,United States,,2565984,Energy,Oil & Gas Production
REKR,Rekor Systems Inc. Common Stock,$2.17,-0.06,-2.691%,274144854.00,United States,,3142743,Telecommunications,Telecommunications Equipment
RELI,Reliance Global Group Inc. Common Stock,$0.8258,-0.0159,-1.889%,8147012.00,United States,,131073,Finance,Specialty Insurers
RELIW,Reliance Global Group Inc. Series A Warrants,$0.0354,-0.0065,-15.513%,349242.00,United States,,1000,Finance,Specialty Insurers
RELL,Richardson Electronics Ltd. Common Stock,$10.64,0.23,2.209%,154205754.00,United States,1983,86513,Technology,Electronic Components
RELX,RELX PLC PLC American Depositary Shares (Each representing One Ordinary Share),$42.03,-0.24,-0.568%,76976665355.00,United Kingdom,2015,1451792,Real Estate,Real Estate
RELY,Remitly Global Inc. Common Stock,$12.66,-0.05,-0.393%,2646521486.00,United States,2021,6396918,Real Estate,Real Estate
RENT,Rent the Runway Inc. Class A Common Stock,$4.05,0.09,2.273%,16592976.00,United States,2021,50859,Consumer Discretionary,Other Specialty Stores
REPL,Replimune Group Inc. Common Stock,$8.71,0.40,4.813%,683241439.00,United States,2018,1546995,Health Care,Biotechnology: Biological Products (No Diagnostic Substances)
REPX,Riley Exploration Permian Inc. Common Stock,$24.84,-0.16,-0.64%,545707625.00,United States,1999,149098,Energy,Oil & Gas Production
RERE,ATRenew Inc. American Depositary Shares (every three of which representing two Class A ordinary shares),$4.03,0.08,2.025%,885859838.00,Cayman Islands,2021,1199012,Consumer Discretionary,Other Specialty Stores
RES,RPC Inc. Common Stock,$5.48,-0.01,-0.182%,1208748123.00,United States,,1942659,Energy,Oilfield Services/Equipment
RETO,ReTo Eco-Solutions Inc. Class A Shares,$3.00,0.18,6.383%,4396494.00,China,2017,35066,Industrials,Industrial Machinery/Components
REVB,Revelation Biosciences Inc. Common Stock,$1.04,0.0594,6.058%,6161102.00,United States,2020,192307,Health Care,Biotechnology: Pharmaceutical Preparations
REVBW,Revelation Biosciences Inc. Warrant,$0.0095,0.00,0.00%,56279.00,United States,2020,27299,Health Care,Biotechnology: Pharmaceutical Preparations
REVG,REV Group Inc. Common Stock,$52.00,-0.19,-0.364%,2537513316.00,United States,2017,1242811,Industrials,Auto Manufacturing
REX,REX American Resources Corporation,$32.93,0.89,2.778%,1088585912.00,United States,,145084,Industrials,Major Chemicals
REXR,Rexford Industrial Realty Inc. Common Stock,$41.59,-0.25,-0.598%,9682584786.00,United States,2013,1001263,Real Estate,Real Estate Investment Trusts
REXR^B,Rexford Industrial Realty Inc. 5.875% Series B Cumulative Redeemable Preferred Stock,$22.83,0.00,0.00%,,United States,,53,,
REXR^C,Rexford Industrial Realty Inc. 5.625% Series C Cumulative Redeemable Preferred Stock par value $0.01 per share,$21.80,-0.03,-0.137%,,United States,,631,,
REYN,Reynolds Consumer Products Inc. Common Stock,$24.70,-0.18,-0.723%,5195141565.00,United States,2020,778224,Consumer Discretionary,Containers/Packaging
REZI,Resideo Technologies Inc. Common Stock ,$30.62,-0.47,-1.512%,4584271585.00,United States,2018,3473287,Industrials,Wholesale Distributors
RF,Regions Financial Corporation Common Stock,$25.04,0.19,0.765%,21956987460.00,United States,,23496314,Finance,Major Banks
RF^C,Regions Financial Corporation Depositary Shares each Representing a 1/40th Interest in a  Share of 5.700% Fixed-to-Floating Rate Non-Cumulative  Perpetual Preferred Stock Series C,$24.37,0.12,0.495%,,United States,,13050,,
RF^E,Regions Financial Corporation Depositary Shares Each Representing a 1/40th Interest in a Share of 4.45% Non-Cumulative Perpetual Preferred Stock Series E,$17.96,0.005,0.028%,,United States,,27919,,
RF^F,Regions Financial Corporation Depositary Shares Each Representing a 1/40th Interest in a Share of Non-Cumulative Perpetual Preferred Stock Series F,$25.72,0.03,0.117%,,United States,,10822,,
RFAI,RF Acquisition Corp II Ordinary Shares,$10.70,0.00,0.00%,0.00,Singapore,2024,1383,,
RFAIR,RF Acquisition Corp II Right,$0.15,0.001,0.671%,0.00,Singapore,2024,751,Technology,Computer Software: Prepackaged Software
RFI,Cohen & Steers Total Return Realty Fund Inc. Common Stock,$11.55,0.08,0.697%,567551153.00,United States,1993,74200,Finance,Investment Managers
RFIL,RF Industries Ltd. Common Stock,$7.055,-0.06,-0.843%,75258839.00,United States,,81789,Technology,Electrical Products
RFL,Rafael Holdings Inc. Class B Common Stock,$1.30,0.01,0.775%,67302045.00,United States,2018,17698,Finance,Real Estate
RFM,RiverNorth Flexible Municipal Income Fund Inc. Common Stock,$14.35,0.05,0.35%,87745931.00,,2020,26930,Finance,Finance/Investors Services
RFMZ,RiverNorth Flexible Municipal Income Fund II Inc. Common Stock,$13.02,0.02,0.154%,317059863.00,,2021,56845,Finance,Trusts Except Educational Religious and Charitable
RGA,Reinsurance Group of America Incorporated Common Stock,$186.65,-3.79,-1.99%,12265486929.00,United States,,224259,Finance,Life Insurance
RGC,Regencell Bioscience Holdings Limited Ordinary Shares,$13.83,0.81,6.221%,6838781598.00,Hong Kong,2021,135704,Health Care, Medicinal Chemicals and Botanical Products 
RGCO,RGC Resources Inc. Common Stock,$21.23,0.32,1.53%,219210662.00,United States,,5260,Utilities,Oil & Gas Production
RGEN,Repligen Corporation Common Stock,$145.66,2.84,1.989%,8199310499.00,United States,1986,896201,Health Care,Biotechnology: Biological Products (No Diagnostic Substances)
RGLD,Royal Gold Inc. Common Stock,$184.73,8.91,5.068%,15590854178.00,United States,,1472758,Industrials,Precious Metals
RGNX,REGENXBIO Inc. Common Stock,$11.02,-0.19,-1.695%,557866408.00,United States,2015,542688,Health Care,Biotechnology: Biological Products (No Diagnostic Substances)
RGP,Resources Connection Inc. Common Stock,$4.34,-0.13,-2.908%,144914744.00,United States,,349078,Real Estate,Real Estate
RGR,Sturm Ruger & Company Inc. Common Stock,$33.01,-0.93,-2.74%,526319792.00,United States,,275644,Industrials,Ordnance And Accessories
RGS,Regis Corporation Common Stock,$27.50,0.00,0.00%,66989478.00,United States,1991,7357,Consumer Discretionary,Other Consumer Services
RGT,Royce Global Trust Inc. Common Stock,$12.45,0.01,0.08%,78023440.00,,2013,125923,Finance,Trusts Except Educational Religious and Charitable
RGTI,Rigetti Computing Inc. Common Stock,$33.08,-0.69,-2.043%,10723383824.00,United States,,38599404,Technology,EDP Services
RGTIW,Rigetti Computing Inc. Warrants,$21.54,-0.69,-3.104%,6982517762.00,United States,,114720,Technology,EDP Services
RH,RH Common Stock,$157.77,-4.41,-2.719%,2957409694.00,United States,2012,898581,Consumer Discretionary,Other Specialty Stores
RHI,Robert Half Inc. Common Stock,$25.86,-0.52,-1.971%,2616680071.00,United States,,2197037,Consumer Discretionary,Professional Services
RHLD,Resolute Holdings Management Common Stock ,$174.76,0.68,0.391%,1490003410.00,United States,,86929,Finance,Finance: Consumer Services
RHP,Ryman Hospitality Properties Inc. (REIT),$94.84,1.05,1.12%,5975306378.00,United States,,567747,Real Estate,Real Estate Investment Trusts
RIBB,Ribbon Acquisition Corp Class A Ordinary Shares,$10.30,0.01,0.097%,0.00,Japan,2025,33954,,
RIBBR,Ribbon Acquisition Corp Rights,$0.22,0.00,0.00%,0.00,Japan,2025,40111,,
RIBBU,Ribbon Acquisition Corp Unit,$10.49,0.00,0.00%,0.00,Japan,2025,2,,
RICK,RCI Hospitality Holdings Inc. Common Stock,$23.92,0.20,0.843%,208593427.00,United States,1995,57780,Consumer Discretionary,Restaurants
RIG,Transocean Ltd (Switzerland) Common Stock,$4.20,0.22,5.528%,4626053061.00,Switzerland,,55326292,Energy,Oil & Gas Production
RIGL,Rigel Pharmaceuticals Inc. Common Stock,$34.55,-0.64,-1.819%,627128935.00,United States,2000,700899,Health Care,Biotechnology: Pharmaceutical Preparations
RILY,B. Riley Financial Inc. Common Stock,$5.29,-0.06,-1.121%,161858479.00,United States,,1135102,Finance,Investment Managers
RILYG,B. Riley Financial Inc. 5.00% Senior Notes due 2026,$17.80,-0.20,-1.111%,542847775.00,United States,,19832,Finance,Investment Managers
RILYK,B. Riley Financial Inc. 5.50% Senior Notes Due 2026,$24.00,-0.13,-0.539%,731929584.00,United States,,17897,Finance,Investment Managers
RILYL,B. Riley Financial Inc. Depositary Shares each representing 1/1000th in a share of 7.375% Series B Cumulative Perpetual Preferred Stock par value $0.0001,$5.68,0.59,11.591%,173791335.00,United States,,19398,Finance,Investment Managers
RILYN,B. Riley Financial Inc. 6.50% Senior Notes Due 2026,$19.25,-0.17,-0.875%,587068521.00,United States,,13804,Finance,Investment Managers
RILYP,B. Riley Financial Inc. Depositary Shares each representing a 1/1000th fractional interest in a share of Series A Cumulative Perpetual Preferred Stock,$5.61,0.28,5.253%,171649540.00,United States,,5651,Finance,Investment Managers
RILYT,B. Riley Financial Inc. 6.00% Senior Notes Due 2028,$12.41,-0.06,-0.481%,378468589.00,United States,,19024,Finance,Investment Managers
RILYZ,B. Riley Financial Inc. 5.25% Senior Notes due 2028,$10.12,-0.07,-0.687%,308630308.00,United States,,41471,Finance,Investment Managers
RIME,Algorhythm Holdings Inc. Common Stock,$2.048,0.00,0.00%,5149841.00,United States,,6908,Consumer Staples,Diversified Electronic Products
RIO,Rio Tinto Plc Common Stock,$70.29,0.96,1.385%,88154646046.00,Australia,2002,2032401,Basic Materials,Metal Mining
RIOT,Riot Platforms Inc. Common Stock ,$17.32,0.31,1.822%,6439700462.00,United States,,17576611,Finance,Finance: Consumer Services
RITM,Rithm Capital Corp. Common Stock,$11.05,0.02,0.181%,6123873204.00,United States,,5538757,Real Estate,Real Estate Investment Trusts
RITM^A,Rithm Capital Corp. 7.50% Series A Fixed-to-Floating Rate Cumulative Redeemable Preferred Stock,$25.3565,-0.0034,-0.013%,,United States,,2631,,
RITM^B,Rithm Capital Corp. 7.125% Series B Fixed-to-Floating Rate Cumulative Redeemable Preferred Stock,$25.15,0.0401,0.16%,,United States,,13172,,
RITM^C,Rithm Capital Corp. 6.375% Series C Fixed-to-Floating Rate Cumulative Redeemable Preferred Stock,$24.57,0.01,0.041%,,United States,,17963,,
RITM^D,Rithm Capital Corp. 7.00% Fixed-Rate Reset Series D Cumulative Redeemable Preferred Stock,$24.6005,0.0005,0.002%,,United States,,21183,,
RITM^E,Rithm Capital Corp. 8.75% Series E Fixed-Rate Cumulative Redeemable Preferred Stock,$25.22,0.03,0.119%,,United States,,46555,,
RITR,Reitar Logtech Holdings Limited Ordinary shares,$1.69,0.00,0.00%,105529938.00,Hong Kong,2024,412351,Finance,Real Estate
RIV,RiverNorth Opportunities Fund Inc. Common Stock,$11.51,0.05,0.436%,0.00,United States,2015,74631,Finance,Finance Companies
RIV^A,RiverNorth Opportunities Fund Inc. 6.00% Series A Perpetual Preferred Stock,$23.2995,0.1395,0.602%,,United States,,4031,,
RIVN,Rivian Automotive Inc. Class A Common Stock,$16.41,1.18,7.748%,20117234217.00,United States,2021,104288512,Industrials,Auto Manufacturing
RJF,Raymond James Financial Inc. Common Stock,$161.93,-1.18,-0.723%,32286247234.00,United States,,1032330,Finance,Investment Bankers/Brokers/Service
RJF^B,Raymond James Financial Inc. Depositary Shares each representing a 1/40th interest in a share of 6.375% Fixed-to-Floating Rate Series B Non-Cumulative Perpetual Preferred Stock,$25.3053,0.0853,0.338%,,United States,,555,,
RKDA,Arcadia Biosciences Inc. Common Stock,$3.61,-0.08,-2.168%,4935014.00,United States,2015,10479,Consumer Staples,Farming/Seeds/Milling
RKLB,Rocket Lab Corporation Common Stock,$51.90,0.26,0.503%,24878561505.00,United States,2020,22687295,Industrials,Military/Government/Technical
RKT,Rocket Companies Inc. Class A Common Stock,$17.08,0.92,5.693%,48095401405.00,United States,2020,59254063,Finance,Finance: Consumer Services
RL,Ralph Lauren Corporation Common Stock,$334.71,10.03,3.089%,20297034639.00,United States,1997,638706,Industrials,Garments and Clothing
RLAY,Relay Therapeutics Inc. Common Stock,$6.17,0.12,1.983%,1069399115.00,United States,2020,2946335,Health Care,Biotechnology: Biological Products (No Diagnostic Substances)
RLGT,Radiant Logistics Inc. Common Stock,$6.21,0.10,1.637%,292759135.00,United States,,196851,Industrials,Integrated Freight & Logistics
RLI,RLI Corp. Common Stock (DE),$61.74,-0.38,-0.612%,5669551478.00,United States,,499542,Finance,Property-Casualty Insurers
RLJ,RLJ Lodging Trust Common Shares of Beneficial Interest $0.01 par value,$7.30,0.05,0.69%,1102921069.00,United States,2011,2191474,Real Estate,Real Estate Investment Trusts
RLJ^A,RLJ Lodging Trust $1.95 Series A Cumulative Convertible  Preferred Shares,$25.14,0.00,0.00%,,United States,,14971,,
RLMD,Relmada Therapeutics Inc. Common Stock,$3.01,0.36,13.585%,99906782.00,United States,,1611153,Health Care,Biotechnology: Pharmaceutical Preparations
RLTY,Cohen & Steers Real Estate Opportunities and Income Fund Common Shares of Beneficial Interest,$15.19,0.14,0.93%,0.00,,2022,40827,Finance,Investment Managers
RLX,RLX Technology Inc. American Depositary Shares each representing the right to receive one (1) Class A ordinary share,$2.31,-0.01,-0.431%,3628526217.00,Cayman Islands,2021,864689,Health Care, Medicinal Chemicals and Botanical Products 
RLYB,Rallybio Corporation Common Stock,$0.6499,0.0246,3.934%,27454229.00,United States,2021,112927,Health Care,Biotechnology: Pharmaceutical Preparations
RM,Regional Management Corp. Common Stock,$38.37,1.36,3.675%,372680328.00,United States,2012,40310,Finance,Finance: Consumer Services
RMAX,RE/MAX Holdings Inc. Class A Common Stock,$7.45,-0.08,-1.062%,149419852.00,United States,2013,254801,Finance,Real Estate
RMBI,Richmond Mutual Bancorporation Inc. Common Stock,$13.15,-0.34,-2.52%,137105358.00,United States,2019,18284,Finance,Major Banks
RMBS,Rambus Inc. Common Stock,$110.595,2.925,2.717%,11905566459.00,United States,1997,1630015,Technology,Semiconductors
RMCF,Rocky Mountain Chocolate Factory Inc. Common Stock,$1.68,0.06,3.704%,13104853.00,United States,,33002,Consumer Staples,Specialty Foods
RMCO,Royalty Management Holding Corporation Class A Common Stock,$3.11,-0.27,-7.988%,45794414.00,United States,2023,61664,Miscellaneous,Multi-Sector Companies
RMCOW,Royalty Management Holding Corporation Warrant,$0.1387,-0.0012,-0.858%,2042343.00,United States,2023,120446,Miscellaneous,Multi-Sector Companies
RMD,ResMed Inc. Common Stock,$250.10,-1.39,-0.553%,36506170129.00,United States,,980966,Health Care,Medical/Dental Instruments
RMI,RiverNorth Opportunistic Municipal Income Fund Inc. Common Stock,$14.60,0.136,0.94%,93049713.00,,2018,21164,Finance,Finance/Investors Services
RMM,RiverNorth Managed Duration Municipal Income Fund Inc. Common Stock,$14.07,0.02,0.142%,277736566.00,,2019,67198,Finance,Trusts Except Educational Religious and Charitable
RMMZ,RiverNorth Managed Duration Municipal Income Fund II Inc. Common Stock,$15.06,-0.03,-0.199%,297278798.00,,2022,6882,Finance,Investment Managers
RMNI,Rimini Street Inc. (DE) Common Stock,$3.99,0.09,2.308%,366090480.00,United States,2015,289760,Real Estate,Real Estate
RMR,The RMR Group Inc. Class A Common Stock,$15.63,-0.22,-1.388%,482493239.00,United States,,241496,Consumer Discretionary,Professional Services
RMSG,Real Messenger Corporation Ordinary Shares,$2.039,0.029,1.443%,19515842.00,United States,,21805,Technology,Computer Software: Programming Data Processing
RMSGW,Real Messenger Corporation Warrants,$0.0733,-0.0032,-4.183%,701575.00,United States,,6914,Technology,Computer Software: Programming Data Processing
RMT,Royce Micro-Cap Trust Inc. Common Stock,$10.29,0.18,1.78%,476109111.00,United States,,69410,Finance,Investment Managers
RMTI,Rockwell Medical Inc. Common Stock,$1.07,0.0845,8.574%,36840477.00,United States,1998,288770,Health Care,Biotechnology: Pharmaceutical Preparations
RNA,Avidity Biosciences Inc. Common Stock,$69.84,0.00,0.00%,8985149056.00,United States,2020,2787301,Health Care,Biotechnology: Pharmaceutical Preparations
RNAC,Cartesian Therapeutics Inc. Common Stock,$7.24,-0.63,-8.005%,188266107.00,United States,2016,111506,Health Care,Biotechnology: Pharmaceutical Preparations
RNAZ,TransCode Therapeutics Inc. Common Stock,$9.40,-0.0321,-0.34%,7836620.00,United States,2021,13819,Health Care,Biotechnology: Pharmaceutical Preparations
RNG,RingCentral Inc. Class A Common Stock,$27.10,0.17,0.631%,2345903777.00,United States,2013,1483146,Technology,EDP Services
RNGR,Ranger Energy Services Inc. Class A Common Stock,$13.71,-0.04,-0.291%,299473864.00,United States,2017,433509,Energy,Oilfield Services/Equipment
RNGTU,Range Capital Acquisition Corp II Units,$10.206,0.00,0.00%,0.00,United States,2025,39,,
RNP,Cohen & Steers REIT and Preferred and Income Fund Inc. Common Shares,$21.05,0.13,0.621%,1034368119.00,United States,2003,115819,Finance,Investment Managers
RNR,RenaissanceRe Holdings Ltd. Common Stock,$267.60,-1.85,-0.687%,12338907017.00,Bermuda,,331541,Finance,Property-Casualty Insurers
RNR^F,RenaissanceRe Holdings Ltd. Depositary Shares each Representing a 1/1000th Interest in a 5.750% Series F Preference Share,$23.32,0.12,0.517%,,Bermuda,,6712,,
RNR^G,RenaissanceRe Holdings Ltd. Depositary Shares each representing a 1/1000th interest in a share of 4.20% Series G Preference Shares,$16.775,0.095,0.57%,,Bermuda,,13492,,
RNST,Renasant Corporation Common Stock,$34.64,0.00,0.00%,3291469453.00,United States,2023,440092,Finance,Major Banks
RNTX,Rein Therapeutics Inc. Common Stock,$1.54,-0.06,-3.75%,35889866.00,United States,2017,240486,Health Care,Biotechnology: Pharmaceutical Preparations
RNW,ReNew Energy Global plc Class A Ordinary Shares,$7.40,-0.15,-1.987%,2684491666.00,United Kingdom,,1395671,Utilities,Electric Utilities: Central
RNWWW,ReNew Energy Global plc Warrant,$0.0151,-0.0041,-21.354%,5477814.00,United Kingdom,,15805,Utilities,Electric Utilities: Central
RNXT,RenovoRx Inc. Common Stock,$0.9962,0.0347,3.609%,36506630.00,United States,2021,255016,Health Care,Biotechnology: Pharmaceutical Preparations
ROAD,Construction Partners Inc. Class A Common Stock,$114.15,2.78,2.496%,6402685828.00,United States,2018,311981,Industrials,Military/Government/Technical
ROCK,Gibraltar Industries Inc. Common Stock,$61.36,-0.18,-0.292%,1812737740.00,United States,1993,189792,Industrials,Steel/Iron Ore
ROG,Rogers Corporation Common Stock,$85.06,0.78,0.925%,1529761485.00,United States,1960,131410,Industrials,Major Chemicals
ROIV,Roivant Sciences Ltd. Common Shares,$21.17,0.55,2.667%,14456606499.00,United Kingdom,,12419323,Health Care,Biotechnology: Pharmaceutical Preparations
ROK,Rockwell Automation Inc. Common Stock,$391.24,17.75,4.752%,43988833482.00,United States,,1405849,Industrials,Industrial Machinery/Components
ROKU,Roku Inc. Class A Common Stock,$105.00,2.70,2.639%,15513935955.00,United States,2017,2837533,Telecommunications,Cable & Other Pay Television Services
ROL,Rollins Inc. Common Stock,$58.56,-0.05,-0.085%,28379863348.00,United States,,1975860,Consumer Discretionary,Diversified Commercial Services
ROLR,High Roller Technologies Inc. Common Stock,$2.6199,0.0199,0.765%,22222448.00,,2024,15419,Consumer Discretionary,Services-Misc. Amusement & Recreation
ROMA,Roma Green Finance Limited Ordinary Shares,$2.85,0.0201,0.71%,169759027.00,Hong Kong,2024,715,Consumer Discretionary,Professional Services
ROOT,Root Inc. Class A Common Stock,$90.86,11.78,14.896%,1409144196.00,United States,2020,898599,Finance,Property-Casualty Insurers
ROP,Roper Technologies Inc. Common Stock,$449.82,2.77,0.62%,48417468763.00,United States,1992,821687,Technology,Computer Software: Programming Data Processing
ROST,Ross Stores Inc. Common Stock,$161.92,0.84,0.521%,52660636991.00,United States,1985,2852807,Consumer Discretionary,Clothing/Shoe/Accessory Stores
RPAY,Repay Holdings Corporation Class A Common Stock,$3.74,-0.06,-1.579%,321815653.00,United States,2018,1590139,Real Estate,Real Estate
RPD,Rapid7 Inc. Common Stock,$14.04,-0.16,-1.127%,919350095.00,United States,2015,1448716,Technology,Computer Software: Prepackaged Software
RPGL,Republic Power Group Limited Class A Ordinary Shares,$2.41,0.40,19.90%,38801000.00,Singapore,2025,615616,Technology,Computer Software: Prepackaged Software
RPID,Rapid Micro Biosystems Inc. Class A Common Stock,$3.24,0.14,4.516%,143241463.00,United States,2021,56984,Industrials,Biotechnology: Laboratory Analytical Instruments
RPM,RPM International Inc. Common Stock,$108.05,0.60,0.558%,13854032372.00,United States,,653312,Consumer Discretionary,Paints/Coatings
RPRX,Royalty Pharma plc Class A Ordinary Shares ,$38.54,-0.02,-0.052%,22246756644.00,United States,2020,5953612,Health Care,Biotechnology: Pharmaceutical Preparations
RPT,Rithm Property Trust Inc. Common stock,$2.42,-0.01,-0.412%,109936873.00,United States,2015,328320,Real Estate,Real Estate Investment Trusts
RPT^C,Rithm Property Trust Inc. 9.875% Series C Fixed-to-Floating Rate Cumulative Redeemable Preferred Stock,$24.90,0.06,0.242%,,United States,,1013,,
RPTX,Repare Therapeutics Inc. Common Shares,$1.72,0.03,1.775%,73889776.00,Canada,2020,102885,Health Care,Biotechnology: Pharmaceutical Preparations
RQI,Cohen & Steers Quality Income Realty Fund Inc Common Shares,$12.08,0.09,0.751%,1622348929.00,United States,2002,324935,Finance,Trusts Except Educational Religious and Charitable
RR,Richtech Robotics Inc. Class B Common Stock,$3.80,0.06,1.604%,569597120.00,United States,2023,21761331,Industrials,Industrial Machinery/Components
RRBI,Red River Bancshares Inc. Common Stock,$67.03,0.73,1.101%,447533101.00,United States,2019,18912,Consumer Discretionary,Hotels/Resorts
RRC,Range Resources Corporation Common Stock,$37.71,0.13,0.346%,8934849508.00,United States,,2292689,Energy,Oil & Gas Production
RRGB,Red Robin Gourmet Burgers Inc. Common Stock,$4.70,0.01,0.213%,84177263.00,United States,2002,612964,Consumer Discretionary,Restaurants
RRR,Red Rock Resorts Inc. Class A Common Stock,$59.07,1.24,2.144%,6252876233.00,United States,2016,1642560,Consumer Discretionary,Hotels/Resorts
RRX,Regal Rexnord Corporation Common Stock,$134.17,-1.79,-1.317%,8907502426.00,United States,1976,821767,Consumer Discretionary,Metal Fabrications
RS,Reliance Inc. Common Stock,$271.94,-3.28,-1.192%,14218916718.00,United States,1994,243361,Industrials,Metal Fabrications
RSF,RiverNorth Capital and Income Fund Common Stock,$14.70,0.00,0.00%,49121182.00,,2019,11735,Finance,Investment Managers
RSG,Republic Services Inc. Common Stock,$204.12,-1.47,-0.715%,63188121828.00,United States,1998,1144809,Utilities,Environmental Services
RSI,Rush Street Interactive Inc. Class A Common Stock,$17.41,0.17,0.986%,3994076361.00,United States,2020,1177339,Consumer Discretionary,Services-Misc. Amusement & Recreation
RSKD,Riskified Ltd. Class A Ordinary Shares,$4.81,0.03,0.628%,777702358.00,,2021,525741,Real Estate,Real Estate
RSSS,Research Solutions Inc Common Stock,$3.12,0.00,0.00%,102423900.00,United States,,27228,Technology,EDP Services
RSVR,Reservoir Media Inc. Common Stock,$7.29,-0.08,-1.085%,478138146.00,United States,2021,43638,Consumer Discretionary,Services-Misc. Amusement & Recreation
RSVRW,Reservoir Media Inc. Warrant,$0.201,-0.039,-16.25%,13183233.00,United States,2021,632,Consumer Discretionary,Services-Misc. Amusement & Recreation
RTAC,Renatus Tactical Acquisition Corp I Class A Ordinary Shares,$11.13,0.23,2.11%,0.00,United States,2025,184913,Finance,Blank Checks
RTACU,Renatus Tactical Acquisition Corp I Unit,$11.75,0.2902,2.532%,0.00,United States,2025,20102,Finance,Blank Checks
RTACW,Renatus Tactical Acquisition Corp I Warrant,$1.42,0.06,4.412%,0.00,United States,2025,429778,Finance,Blank Checks
RTO,Rentokil Initial plc American Depositary Shares (each representing five (5) Ordinary Shares),$27.38,0.29,1.071%,6905236000.00,United States,2022,1010335,Consumer Discretionary,Other Consumer Services
RTX,RTX Corporation Common Stock,$179.03,2.06,1.164%,239639143288.00,United States,,2738968,Industrials,Aerospace
RUBI,Rubico Inc. Common Stock,$0.2421,-0.0715,-22.80%,758339.00,Greece,,31466587,Consumer Discretionary,Marine Transportation
RUM,Rumble Inc. Class A Common Stock,$6.56,0.67,11.375%,2851427499.00,United States,2021,12071080,Technology,Computer Software: Programming Data Processing
RUMBW,Rumble Inc. Warrant,$1.97,0.24,13.873%,856297587.00,United States,2021,49723,Technology,Computer Software: Programming Data Processing
RUN,Sunrun Inc. Common Stock,$18.35,1.22,7.122%,4257967507.00,United States,2015,12077068,Miscellaneous,Industrial Machinery/Components
RUSHA,Rush Enterprises Inc. Common Stock Cl A,$49.78,0.97,1.987%,3875849195.00,United States,,581168,Consumer Discretionary,Retail-Auto Dealers and Gas Stations
RUSHB,Rush Enterprises Inc. Class B,$51.31,0.67,1.323%,3994974331.00,United States,,29347,Consumer Discretionary,Retail-Auto Dealers and Gas Stations
RVLV,Revolve Group Inc. Class A Common Stock,$22.16,0.76,3.551%,1580766625.00,United States,2019,935715,Consumer Discretionary,Catalog/Specialty Distribution
RVMD,Revolution Medicines Inc. Common Stock,$62.73,1.72,2.819%,12126951368.00,United States,2020,3522999,Health Care,Biotechnology: Biological Products (No Diagnostic Substances)
RVMDW,Revolution Medicines Inc. Warrant,$0.44,0.03,7.317%,85060714.00,United States,,107902,Health Care,Biotechnology: Biological Products (No Diagnostic Substances)
RVP,Retractable Technologies Inc. Common Stock,$0.8363,0.0163,1.988%,25036446.00,United States,2001,38921,Health Care,Medical/Dental Instruments
RVPH,Reviva Pharmaceuticals Holdings Inc. Common Stock ,$0.5499,0.0457,9.064%,37395187.00,United States,2020,4380809,Health Care,Biotechnology: Pharmaceutical Preparations
RVPHW,Reviva Pharmaceuticals Holdings Inc. Warrants,$0.0305,0.0005,1.667%,2074110.00,United States,2018,19110,Health Care,Biotechnology: Pharmaceutical Preparations
RVSB,Riverview Bancorp Inc Common Stock,$5.45,-0.04,-0.729%,114168660.00,United States,,51697,Finance,Savings Institutions
RVSN,Rail Vision Ltd. Ordinary Share,$0.4071,0.0277,7.301%,21164391.00,Israel,2022,1092642,Industrials,Railroads
RVSNW,Rail Vision Ltd. Warrant,$0.1505,0.0315,26.471%,7824222.00,Israel,2022,10812,Industrials,Railroads
RVT,Royce Small-Cap Trust Inc. Common Stock,$15.85,0.07,0.444%,1711113933.00,United States,1986,452997,Finance,Trusts Except Educational Religious and Charitable
RVTY,Revvity Inc. Common Stock,$92.28,1.50,1.652%,10462302306.00,United States,,1369426,Industrials,Biotechnology: Laboratory Analytical Instruments
RVYL,Ryvyl Inc. Common Stock,$0.2986,-0.0011,-0.367%,9358724.00,United States,,1115348,Consumer Discretionary,Professional Services
RWAY,Runway Growth Finance Corp. Common Stock,$9.82,-0.07,-0.708%,354836243.00,United States,2021,236111,Finance,Finance: Consumer Services
RWAYL,Runway Growth Finance Corp. 7.50% Notes due 2027,$25.38,0.06,0.237%,919178120.00,United States,,8424,Finance,Finance: Consumer Services
RWAYZ,Runway Growth Finance Corp. 8.00% Notes due 2027,$25.545,0.005,0.02%,925153864.00,United States,,2092,Finance,Finance: Consumer Services
RWT,Redwood Trust Inc. Common Stock,$5.24,0.06,1.158%,677130951.00,United States,1995,1262779,Real Estate,Real Estate Investment Trusts
RWT^A,Redwood Trust Inc. 10.00% Series A Fixed-Rate Reset Cumulative Redeemable Preferred Stock,$24.28,0.12,0.497%,,United States,,7870,,
RWTN,Redwood Trust Inc. 9.125% Senior Notes Due 2029,$25.55,0.05,0.196%,3301659505.00,United States,2024,4455,Real Estate,Real Estate Investment Trusts
RWTO,Redwood Trust Inc. 9.00% Senior Notes Due 2029,$25.1618,0.0918,0.366%,3251494956.00,United States,2024,5897,Real Estate,Real Estate Investment Trusts
RWTP,Redwood Trust Inc. 9.125% Senior Notes Due 2030,$25.3801,0.0201,0.079%,0.00,United States,2025,6921,Real Estate,Real Estate Investment Trusts
RXO,RXO Inc. Common Stock,$11.52,-0.97,-7.766%,1890568765.00,United States,2022,3080438,Consumer Discretionary,Transportation Services
RXRX,Recursion Pharmaceuticals Inc. Class A Common Stock,$4.51,-0.11,-2.381%,2348100543.00,United States,2021,33178206,Health Care,Biotechnology: Biological Products (No Diagnostic Substances)
RXST,RxSight Inc. Common Stock,$10.11,0.74,7.898%,415689230.00,United States,2021,973019,Health Care,Ophthalmic Goods
RXT,Rackspace Technology Inc. Common Stock,$1.205,-0.035,-2.823%,288429616.00,United States,2020,763006,Technology,Computer Software: Programming Data Processing
RY,Royal Bank Of Canada Common Stock,$146.89,1.43,0.983%,206379004309.00,Canada,,2461541,Finance,Commercial Banks
RYAAY,Ryanair Holdings plc American Depositary Shares,$64.45,0.64,1.003%,34137477957.00,Ireland,1997,662492,Consumer Discretionary,Air Freight/Delivery Services
RYAM,Rayonier Advanced Materials Inc. Common Stock,$6.25,0.15,2.459%,418784956.00,United States,2014,713695,Basic Materials,Paper
RYAN,Ryan Specialty Holdings Inc. Class A Common Stock,$57.13,-0.93,-1.602%,15071503006.00,United States,2021,1233786,Finance,Specialty Insurers
RYDE,Ryde Group Ltd. Class A Ordinary Shares,$0.47,-0.0096,-2.002%,13766218.00,,2024,161656,Real Estate,Real Estate
RYET,Ruanyun Edai Technology Inc. Ordinary shares,$0.9657,0.0057,0.594%,32592379.00,China,2025,28358,Technology,Computer Software: Prepackaged Software
RYI,Ryerson Holding Corporation Common Stock,$20.45,-0.04,-0.195%,658681494.00,United States,2014,461288,Industrials,Metal Fabrications
RYM,RYTHM Inc. Common Stock,$31.00,-6.34,-16.979%,62079608.00,United States,2021,44388,Consumer Staples,Farming/Seeds/Milling
RYN,Rayonier Inc. REIT Common Stock,$22.56,-0.47,-2.041%,3477902413.00,United States,,1505517,Real Estate,Real Estate Investment Trusts
RYOJ,rYojbaba Co. Ltd. Common Shares,$4.66,0.06,1.304%,52425000.00,Japan,2025,11635,Consumer Discretionary,Professional Services
RYTM,Rhythm Pharmaceuticals Inc. Common Stock,$97.63,-2.67,-2.662%,6515441147.00,United States,2017,551211,Health Care,Biotechnology: Pharmaceutical Preparations
RZB,Reinsurance Group of America Incorporated 5.75% Fixed-To-Floating Rate Subordinated Debentures due 2056,$25.02,0.0648,0.26%,1644160102.00,United States,2016,8810,Finance,Life Insurance
RZC,Reinsurance Group of America Incorporated 7.125% Fixed-Rate Reset Subordinated Debentures due 2052,$25.74,0.10,0.39%,1691474061.00,United States,2022,18290,Finance,Life Insurance
RZLT,Rezolute Inc. Common Stock (NV),$9.955,-0.805,-7.481%,923102581.00,United States,,2237258,Health Care,Biotechnology: Pharmaceutical Preparations
RZLV,Rezolve AI PLC Ordinary Shares,$3.78,-0.05,-1.305%,921077794.00,United Kingdom,,14973386,Technology,Computer Software: Programming Data Processing
RZLVW,Rezolve AI PLC Warrants,$1.1613,-0.1187,-9.273%,282975567.00,United Kingdom,,64180,Technology,Computer Software: Programming Data Processing
S,SentinelOne Inc. Class A Common Stock,$17.19,0.27,1.596%,5734684544.00,United States,2021,3982184,Technology,Computer Software: Prepackaged Software
SA,Seabridge Gold Inc. Ordinary Shares (Canada),$24.24,1.45,6.362%,2475608511.00,Canada,,742773,Basic Materials,Precious Metals
SABA,Saba Capital Income & Opportunities Fund II Shares of Beneficial Interest,$8.84,0.14,1.609%,0.00,United States,,93596,,
SABR,Sabre Corporation Common Stock,$1.88,0.00,0.00%,742383582.00,United States,2014,4650466,Technology,Computer Software: Programming Data Processing
SABS,SAB Biotherapeutics Inc. Common Stock,$3.20,0.00,0.00%,33315395.00,United States,2021,122555,Health Care,Biotechnology: Biological Products (No Diagnostic Substances)
SABSW,SAB Biotherapeutics Inc. Warrant,$0.0359,-0.0031,-7.949%,373757.00,United States,2021,1300,Health Care,Biotechnology: Biological Products (No Diagnostic Substances)
SACH,Sachem Capital Corp. Common Shares,$1.07,0.01,0.943%,51029499.00,United States,2017,139169,Real Estate,Real Estate Investment Trusts
SACH^A,Sachem Capital Corp. 7.75% Series A Cumulative Redeemable Preferred Stock,$18.1872,0.6872,3.927%,,United States,,2135,,
SAFE,Safehold Inc. New Common Stock ,$13.32,0.04,0.301%,955794396.00,United States,2023,537937,Real Estate,Real Estate Investment Trusts
SAFT,Safety Insurance Group Inc. Common Stock,$77.12,2.49,3.336%,1148638622.00,United States,2002,100719,Finance,Property-Casualty Insurers
SAFX,XCF Global Inc. Class A Common Stock,$0.6986,0.0635,9.998%,111239092.00,United States,,226135,Industrials,Major Chemicals
SAGT,SAGTEC GLOBAL LIMITED Class A Ordinary shares,$2.14,-0.08,-3.604%,26857000.00,Malaysia,2025,49321,Technology,Computer Software: Prepackaged Software
SAH,Sonic Automotive Inc. Common Stock,$62.08,0.33,0.534%,2121440223.00,United States,1997,219915,Consumer Discretionary,Retail-Auto Dealers and Gas Stations
SAIA,Saia Inc. Common Stock,$277.61,-4.70,-1.665%,7396263568.00,United States,,567029,Industrials,Trucking Freight/Courier Services
SAIC,Science Applications International Corporation Common Stock,$91.72,-0.09,-0.098%,4221137932.00,United States,,710885,Technology,EDP Services
SAIH,SAIHEAT Limited Class A Ordinary Shares,$7.34,0.05,0.686%,12866653.00,Singapore,2021,1114,Technology,EDP Services
SAIL,SailPoint Inc. Common Stock,$20.32,0.53,2.678%,11310829133.00,United States,2025,1127690,Technology,Computer Software: Prepackaged Software
SAJ,Saratoga Investment Corp 8.00% Notes due 2027,$25.57,-0.04,-0.156%,400634110.00,United States,2022,586,Finance,Investment Managers
SAM,Boston Beer Company Inc. (The) Common Stock,$201.33,1.30,0.65%,2145849229.00,United States,,204649,Consumer Staples,Beverages (Production/Distribution)
SAMG,Silvercrest Asset Management Group Inc. Class A Common Stock,$13.78,0.12,0.878%,168645758.00,United States,2013,29912,Finance,Investment Managers
SAN,Banco Santander S.A. Sponsored ADR (Spain),$10.65,0.30,2.899%,157784409247.00,Spain,,3099635,Finance,Commercial Banks
SANA,Sana Biotechnology Inc. Common Stock,$4.12,0.03,0.733%,1097428414.00,United States,2021,3441890,Health Care,Biotechnology: Biological Products (No Diagnostic Substances)
SANG,Sangoma Technologies Corporation Common Shares,$4.96,0.01,0.202%,165315585.00,Canada,,495,Technology,Computer Software: Programming Data Processing
SANM,Sanmina Corporation Common Stock,$174.43,4.12,2.419%,9294406614.00,United States,1993,493956,Technology,Electrical Products
SAP,SAP  SE ADS,$251.76,-0.20,-0.079%,309288225448.00,Germany,,1027996,Technology,Computer Software: Prepackaged Software
SAR,Saratoga Investment Corp New,$21.68,0.00,0.00%,349133593.00,United States,,75540,Finance,Investment Managers
SARO,StandardAero Inc. Common Stock,$27.54,0.70,2.608%,9211311071.00,United States,2024,2366503,Industrials,Aerospace
SAT,Saratoga Investment Corp 6.00% Notes due 2027,$25.00,-0.0048,-0.019%,391703275.00,United States,2022,2715,Finance,Investment Managers
SATA,Strive Inc. Variable Rate Series A Perpetual Preferred Stock,$92.15,5.40,6.225%,0.00,United States,,492594,,
SATL,Satellogic Inc. Class A Common Stock,$1.60,-0.05,-3.03%,168909317.00,Uruguay,,2122036,Technology,Radio And Television Broadcasting And Communications Equipment
SATLW,Satellogic Inc. Warrant,$0.1256,-0.0144,-10.286%,13259381.00,Uruguay,,8711,Technology,Radio And Television Broadcasting And Communications Equipment
SATS,EchoStar  Corporation Common Stock,$73.75,0.27,0.367%,21230878231.00,United States,,2531139,Consumer Discretionary,Telecommunications Equipment
SAVA,Cassava Sciences Inc. Common Stock,$3.03,0.07,2.365%,146372925.00,United States,,758926,Health Care,Biotechnology: Pharmaceutical Preparations
SAY,Saratoga Investment Corp 8.125% Notes due 2027,$25.55,0.04,0.157%,400320747.00,United States,2022,8213,Finance,Investment Managers
SAZ,Saratoga Investment Corp 8.50% Notes due 2028,$25.60,-0.01,-0.039%,401104154.00,United States,2023,2943,Finance,Investment Managers
SB,Safe Bulkers Inc Common Stock ($0.001 par value),$4.98,0.20,4.184%,524243166.00,Monaco,2008,532449,Consumer Discretionary,Marine Transportation
SB^C,Safe Bulkers Inc Cumulative Redeemable Perpetual Preferred Series C (Marshall Islands),$25.70,-0.24,-0.925%,,Monaco,,568,,
SB^D,Safe Bulkers Inc Perpetual Preferred Series D (Marshall Islands),$25.9105,0.0405,0.157%,,Monaco,,351,,
SBAC,SBA Communications Corporation Class A Common Stock,$199.42,2.02,1.023%,21247576217.00,United States,1999,717613,Real Estate,Real Estate Investment Trusts
SBC,SBC Medical Group Holdings Incorporated Common Stock,$3.42,0.27,8.571%,355273878.00,United States,2022,38828,Health Care,Medical/Nursing Services
SBCF,Seacoast Banking Corporation of Florida Common Stock,$30.94,0.03,0.097%,3026802930.00,United States,,459017,Finance,Major Banks
SBCWW,SBC Medical Group Holdings Incorporated Warrants,$0.1501,0.0051,3.517%,15592576.00,United States,2022,51529,Health Care,Medical/Nursing Services
SBDS,Solo Brands Inc. Class A Common Stock,$10.14,1.04,11.429%,25098051.00,,,3902,Consumer Discretionary,Recreational Games/Products/Toys
SBET,SharpLink Gaming Inc. Common Stock,$11.95,-0.01,-0.084%,2017957352.00,Israel,,11306092,Technology,Computer Software: Prepackaged Software
SBEV,Splash Beverage Group Inc. (NV) Common Stock,$1.13,0.04,3.67%,2422132.00,,2021,36721,Consumer Staples,Beverages (Production/Distribution)
SBFG,SB Financial Group Inc. Common Stock,$21.12,-0.53,-2.448%,133024890.00,United States,,21108,Finance,Major Banks
SBFM,Sunshine Biopharma Inc. Common Stock,$1.72,0.00,0.00%,7836225.00,Canada,,180770,Health Care,Biotechnology: Pharmaceutical Preparations
SBFMW,Sunshine Biopharma Inc. Warrant,$0.2453,0.0456,22.834%,1117573.00,Canada,,6826,Health Care,Biotechnology: Pharmaceutical Preparations
SBGI,Sinclair Inc. Class A Common Stock,$16.45,0.04,0.244%,1145691077.00,United States,1995,566095,Industrials,Broadcasting
SBH,Sally Beauty Holdings Inc. (Name to be changed from Sally Holdings Inc.) Common Stock,$14.11,0.10,0.714%,1396111015.00,United States,,1681727,Consumer Discretionary,Other Specialty Stores
SBI,Western Asset Intermediate Muni Fund Inc Common Stock,$7.82,-0.01,-0.128%,0.00,United States,1992,66164,Finance,Finance/Investors Services
SBLK,Star Bulk Carriers Corp. Common Shares,$18.66,0.47,2.584%,2185599728.00,Greece,,655508,Consumer Discretionary,Marine Transportation
SBLX,StableX Technologies Inc. Common Stock,$3.45,-0.01,-0.289%,2330127.00,United States,,119104,Consumer Discretionary,Telecommunications Equipment
SBR,Sabine Royalty Trust Common Stock,$77.00,0.20,0.26%,1122609565.00,United States,,29603,Energy,Oil & Gas Production
SBRA,Sabra Health Care REIT Inc. Common Stock,$19.08,0.20,1.059%,4757591761.00,United States,,3714835,Real Estate,Real Estate Investment Trusts
SBS,Companhia de saneamento Basico Do Estado De Sao Paulo - Sabesp American Depositary Shares (Each repstg 250 Common Shares),$25.69,0.00,0.00%,17559368509.00,Brazil,2002,1046051,Utilities,Water Supply
SBSI,Southside Bancshares Inc. Common Stock,$28.87,0.08,0.278%,868009058.00,United States,,126568,Finance,Major Banks
SBSW,D/B/A Sibanye-Stillwater Limited ADS,$11.37,0.69,6.461%,8045887448.00,South Africa,,6554388,Basic Materials,Precious Metals
SBUX,Starbucks Corporation Common Stock,$84.60,-0.97,-1.134%,96164820000.00,United States,1992,10504554,Consumer Discretionary,Restaurants
SBXD,SilverBox Corp IV Class A Ordinary Shares,$10.56,0.01,0.095%,0.00,,2024,28553,,
SCAG,Scage Future American Depositary Shares,$1.99,0.17,9.341%,143765544.00,China,,13266,Consumer Discretionary,Construction/Ag Equipment/Trucks
SCAGW,Scage Future Warrants,$0.0459,-0.0071,-13.396%,3315999.00,China,,200,Consumer Discretionary,Construction/Ag Equipment/Trucks
SCCD,Sachem Capital Corp. 6.00% Notes due 2026,$23.95,0.018,0.075%,1133847798.00,United States,,6487,Real Estate,Real Estate Investment Trusts
SCCE,Sachem Capital Corp. 6.00% Notes due 2027,$22.93,0.06,0.262%,1085558664.00,United States,2022,5253,Real Estate,Real Estate Investment Trusts
SCCF,Sachem Capital Corp. 7.125% Notes due 2027,$22.92,-0.02,-0.087%,1085085241.00,United States,2022,2844,Real Estate,Real Estate Investment Trusts
SCCG,Sachem Capital Corp. 8.00% Notes due 2027,$23.2142,0.0642,0.277%,1099013342.00,United States,2022,775,Real Estate,Real Estate Investment Trusts
SCCO,Southern Copper Corporation Common Stock,$139.49,2.88,2.108%,113292638367.00,United States,,1024712,Basic Materials,Metal Mining
SCD,LMP Capital and Income Fund Inc. Common Stock,$14.76,0.18,1.235%,0.00,United States,2004,63903,Finance,Trusts Except Educational Religious and Charitable
SCE^G,SCE Trust II Trust Preferred Securities,$16.73,0.16,0.966%,,United States,,18104,,
SCE^J,Southern California Edison Company 5.375% Fixed-to-Floating Rate Trust Preference Securities,$23.95,0.00,0.00%,,United States,,10441,,
SCE^K,Southern California Edison Company 5.45% Fixed-to-Floating Rate Trust Preference Securities,$24.23,0.02,0.083%,,United States,,5218,,
SCE^L,SCE TRUST VI,$16.5493,0.2293,1.405%,,United States,,17850,,
SCE^M,SCE Trust VII 7.50% Trust Preference Securities,$23.45,-0.14,-0.593%,,United States,,107633,,
SCE^N,SCE Trust VIII 6.95% Trust Preference Securities,$22.09,-0.11,-0.495%,,United States,,21202,,
SCHL,Scholastic Corporation Common Stock,$28.00,0.29,1.047%,703885224.00,United States,1992,125053,Consumer Discretionary,Books
SCHW,Charles Schwab Corporation (The) Common Stock,$95.58,0.34,0.357%,173498660694.00,United States,,8493838,Finance,Investment Bankers/Brokers/Service
SCHW^D,The Charles Schwab Corporation Depositary Shares each representing 1/40th interest in a share of 5.95% Non-Cumulative Perpetual Preferred Stock Series D,$25.19,0.12,0.479%,,United States,,25345,,
SCHW^J,The Charles Schwab Corporation Depositary Shares Each Representing a 1/40th Interest in a Share of 4.450% Non-Cumulative Perpetual Preferred Stock Series J,$19.96,0.15,0.757%,,United States,,16006,,
SCI,Service Corporation International Common Stock,$80.13,-0.46,-0.571%,11232731976.00,United States,,867755,Consumer Discretionary,Other Consumer Services
SCKT,Socket Mobile Inc. Common Stock,$1.08,-0.02,-1.818%,8598379.00,United States,,32445,Technology,Computer Manufacturing
SCL,Stepan Company Common Stock,$43.97,0.65,1.50%,994558090.00,United States,,135999,Consumer Discretionary,Package Goods/Cosmetics
SCLX,Scilex Holding Company Common Stock,$18.35,-0.46,-2.446%,127637040.00,United States,2021,81246,Health Care,Biotechnology: Biological Products (No Diagnostic Substances)
SCLXW,Scilex Holding Company Warrant,$0.2119,-0.027,-11.302%,1473912.00,United States,2021,11709,Health Care,Biotechnology: Biological Products (No Diagnostic Substances)
SCM,Stellus Capital Investment Corporation Common Stock,$11.73,-0.08,-0.677%,333321416.00,United States,2012,315351,Finance,Finance/Investors Services
SCNI,Scinai Immunotherapeutics Ltd. American Depositary Shares,$1.05,0.03,2.941%,1049915.00,Israel,2015,35320,Health Care,Biotechnology: Biological Products (No Diagnostic Substances)
SCNX,Scienture Holdings Inc. Common Stock,$0.6887,-0.0458,-6.236%,11109544.00,United States,,3318926,Health Care,Other Pharmaceuticals
SCOR,comScore Inc. Common Stock,$7.23,-0.63,-8.015%,36256859.00,United States,2018,9875,Real Estate,Real Estate
SCS,Steelcase Inc. Common Stock,$15.74,-0.02,-0.127%,1806032312.00,United States,1998,1441806,Consumer Discretionary,Office Equipment/Supplies/Services
SCSC,ScanSource Inc. Common Stock,$41.29,0.69,1.70%,906005949.00,United States,,175184,Technology,Retail: Computer Software & Peripheral Equipment
SCVL,Shoe Carnival Inc. Common Stock,$17.10,-0.30,-1.724%,468075256.00,United States,1993,463391,Consumer Discretionary,Clothing/Shoe/Accessory Stores
SCWO,374Water Inc. Common Stock,$0.3805,-0.0196,-4.899%,57466263.00,United States,,2845958,Consumer Discretionary,Metal Fabrications
SCYX,SCYNEXIS Inc. Common Stock,$0.60,0.005,0.84%,25179035.00,United States,2014,1002307,Health Care,Biotechnology: Pharmaceutical Preparations
SD,SandRidge Energy Inc. Common Stock,$12.83,0.22,1.745%,471807161.00,United States,2016,269394,Energy,Oil & Gas Production
SDA,SunCar Technology Group Inc. Class A Ordinary Shares,$1.92,-0.04,-2.041%,189129711.00,Hong Kong,2021,133070,Consumer Discretionary,Automotive Aftermarket
SDAWW,SunCar Technology Group Inc. Warrant,$0.0795,-0.0073,-8.41%,7831152.00,Hong Kong,2021,1319,Consumer Discretionary,Automotive Aftermarket
SDGR,Schrodinger Inc. Common Stock,$18.29,0.51,2.868%,1347327418.00,United States,2020,1182489,Health Care,Biotechnology: Pharmaceutical Preparations
SDHC,Smith Douglas Homes Corp. Class A Common Stock,$17.38,0.05,0.289%,894262438.00,United States,2024,118030,Consumer Discretionary,Homebuilding
SDHI,Siddhi Acquisition Corp Class A Common stock,$10.28,0.01,0.097%,0.00,United States,2025,2848,Finance,Blank Checks
SDHIR,Siddhi Acquisition Corp Right,$0.2399,-0.0401,-14.321%,0.00,United States,2025,30930,,
SDHIU,Siddhi Acquisition Corp Unit,$10.51,0.00,0.00%,0.00,United States,2025,1116,Finance,Blank Checks
SDHY,PGIM Short Duration High Yield Opportunities Fund Common Shares,$16.48,0.08,0.488%,406611963.00,,2020,95902,Finance,Finance/Investors Services
SDOT,Sadot Group Inc. Common Stock,$5.02,0.19,3.934%,4951899.00,United States,2020,34510,Consumer Discretionary,Restaurants
SDRL,Seadrill Limited Common Shares,$28.40,-0.09,-0.316%,1771426456.00,Bermuda,2022,634210,Energy,Oil & Gas Production
SDST,Stardust Power Inc. Common Stock,$4.64,0.49,11.807%,39249644.00,United States,2021,138892,Industrials,Major Chemicals
SDSTW,Stardust Power Inc. Warrant,$0.1858,-0.0061,-3.179%,1571678.00,United States,2021,130193,Industrials,Major Chemicals
SE,Sea Limited American Depositary Shares each representing one Class A Ordinary Share,$155.05,5.11,3.408%,91792690767.00,United States,2017,8932564,Consumer Discretionary,Other Consumer Services
SEAL^A,Seapeak LLC 9.00% Series A Cumulative Redeemable Perpetual Preferred Units,$25.52,-0.18,-0.70%,,Bermuda,,13969,,
SEAL^B,Seapeak LLC 8.50% Series B Fixed-to-Floating Rate Cumulative Redeemable Perpetual Preferred Units,$25.53,0.00,0.00%,,Bermuda,,5162,,
SEAT,Vivid Seats Inc. Class A Common Stock,$10.87,0.32,3.033%,116584185.00,United States,,80296,Consumer Discretionary,Services-Misc. Amusement & Recreation
SEATW,Vivid Seats Inc. Warrant,$0.0598,0.0121,25.367%,641374.00,United States,,21713,Consumer Discretionary,Services-Misc. Amusement & Recreation
SEB,Seaboard Corporation Common Stock,$3809.01,103.72,2.799%,3648844939.00,United States,1996,8914,Industrials,Farming/Seeds/Milling
SEDG,SolarEdge Technologies Inc. Common Stock,$45.38,5.38,13.45%,2713726314.00,Israel,2015,9111817,Technology,Semiconductors
SEE,Sealed Air Corporation Common Stock,$36.86,0.21,0.573%,5422961815.00,United States,,1334225,Industrials,Major Chemicals
SEED,Origin Agritech Limited Common Stock,$1.41,-0.04,-2.759%,10151997.00,China,,127740,Consumer Staples,Farming/Seeds/Milling
SEER,Seer Inc. Class A Common Stock,$2.09,0.00,0.00%,116596594.00,United States,2020,83163,Industrials,Biotechnology: Laboratory Analytical Instruments
SEG,Seaport Entertainment Group Inc. Common Stock,$24.03,0.75,3.222%,305951810.00,United States,2024,60862,Consumer Discretionary,Services-Misc. Amusement & Recreation
SEGG,Lottery.com Inc. Common Stock,$2.73,-0.01,-0.365%,10756951.00,United States,2023,76928,Technology,Computer Software: Prepackaged Software
SEI,Solaris Energy Infrastructure Inc. Class A Common Stock,$50.36,-0.35,-0.69%,3447522520.00,United States,2017,6657961,Consumer Discretionary,Oil and Gas Field Machinery
SEIC,SEI Investments Company Common Stock,$82.99,0.07,0.084%,10161246636.00,United States,1981,485580,Finance,Investment Bankers/Brokers/Service
SELF,Global Self Storage Inc. Common Stock,$4.98,0.00,0.00%,56464440.00,United States,,13988,Real Estate,Real Estate Investment Trusts
SELX,Semilux International Ltd. Ordinary Shares,$1.05,0.484,85.512%,39299772.00,Taiwan,,63631265,Technology,Semiconductors
SEM,Select Medical Holdings Corporation Common Stock,$13.36,0.03,0.225%,1654203016.00,United States,2009,1277045,Health Care,Hospital/Nursing Management
SEMR,SEMrush Holdings Inc. Class A Common Stock,$7.35,0.11,1.519%,1092986307.00,United States,2021,1584229,Technology,Computer Software: Prepackaged Software
SENEA,Seneca Foods Corp. Class A Common Stock,$114.32,6.67,6.196%,782491706.00,United States,,125165,Consumer Staples,Packaged Foods
SENEB,Seneca Foods Corp. Class B Common Stock,$110.565,0.00,0.00%,756789673.00,United States,,115,Consumer Staples,Packaged Foods
SENS,Senseonics Holdings Inc. Common Stock,$6.33,0.32,5.324%,258634052.00,United States,,740516,Industrials,Industrial Machinery/Components
SEPN,Septerna Inc. Common Stock,$18.10,-0.41,-2.215%,806990944.00,United States,2024,316202,Health Care,Biotechnology: Pharmaceutical Preparations
SER,Serina Therapeutics Inc. Common Stock,$3.99,0.08,2.046%,40899846.00,,2018,24988,Health Care,Biotechnology: Pharmaceutical Preparations
SERA,Sera Prognostics Inc. Class A Common Stock,$2.55,0.03,1.19%,97057763.00,United States,2021,54054,Health Care,Medical Specialities
SERV,Serve Robotics Inc. Common Stock,$10.65,-0.04,-0.374%,637740435.00,United States,,6127749,Consumer Discretionary,Industrial Specialties
SES,SES AI Corporation Class A Common Stock,$2.42,-0.13,-5.098%,885044387.00,United States,2021,10681751,Miscellaneous,Industrial Machinery/Components
SEV,Aptera Motors Corp. Class B Common Stock,$8.46,0.76,9.87%,200066961.00,United States,,108895,Industrials,Auto Manufacturing
SEVN,Seven Hills Realty Trust Common Stock,$8.84,-0.17,-1.887%,133180982.00,United States,,236668,Real Estate,Real Estate Investment Trusts
SEVNR,Seven Hills Realty Trust  Right,$0.4134,0.4134,,0.00,United States,,3434,,
SEZL,Sezzle Inc. Common Stock,$58.01,-1.23,-2.076%,1981221447.00,United States,,811570,Real Estate,Real Estate
SF,Stifel Financial Corporation Common Stock,$121.86,0.12,0.099%,12408800538.00,United States,,661630,Finance,Investment Bankers/Brokers/Service
SF^B,Stifel Financial Corporation Depositary Shares Each Representing 1/1000th  Interest in a Share of 6.25% Non-Cumulative  Preferred Stock Series B,$24.47,-0.08,-0.326%,,United States,,30236,,
SF^C,Stifel Financial Corporation Depositary Shares Each Representing 1/1000th Interest in a Share of 6.125% Non Cumulative Preferred Stock Series C,$24.71,-0.06,-0.242%,,United States,,11329,,
SF^D,Stifel Financial Corporation Depositary Shares Each Representing 1/1000th Interest in a Share of 4.50% Non-Cumulative Preferred Stock Series D,$18.02,0.17,0.952%,,United States,,16422,,
SFB,Stifel Financial Corporation 5.20% Senior Notes due 2047,$21.50,0.09,0.42%,2196728229.00,United States,2017,9568,Finance,Investment Bankers/Brokers/Service
SFBC,Sound Financial Bancorp Inc. Common Stock,$44.96,0.00,0.00%,115370462.00,United States,,2018,Finance,Savings Institutions
SFBS,ServisFirst Bancshares Inc. Common Stock,$72.14,0.38,0.53%,3940419105.00,United States,,210636,Finance,Major Banks
SFD,Smithfield Foods Inc. Common Stock,$21.97,0.13,0.595%,8636686261.00,United States,2025,879281,Consumer Staples,Meat/Poultry/Fish
SFHG,Samfine Creation Holdings Group Limited Class A Ordinary Share,$0.39,-0.088,-18.41%,7020000.00,Hong Kong,2024,97824,Consumer Discretionary,Publishing
SFIX,Stitch Fix Inc. Class A Common Stock,$4.34,0.13,3.088%,582041653.00,United States,2017,2206237,Consumer Discretionary,Catalog/Specialty Distribution
SFL,SFL Corporation Ltd,$7.63,0.03,0.395%,1111756038.00,Bermuda,,1316892,Consumer Discretionary,Marine Transportation
SFM,Sprouts Farmers Market Inc. Common Stock,$78.99,0.19,0.241%,7691211987.00,United States,2013,2912174,Consumer Staples,Food Chains
SFNC,Simmons First National Corporation Class A Common Stock,$18.10,0.19,1.061%,2619388578.00,United States,,1003744,Finance,Major Banks
SFST,Southern First Bancshares Inc. Common Stock,$47.70,1.08,2.317%,390623743.00,United States,,26450,Finance,Major Banks
SFWL,Shengfeng Development Limited Class A Ordinary Shares,$1.00,0.088,9.649%,82497513.00,China,2023,52875,Industrials,Trucking Freight/Courier Services
SG,Sweetgreen Inc. Class A Common Stock,$5.43,-0.35,-6.055%,641890709.00,United States,2021,8403625,Consumer Discretionary,Restaurants
SGA,Saga Communications Inc. Class A Common Stock (FL),$11.95,-0.43,-3.473%,76957056.00,United States,,17967,Consumer Discretionary,Broadcasting
SGBX,Safe & Green Holdings Corp. Common Stock,$1.94,-0.09,-4.433%,937247.00,United States,2017,280141,Consumer Discretionary,RETAIL: Building Materials
SGC,Superior Group of Companies Inc. Common Stock,$9.03,-0.32,-3.422%,144198192.00,United States,,83207,Consumer Discretionary,Apparel
SGD,Safe and Green Development Corporation Common Stock,$1.00,0.0513,5.407%,3758665.00,United States,,126035,Finance,Real Estate
SGHC,Super Group (SGHC) Limited Ordinary Shares,$12.12,0.60,5.208%,6128327627.00,,2022,2780772,Consumer Discretionary,Services-Misc. Amusement & Recreation
SGHT,Sight Sciences Inc. Common Stock,$6.52,0.70,12.027%,344723686.00,United States,2021,507231,Health Care,Medical/Dental Instruments
SGI,Somnigroup International Inc. Common Stock,$93.50,2.25,2.466%,19624537350.00,United States,,3040596,Consumer Discretionary,Home Furnishings
SGLY,Singularity Future Technology Ltd. Common Stock,$0.6259,0.0229,3.798%,2630966.00,United States,2008,26336,Industrials,Integrated Freight & Logistics
SGML,Sigma Lithium Corporation Common Shares,$6.02,0.70,13.158%,670098114.00,Canada,,5154005,Basic Materials,Metal Mining
SGMO,Sangamo Therapeutics Inc. Common Stock,$0.5142,0.0424,8.987%,173025466.00,United States,2000,3992398,Health Care,Biotechnology: Biological Products (No Diagnostic Substances)
SGMT,Sagimet Biosciences Inc. Series A Common Stock,$8.33,0.81,10.771%,270904920.00,United States,2023,532379,Health Care,Biotechnology: Pharmaceutical Preparations
SGN,Signing Day Sports Inc. Common Stock,$1.44,0.12,9.091%,5684805.00,,2023,66281,Technology,EDP Services
SGRP,SPAR Group Inc. Common Stock,$1.05,-0.01,-0.943%,24868990.00,United States,,32360,Real Estate,Real Estate
SGRY,Surgery Partners Inc. Common Stock,$16.035,-5.465,-25.419%,2055837889.00,United States,2015,10583594,Health Care,Hospital/Nursing Management
SGU,Star Group L.P. Common Stock,$11.79,0.11,0.942%,396219739.00,United States,,24698,Consumer Discretionary,Other Specialty Stores
SHAK,Shake Shack Inc. Class A Common Stock,$93.93,2.82,3.095%,4009719346.00,United States,2015,1199976,Consumer Discretionary,Restaurants
SHBI,Shore Bancshares Inc Common Stock,$16.22,0.19,1.185%,542181982.00,United States,,146216,Finance,Major Banks
SHC,Sotera Health Company Common Stock,$15.74,0.06,0.383%,4471638442.00,United States,2020,2426755,Health Care,Misc Health and Biotechnology Services
SHCO,Soho House & Co Inc. Class A Common Stock,$8.86,-0.04,-0.449%,1728631354.00,,2021,1054692,Consumer Discretionary,Hotels/Resorts
SHEL,Shell PLC American Depositary Shares (each representing two (2) Ordinary Shares) ,$76.56,0.97,1.283%,222461634109.00,Netherlands,2022,4293048,Energy,Oil & Gas Production
SHEN,Shenandoah Telecommunications Co Common Stock,$11.02,0.12,1.101%,604977492.00,United States,,264920,Telecommunications,Telecommunications Equipment
SHFS,SHF Holdings Inc. Class A Common Stock,$2.19,-0.20,-8.368%,6385944.00,United States,2021,4405190,Finance,Finance: Consumer Services
SHFSW,SHF Holdings Inc. Warrants,$0.0345,-0.0054,-13.534%,100600.00,United States,2021,10704,Finance,Finance: Consumer Services
SHG,Shinhan Financial Group Co Ltd American Depositary Shares,$54.68,1.43,2.685%,27528390371.00,South Korea,,156314,Finance,Major Banks
SHIM,Shimmick Corporation Common Stock,$2.086,0.036,1.756%,73580711.00,United States,2023,21595,Industrials,Military/Government/Technical
SHIP,Seanergy Maritime Holdings Corp. Common Stock,$8.77,0.16,1.858%,183313741.00,Greece,,103843,Consumer Discretionary,Marine Transportation
SHLS,Shoals Technologies Group Inc. Class A Common Stock,$9.39,0.31,3.414%,1571777245.00,United States,2021,5186103,Technology,Semiconductors
SHMD,SCHMID Group N.V. Class A Ordinary Shares,$5.94,0.98,19.758%,255270680.00,Germany,,265596,Technology,Industrial Machinery/Components
SHMDW,SCHMID Group N.V. Warrants,$0.72,0.1375,23.605%,30941901.00,Germany,,199913,Technology,Industrial Machinery/Components
SHO,Sunstone Hotel Investors Inc. Sunstone Hotel Investors Inc. Common Shares,$9.86,0.41,4.339%,1873097791.00,United States,2004,2061557,Consumer Discretionary,Hotels/Resorts
SHO^H,Sunstone Hotel Investors Inc. 6.125% Series H Cumulative Redeemable Preferred Stock,$20.72,0.00,0.00%,,United States,,191,,
SHO^I,Sunstone Hotel Investors Inc. 5.70% Series I Cumulative Redeemable Preferred Stock,$19.80,0.12,0.61%,,United States,,654,,
SHOO,Steven Madden Ltd. Common Stock,$37.71,-0.50,-1.309%,2739721702.00,United States,1993,1257398,Consumer Discretionary,Shoe Manufacturing
SHOP,Shopify Inc. Class A Subordinate Voting Shares,$158.88,6.47,4.245%,206747533542.00,Canada,,10481159,Technology,Computer Software: Prepackaged Software
SHPH,Shuttle Pharmaceuticals Holdings Inc. Common Stock,$2.40,-0.10,-4.00%,2569855.00,United States,2022,45071,Health Care,Biotechnology: Pharmaceutical Preparations
SHW,Sherwin-Williams Company (The) Common Stock,$342.55,2.39,0.703%,84915922878.00,United States,,1617112,Consumer Discretionary,RETAIL: Building Materials
SI,Shoulder Innovations Inc. Common Stock,$11.01,-0.04,-0.362%,224163160.00,,2025,67117,Health Care,Medical/Dental Instruments
SIBN,SI-BONE Inc. Common Stock,$15.68,-0.09,-0.571%,676449876.00,United States,2018,699415,Health Care,Medical/Dental Instruments
SID,Companhia Siderurgica Nacional S.A. Common Stock,$1.55,-0.02,-1.274%,2055445618.00,Brazil,,2960826,Industrials,Steel/Iron Ore
SIDU,Sidus Space Inc. Class A Common Stock,$0.9158,-0.0576,-5.917%,23213225.00,United States,2021,1773542,Telecommunications,Telecommunications Equipment
SIEB,Siebert Financial Corp. Common Stock,$2.72,0.08,3.03%,109961266.00,United States,,12974,Finance,Investment Bankers/Brokers/Service
SIF,SIFCO Industries Inc. Common Stock,$6.69,0.30,4.695%,41346796.00,United States,1969,17004,Industrials,Aerospace
SIFY,Sify Technologies Limited American Depositary Shares,$11.67,0.88,8.156%,844329168.00,India,,66472,Technology,Computer Software: Programming Data Processing
SIG,Signet Jewelers Limited Common Shares,$101.42,1.11,1.107%,4153033381.00,Bermuda,,540640,Consumer Discretionary,Consumer Specialties
SIGA,SIGA Technologies Inc. Common Stock,$6.51,-0.03,-0.459%,466189576.00,United States,,803416,Health Care,Biotechnology: Pharmaceutical Preparations
SIGI,Selective Insurance Group Inc. Common Stock,$78.57,0.33,0.422%,4746344244.00,United States,,288244,Finance,Property-Casualty Insurers
SIGIP,Selective Insurance Group Inc. Depositary Shares each representing a 1/1000th interest in a share of 4.60% Non-Cumulative Preferred Stock Series B,$17.40,-0.09,-0.515%,1051118618.00,United States,,4346,Finance,Property-Casualty Insurers
SII,Sprott Inc. Common Shares,$92.82,2.70,2.996%,2394756000.00,,2020,196807,Finance,Finance: Consumer Services
SILA,Sila Realty Trust Inc. Common Stock,$23.80,0.63,2.719%,1311852573.00,United States,2024,457601,Real Estate,Real Estate Investment Trusts
SILC,Silicom Ltd Ordinary Shares,$15.13,-0.03,-0.198%,86189028.00,Israel,,23658,Telecommunications,Computer Communications Equipment
SILO,Silo Pharma Inc. Common Stock,$0.4663,0.0038,0.822%,4383746.00,United States,,118282,Consumer Discretionary,Apparel
SIM,Grupo Simec S.A.B. de C.V. American Depositary Shares,$29.26,-0.315,-1.065%,4496334165.00,Mexico,1998,1108,Industrials,Steel/Iron Ore
SIMA,SIM Acquisition Corp. I Class A Ordinary Shares,$10.57,0.00,0.00%,0.00,United States,2024,4901,Miscellaneous,Industrial Machinery/Components
SIMAW,SIM Acquisition Corp. I Warrant,$0.36,0.01,2.857%,0.00,United States,2024,1000,Finance,Blank Checks
SIMO,Silicon Motion Technology Corporation American Depositary Shares,$94.45,0.74,0.79%,3209757632.00,Taiwan,2005,502795,Technology,Semiconductors
SINT,SiNtx Technologies Inc. Common Stock,$3.56,0.29,8.869%,13115001.00,United States,2014,92986,Health Care,Medical/Dental Instruments
SION,Sionna Therapeutics Inc. Common Stock,$35.77,1.06,3.054%,1596371747.00,United States,2025,160887,Health Care,Biotechnology: Pharmaceutical Preparations
SIRI,SiriusXM Holdings Inc. Common Stock,$21.71,0.00,0.00%,7306753118.00,United States,,3558007,Consumer Discretionary,Broadcasting
SITC,SITE Centers Corp. Common Stock,$7.24,-0.04,-0.549%,379827342.00,United States,,1006693,Real Estate,Real Estate Investment Trusts
SITE,SiteOne Landscape Supply Inc. Common Stock,$123.78,0.91,0.741%,5512729455.00,United States,2016,474365,Consumer Discretionary,Professional and commerical equipment
SITM,SiTime Corporation Common Stock,$321.49,-5.45,-1.667%,8391091539.00,United States,2019,471038,Technology,Semiconductors
SJ,Scienjoy Holding Corporation Class A Ordinary Shares ,$0.4694,-0.0009,-0.191%,19716395.00,China,2019,26492,Technology,EDP Services
SJM,The J.M. Smucker Company Common Stock,$107.21,0.15,0.14%,11437716004.00,United States,,1359505,Consumer Staples,Packaged Foods
SJT,San Juan Basin Royalty Trust Common Stock,$6.05,0.03,0.498%,281983216.00,United States,,224150,Energy,Oil & Gas Production
SKBL,Skyline Builders Group Holding Limited Class A Ordinary Shares,$3.73,-0.14,-3.618%,112739250.00,Hong Kong,2025,267887,Consumer Discretionary,Engineering & Construction
SKE,Skeena Resources Limited Common Shares,$17.35,0.95,5.793%,1995870332.00,,2021,576841,Basic Materials,Precious Metals
SKIL,Skillsoft Corp. Class A Common Stock,$11.46,0.40,3.617%,99810962.00,United States,2019,198391,Technology,Computer Software: Prepackaged Software
SKIN,The Beauty Health Company Class A Common Stock,$1.38,-0.02,-1.429%,175954221.00,United States,2020,1618963,Health Care,Medical/Dental Instruments
SKK,SKK Holdings Limited Ordinary Shares,$0.3517,-0.0072,-2.006%,6594375.00,Singapore,2024,18705,Industrials,Water Sewer Pipeline Comm & Power Line Construction
SKLZ,Skillz Inc. Class A Common Stock,$6.21,0.01,0.161%,95048360.00,United States,2020,60917,Technology,EDP Services
SKM,SK Telecom Co. Ltd. Common Stock,$20.32,0.22,1.095%,7794345600.00,South Korea,,880156,Telecommunications,Telecommunications Equipment
SKT,Tanger Inc. Common Stock,$34.25,-0.23,-0.667%,3942517637.00,United States,1993,852015,Real Estate,Real Estate Investment Trusts
SKWD,Skyward Specialty Insurance Group Inc. Common Stock,$47.83,0.35,0.737%,1936510668.00,United States,2023,263652,Finance,Property-Casualty Insurers
SKY,Champion Homes Inc. Common Stock,$83.35,0.41,0.494%,4655788055.00,United States,,939966,Consumer Discretionary,Homebuilding
SKYE,Skye Bioscience Inc. Common Stock,$1.42,-0.11,-7.19%,44003556.00,United States,,397185,Health Care,Biotechnology: Pharmaceutical Preparations
SKYH,Sky Harbour Group Corporation Class A Common Stock,$9.60,-0.01,-0.104%,728862038.00,United States,2022,51316,Finance,Real Estate
SKYQ,Sky Quarry Inc. Common Stock,$0.409,-0.0005,-0.122%,9192856.00,United States,2024,239166,Industrials,Environmental Services
SKYT,SkyWater Technology Inc. Common Stock,$23.64,5.64,31.333%,1138876267.00,United States,2021,5252805,Technology,Semiconductors
SKYW,SkyWest Inc. Common Stock,$98.36,-0.24,-0.243%,3944619604.00,United States,1986,266720,Consumer Discretionary,Air Freight/Delivery Services
SKYX,SKYX Platforms Corp. Common Stock,$1.51,-0.01,-0.658%,168285070.00,United States,2022,398448,Consumer Discretionary,Building Products
SLAB,Silicon Laboratories Inc. Common Stock,$130.63,4.21,3.33%,4291579813.00,United States,2000,304808,Technology,Semiconductors
SLAI,SOLAI Limited American Depositary Shares (each representing one hundred (100) Class A Ordinary Shares),$1.92,-0.01,-0.518%,20457865.00,,2013,133431,Technology,EDP Services
SLB,SLB Limited Common Shares,$36.91,0.25,0.682%,49874594057.00,France,,12275375,Energy,Oilfield Services/Equipment
SLDB,Solid Biosciences Inc. Common Stock,$4.15,0.09,2.217%,323327492.00,United States,2018,1114030,Health Care,Biotechnology: Biological Products (No Diagnostic Substances)
SLDE,Slide Insurance Holdings Inc. Common Stock,$16.89,0.29,1.747%,2099254705.00,United States,2025,896618,Finance,Property-Casualty Insurers
SLDP,Solid Power Inc. Class A Common Stock,$7.35,0.49,7.143%,1404023240.00,United States,2021,22153991,Miscellaneous,Industrial Machinery/Components
SLDPW,Solid Power Inc. Warrant,$1.85,0.16,9.467%,353393605.00,United States,2021,197371,Miscellaneous,Industrial Machinery/Components
SLE,Super League Enterprise Inc. Common Stock,$1.17,-0.01,-0.847%,1261310.00,United States,2019,492320,Consumer Discretionary,Services-Misc. Amusement & Recreation
SLF,Sun Life Financial Inc. Common Stock,$58.09,-0.45,-0.769%,33018389460.00,Canada,,677687,Finance,Life Insurance
SLG,SL Green Realty Corp Common Stock,$50.41,-1.81,-3.466%,3580414913.00,United States,1997,800817,Real Estate,Real Estate Investment Trusts
SLG^I,SL Green Realty Corporation Preferred Series I,$21.49,0.09,0.421%,,United States,,15335,,
SLGB,Smart Logistics Global Limited Ordinary Shares,$2.03,0.06,3.046%,83230000.00,Hong Kong,2025,74347,Industrials,Integrated Freight & Logistics
SLGL,Sol-Gel Technologies Ltd. Ordinary Shares,$32.43,1.7954,5.861%,90342262.00,Israel,2018,18098,Health Care,Biotechnology: Pharmaceutical Preparations
SLGN,Silgan Holdings Inc. Common Stock,$38.12,-0.08,-0.209%,4028064732.00,United States,2022,1677824,Industrials,Containers/Packaging
SLI,Standard Lithium Ltd. Common Shares,$3.56,0.23,6.907%,726395622.00,Canada,2021,2993885,Industrials,Major Chemicals
SLM,SLM Corporation Common Stock,$26.83,0.07,0.262%,5447526953.00,United States,,2325062,Finance,Finance: Consumer Services
SLMBP,SLM Corporation Floating Rate Non-Cumulative Preferred Stock Series B,$75.86,0.13,0.172%,15402511913.00,United States,,3120,Finance,Finance: Consumer Services
SLMT,Brera Holdings PLC Class B Ordinary Shares,$8.11,0.47,6.152%,19583282.00,Ireland,2023,833380,Consumer Discretionary,Services-Misc. Amusement & Recreation
SLN,Silence Therapeutics Plc American Depository Share,$6.35,-0.23,-3.495%,297180000.00,United Kingdom,,191862,Health Care,Biotechnology: Pharmaceutical Preparations
SLND,Southland Holdings Inc. Common Stock,$4.50,0.04,0.897%,243508662.00,United States,,63825,Industrials,Military/Government/Technical
SLNG,Stabilis Solutions Inc. Common Stock,$4.74,0.03,0.637%,88146467.00,United States,,6041,Utilities,Oil/Gas Transmission
SLNH,Soluna Holdings Inc. Common Stock,$2.56,-0.05,-1.916%,77173652.00,United States,,3849137,Technology,EDP Services
SLNHP,Soluna Holdings Inc 9.0% Series A Cumulative Perpetual Preferred Stock ,$11.25,0.25,2.273%,339142028.00,United States,,7461,Technology,EDP Services
SLNO,Soleno Therapeutics Inc. Common Stock,$46.31,-1.39,-2.914%,2487311258.00,United States,2014,1707468,Health Care,Biotechnology: Electromedical & Electrotherapeutic Apparatus
SLP,Simulations Plus Inc. Common Stock,$17.18,0.05,0.292%,345783750.00,United States,,574663,Technology,EDP Services
SLQT,SelectQuote Inc. Common Stock,$1.59,-0.14,-8.092%,279795073.00,United States,2020,2374601,Finance,Specialty Insurers
SLRC,SLR Investment Corp. Common Stock,$15.38,0.09,0.589%,839050271.00,United States,2010,196084,Finance,Finance/Investors Services
SLRX,Salarius Pharmaceuticals Inc. Common Stock,$2.00,-0.44,-18.033%,1019412.00,United States,2015,3037734,Health Care,Biotechnology: Pharmaceutical Preparations
SLS,SELLAS Life Sciences Group Inc. Common Stock,$1.50,-0.09,-5.66%,157946204.00,United States,,5066375,Health Care,Biotechnology: Pharmaceutical Preparations
SLSN,Solesence Inc. Common Stock,$2.81,-0.13,-4.422%,198054265.00,United States,,31434,Consumer Discretionary,Package Goods/Cosmetics
SLSR,Solaris Resources Inc. Common Shares,$7.17,0.20,2.869%,1188496604.00,,2024,129925,,
SLVM,Sylvamo Corporation Common Stock,$42.85,-0.22,-0.511%,1729963982.00,United States,2021,516125,Basic Materials,Paper
SLXN,Silexion Therapeutics Corp Ordinary Shares,$2.78,-0.01,-0.358%,2033965.00,Israel,,74616,Health Care,Biotechnology: Biological Products (No Diagnostic Substances)
SLXNW,Silexion Therapeutics Corp Warrant,$0.0332,-0.0118,-26.222%,24291.00,Israel,,62864,Health Care,Biotechnology: Biological Products (No Diagnostic Substances)
SM,SM Energy Company Common Stock,$18.43,0.15,0.821%,2111233759.00,United States,,2994865,Energy,Oil & Gas Production
SMA,SmartStop Self Storage REIT Inc. Common Stock,$33.24,-0.91,-2.665%,1842843716.00,United States,2025,455022,Real Estate,Real Estate Investment Trusts
SMBC,Southern Missouri Bancorp Inc. Common Stock,$54.40,0.90,1.682%,614212285.00,United States,,82164,Finance,Banks
SMBK,SmartFinancial Inc. Common Stock,$35.82,0.29,0.816%,609667647.00,United States,,48354,Finance,Major Banks
SMC,Summit Midstream Corporation Common Stock,$23.39,2.19,10.33%,438944482.00,United States,2012,141264,Utilities,Natural Gas Distribution
SMCI,Super Micro Computer Inc. Common Stock,$40.19,0.43,1.081%,23883844249.00,United States,2020,26289248,Technology,Computer Manufacturing
SMFG,Sumitomo Mitsui Financial Group Inc Unsponsored American Depositary Shares (Japan),$16.47,0.17,1.043%,106628027817.00,Japan,,2160166,Finance,Commercial Banks
SMG,Scotts Miracle-Gro Company (The) Common Stock,$56.96,0.48,0.85%,3288789346.00,United States,1992,1037854,Industrials,Agricultural Chemicals
SMHI,SEACOR Marine Holdings Inc. Common Stock ,$7.14,0.34,5.00%,192610489.00,United States,2017,97568,Consumer Discretionary,Marine Transportation
SMID,Smith-Midland Corporation Common Stock,$38.59,0.59,1.553%,204704746.00,United States,,8750,Industrials,Building Materials
SMLR,Semler Scientific Inc. Common Stock,$29.27,1.67,6.051%,433333364.00,United States,,803497,Health Care,Biotechnology: Electromedical & Electrotherapeutic Apparatus
SMP,Standard Motor Products Inc. Common Stock,$38.03,-0.22,-0.575%,836629196.00,United States,,117656,Consumer Discretionary,Auto Parts:O.E.M.
SMPL,The Simply Good Foods Company Common Stock,$19.22,-0.77,-3.852%,1919267896.00,United States,,1594727,Consumer Staples,Packaged Foods
SMR,NuScale Power Corporation Class A Common Stock,$28.43,-1.91,-6.295%,8485697556.00,United States,2022,31467387,Industrials,Metal Fabrications
SMRT,SmartRent Inc. Class A Common Stock,$1.46,0.01,0.69%,276233054.00,United States,,723047,Technology,EDP Services
SMSI,Smith Micro Software Inc. Common Stock,$0.6534,0.0173,2.72%,14104104.00,United States,1995,118972,Technology,Computer Software: Prepackaged Software
SMTC,Semtech Corporation Common Stock,$75.27,3.39,4.716%,6531478077.00,United States,,3425550,Technology,Semiconductors
SMTI,Sanara MedTech Inc. Common Stock,$28.16,0.445,1.606%,250690204.00,United States,,26992,Health Care,Industrial Specialties
SMTK,SmartKem Inc. Common Stock,$1.85,0.15,8.824%,8407307.00,United Kingdom,,56499,Technology,Semiconductors
SMWB,Similarweb Ltd. Ordinary Shares,$8.47,0.07,0.833%,701565255.00,,2021,187518,Technology,Computer Software: Programming Data Processing
SMX,SMX (Security Matters) Public Limited Company Ordinary Shares,$1.61,-0.09,-5.294%,1610000.00,Ireland,,547695,Technology,Industrial Machinery/Components
SMXT,Solarmax Technology Inc. Common Stock,$1.03,0.0352,3.538%,55932039.00,United States,2024,238251,Consumer Discretionary,Engineering & Construction
SMXWW,SMX (Security Matters) Public Limited Company Warrant,$0.0214,-0.0043,-16.732%,21400.00,Ireland,,42061,Technology,Industrial Machinery/Components
SN,SharkNinja Inc. Ordinary Shares,$94.78,2.34,2.531%,13302129984.00,United States,2023,2652037,Consumer Discretionary,Consumer Electronics/Appliances
SNA,Snap-On Incorporated Common Stock,$343.18,-0.53,-0.154%,17847953411.00,United States,,251758,Consumer Discretionary,Industrial Machinery/Components
SNAL,Snail Inc. Class A Common Stock,$1.015,-0.005,-0.49%,38166521.00,United States,2022,8995,Technology,Computer Software: Prepackaged Software
SNAP,Snap Inc. Class A Common Stock,$8.69,0.48,5.847%,14941226330.00,United States,2017,81187437,Technology,Computer Software: Programming Data Processing
SNBR,Sleep Number Corporation Common Stock,$4.36,-0.25,-5.423%,99364400.00,United States,,782316,Consumer Discretionary,Home Furnishings
SNCR,Synchronoss Technologies Inc. Common Stock,$5.53,0.36,6.963%,63636110.00,United States,2018,150173,Technology,EDP Services
SNCY,Sun Country Airlines Holdings Inc. Common Stock,$12.31,-0.20,-1.599%,648917145.00,United States,2021,612936,Consumer Discretionary,Air Freight/Delivery Services
SND,Smart Sand Inc. Common Stock,$2.225,0.135,6.459%,96919271.00,United States,2016,33450,Industrials,Mining & Quarrying of Nonmetallic Minerals (No Fuels)
SNDA,Sonida Senior Living Inc. Common Stock,$32.20,0.13,0.405%,606104078.00,United States,,44385,Health Care,Hospital/Nursing Management
SNDK,Sandisk Corporation Common Stock,$267.95,28.47,11.888%,39068596587.00,United States,,15222292,Technology,Electronic Components
SNDL,SNDL Inc. Common Shares,$1.87,0.09,5.056%,481525000.00,Canada,2019,2442741,Health Care, Medicinal Chemicals and Botanical Products 
SNDR,Schneider National Inc. Common Stock,$22.14,-0.61,-2.681%,3881132989.00,United States,2017,810663,Industrials,Trucking Freight/Courier Services
SNDX,Syndax Pharmaceuticals Inc. Common Stock,$15.72,0.68,4.521%,1366301253.00,United States,2016,2604577,Health Care,Biotechnology: Pharmaceutical Preparations
SNES,SenesTech Inc. Common Stock,$3.48,0.09,2.655%,18176092.00,United States,2016,139944,Industrials,Agricultural Chemicals
SNEX,StoneX Group Inc. Common Stock,$90.73,1.66,1.864%,4732890892.00,United States,,287641,Finance,Investment Bankers/Brokers/Service
SNFCA,Security National Financial Corporation Class A Common Stock,$8.085,0.115,1.443%,210068367.00,United States,,7442,Finance,Finance: Consumer Services
SNGX,Soligenix Inc. Common Stock,$1.36,-0.01,-0.73%,5828375.00,United States,,152740,Health Care,Biotechnology: Pharmaceutical Preparations
SNN,Smith & Nephew SNATS Inc. Common Stock,$33.35,0.12,0.361%,14497767261.00,United Kingdom,,637782,Health Care,Industrial Specialties
SNOA,Sonoma Pharmaceuticals Inc. Common Stock,$3.65,-0.03,-0.815%,6208927.00,United States,2007,7937,Health Care,Biotechnology: Pharmaceutical Preparations
SNOW,Snowflake Inc. Common Stock,$268.51,5.65,2.149%,90971188000.00,United States,2020,3033766,Technology,Computer Software: Prepackaged Software
SNPS,Synopsys Inc. Common Stock,$400.77,7.34,1.866%,74442495678.00,United States,1992,1885345,Technology,Computer Software: Prepackaged Software
SNSE,Sensei Biotherapeutics Inc. Common Stock,$9.61,0.51,5.604%,12120997.00,United States,2021,12576,Health Care,Biotechnology: Pharmaceutical Preparations
SNT,Senstar Technologies Corporation Common Shares,$4.60,0.14,3.139%,107302604.00,Canada,,25976,Telecommunications,Telecommunications Equipment
SNTG,Sentage Holdings Inc. Class A Ordinary Shares,$2.05,-0.03,-1.442%,5750916.00,China,2021,4850,Finance,Finance: Consumer Services
SNTI,Senti Biosciences Inc. Common Stock,$1.93,-0.02,-1.026%,50489198.00,United States,2021,83696,Health Care,Biotechnology: Biological Products (No Diagnostic Substances)
SNV,Synovus Financial Corp. Common Stock,$45.50,0.01,0.022%,6316186832.00,United States,,722451,Finance,Major Banks
SNV^D,Synovus Financial Corp. Fixed-to-Floating Rate Non-Cumulative Perpetual Preferred Stock Series D Liquation Preference $25.00 per Share,$25.34,-0.14,-0.549%,,United States,,8690,,
SNV^E,Synovus Financial Corp. 5.875% Fixed-Rate Reset Non-Cumulative Perpetual Preferred Stock Series E,$26.21,-0.0224,-0.085%,,United States,,13264,,
SNWV,SANUWAVE Health Inc. Common Stock,$34.26,3.18,10.232%,293819379.00,United States,,211147,Health Care,Medical/Dental Instruments
SNX,TD SYNNEX Corporation Common Stock,$154.40,2.85,1.881%,12574004812.00,United States,2003,511326,Technology,Retail: Computer Software & Peripheral Equipment
SNY,Sanofi ADS,$50.66,1.00,2.014%,124396265682.00,France,,1712899,Health Care,Biotechnology: Pharmaceutical Preparations
SNYR,Synergy CHC Corp. Common Stock,$2.14,-0.10,-4.464%,20444927.00,United States,2024,44769,Health Care,Other Pharmaceuticals
SO,Southern Company (The) Common Stock,$90.76,-0.68,-0.744%,99936275551.00,United States,,6177924,Utilities,Electric Utilities: Central
SOAR,Volato Group Inc. Class A Common Stock,$1.47,0.07,5.00%,8248166.00,,2022,1227039,Consumer Discretionary,Transportation Services
SOBO,South Bow Corporation Common Shares,$26.24,0.25,0.962%,5463709357.00,Canada,2024,1031153,Energy,Natural Gas Distribution
SOBR,SOBR Safe Inc. Common Stock,$2.6705,-0.0195,-0.725%,4049159.00,United States,,41130,Consumer Discretionary,Newspapers/Magazines
SOC,Sable Offshore Corp. Common Stock,$6.00,0.66,12.36%,597043500.00,United States,2021,19458132,Energy,Oil & Gas Production
SOCA,Solarius Capital Acquisition Corp. Class A Ordinary Share,$10.15,0.00,0.00%,0.00,United States,2025,79,,
SOCAU,Solarius Capital Acquisition Corp. Units,$10.37,0.00,0.00%,0.00,United States,2025,3,Finance,Blank Checks
SOCAW,Solarius Capital Acquisition Corp. Warrant,$0.2807,0.0006,0.214%,0.00,United States,2025,126,,
SOFI,SoFi Technologies Inc. Common Stock  ,$30.54,2.33,8.259%,36828278964.00,United States,,93344647,Finance,Finance: Consumer Services
SOGP,Sound Group Inc. American Depositary Shares,$12.40,-0.45,-3.502%,61201118.00,China,2020,35841,Technology,Computer Software: Programming Data Processing
SOHO,Sotherly Hotels Inc. Common Stock,$2.16,0.0056,0.26%,44259482.00,United States,,541241,Real Estate,Real Estate Investment Trusts
SOHOB,Sotherly Hotels Inc. 8.0% Series B Cumulative Redeemable Perpetual Preferred Stock,$17.15,0.08,0.469%,351412092.00,United States,,29091,Real Estate,Real Estate Investment Trusts
SOHON,Sotherly Hotels Inc. 8.25% Series D Cumulative Redeemable Perpetual Preferred Stock,$15.64,-0.01,-0.064%,320471436.00,United States,,773,Real Estate,Real Estate Investment Trusts
SOHOO,Sotherly Hotels Inc. 7.875% Series C Cumulative Redeemable Perpetual Preferred Stock,$17.58,0.08,0.457%,360223008.00,United States,,5785,Real Estate,Real Estate Investment Trusts
SOHU,Sohu.com Limited American Depositary Shares,$15.09,0.20,1.343%,453686886.00,China,,50098,Technology,EDP Services
SOJC,Southern Company (The) Series 2017B 5.25% Junior Subordinated Notes due December 1 2077,$22.72,0.16,0.709%,24993077087.00,United States,2017,10891,Utilities,Electric Utilities: Central
SOJD,Southern Company (The) Series 2020A 4.95% Junior Subordinated Notes due January 30 2080,$20.75,0.08,0.387%,22825983695.00,United States,2020,42526,Utilities,Electric Utilities: Central
SOJE,Southern Company (The) Series 2020C 4.20% Junior Subordinated Notes due October 15 2060,$18.55,0.11,0.597%,20304194421.00,United States,2020,36553,Basic Materials,Metal Mining
SOJF,Southern Company (The) Series 2025A 6.50% Junior Subordinated Notes due March 15 2085,$26.05,0.15,0.579%,0.00,United States,2025,33558,Basic Materials,Metal Mining
SOL,Emeren Group Ltd American Depositary Shares each representing 10 shares,$1.88,-0.01,-0.529%,96484649.00,China,2008,80453,Technology,Semiconductors
SOLS,Solstice Advanced Materials Inc. Common Stock ,$47.19,-0.30,-0.632%,7490192214.00,United States,,4771209,Industrials,Aerospace
SOLV,Solventum Corporation Common Stock,$71.79,0.27,0.378%,12451800117.00,United States,2024,1203631,Health Care,Medical/Dental Instruments
SON,Sonoco Products Company Common Stock,$40.54,-0.14,-0.344%,3998582347.00,United States,,1177000,Consumer Discretionary,Containers/Packaging
SOND,Sonder Holdings Inc. Class A Common Stock,$0.2039,-0.3061,-60.02%,2713599.00,United States,2021,24295574,Consumer Discretionary,Hotels/Resorts
SONDW,Sonder Holdings Inc. Warrants,$0.006,-0.0058,-49.153%,79851.00,United States,2021,1212348,Consumer Discretionary,Hotels/Resorts
SONM,Sonim Technologies Inc. Common Stock,$11.17,-0.235,-2.06%,11490501.00,United States,2019,25802,Utilities,Telecommunications Equipment
SONN,Sonnet BioTherapeutics Holdings Inc. Common Stock,$4.46,-0.41,-8.419%,30124410.00,United States,,537633,Health Care,Biotechnology: Pharmaceutical Preparations
SONO,Sonos Inc. Common Stock,$16.66,0.37,2.271%,2013865415.00,United States,2018,1617127,Consumer Staples,Consumer Electronics/Appliances
SONY,Sony Group Corporation American Depositary Shares ,$27.97,0.26,0.938%,168519314191.00,Japan,,3308202,Consumer Staples,Consumer Electronics/Appliances
SOPA,Society Pass Incorporated Common Stock,$1.80,0.05,2.857%,9651454.00,United States,2021,93341,Real Estate,Real Estate
SOPH,SOPHiA GENETICS SA Ordinary Shares,$4.35,-0.02,-0.458%,290715159.00,Switzerland,2021,47686,Health Care,Biotechnology: Biological Products (No Diagnostic Substances)
SOR,Source Capital Inc. Cmn Shs of BI,$45.6942,0.3297,0.727%,381294475.00,United States,,3450,Finance,Investment Managers
SORA,AsiaStrategy Ordinary Shares,$4.07,-0.12,-2.864%,101196480.00,Hong Kong,2025,7208,Industrials,Other Specialty Stores
SOS,SOS Limited Class A Ordinary Shares,$1.50,-0.05,-3.226%,10190811.00,China,,17825,Finance,Finance: Consumer Services
SOTK,Sono-Tek Corporation Common Stock,$4.41,-0.12,-2.649%,69268143.00,United States,,21470,Technology,Industrial Machinery/Components
SOUL,Soulpower Acquisition Corporation Class A Ordinary Shares,$10.23,0.03,0.294%,0.00,,2025,118552,Consumer Discretionary,Publishing
SOUN,SoundHound AI Inc Class A Common Stock,$14.41,0.27,1.909%,5874759554.00,United States,,36510514,Technology,Computer Software: Prepackaged Software
SOUNW,SoundHound AI Inc. Warrant,$6.5099,0.3503,5.687%,2653997031.00,United States,2021,48332,Technology,Computer Software: Prepackaged Software
SOWG,Sow Good Inc. Common Stock,$0.5651,-0.0568,-9.133%,6907556.00,United States,,240875,Consumer Staples,Packaged Foods
SPAI,Safe Pro Group Inc. Common Stock,$5.23,-0.14,-2.607%,84560481.00,United States,2024,122966,Health Care,Industrial Specialties
SPB,Spectrum Brands Holdings Inc. Common Stock,$53.50,-0.68,-1.255%,1295076319.00,United States,,250883,Miscellaneous,Industrial Machinery/Components
SPCB,SuperCom Ltd. Ordinary Shares (Israel),$10.44,-0.40,-3.69%,22684606.00,Israel,,40674,Technology,Semiconductors
SPCE,Virgin Galactic Holdings Inc. Common Stock,$3.59,0.00,0.00%,206751564.00,United States,2017,1619208,Consumer Discretionary,Transportation Services
SPE,Special Opportunities Fund Inc Common Stock,$15.32,0.14,0.922%,0.00,United States,,19282,Finance,Finance/Investors Services
SPE^C,Special Opportunities Fund Inc. 2.75% Convertible Preferred Stock Series C,$24.90,-0.1199,-0.479%,,United States,,5703,,
SPEG,Silver Pegasus Acquisition Corp Class A Ordinary Shares,$10.04,-0.01,-0.10%,0.00,United States,2025,4217,,
SPEGR,Silver Pegasus Acquisition Corp Rights.,$0.2801,0.0001,0.036%,0.00,United States,2025,270104,,
SPEGU,Silver Pegasus Acquisition Corp Unit,$10.525,0.125,1.202%,0.00,United States,2025,2490,,
SPFI,South Plains Financial Inc. Common Stock,$37.36,0.54,1.467%,607019265.00,United States,2019,52218,Finance,Major Banks
SPG,Simon Property Group Inc. Common Stock,$182.94,-0.66,-0.359%,59724432776.00,United States,,1282290,Real Estate,Real Estate Investment Trusts
SPG^J,Simon Property Group Inc. Simon Property Group 8 3/8% Series J Cumulative Redeemable Preferred Stock,$54.0353,0.0853,0.158%,,United States,,2210,,
SPGI,S&P Global Inc. Common Stock,$493.84,-2.58,-0.52%,149534752000.00,United States,,1505670,Finance,Finance: Consumer Services
SPH,Suburban Propane Partners L.P. Common Stock,$18.60,0.31,1.695%,1217803789.00,United States,1996,336167,Consumer Discretionary,Other Specialty Stores
SPHL,Springview Holdings Ltd Class A Ordinary Shares,$0.4654,0.0034,0.736%,10006100.00,Singapore,2024,182548,Consumer Discretionary,Homebuilding
SPHR,Sphere Entertainment Co. Class A Common Stock,$76.92,-0.16,-0.208%,2716372956.00,United States,2020,1071676,Consumer Discretionary,Services-Misc. Amusement & Recreation
SPIR,Spire Global Inc. Class A Common Stock,$8.56,-0.33,-3.712%,293025158.00,United States,2020,507008,Consumer Discretionary,Telecommunications Equipment
SPKL,Spark I Acquisition Corp. Class A Ordinary Share,$11.3001,0.0044,0.039%,0.00,United States,2023,11975,,
SPKLW,Spark I Acquisition Corp. Warrant,$0.3997,-0.0096,-2.345%,0.00,United States,2023,11700,,
SPMA,Sound Point Meridian Capital Inc. 8.00% Series A Preferred Shares Due 2029,$25.18,0.0102,0.041%,0.00,,,3070,,
SPMC,Sound Point Meridian Capital Inc. Common Stock,$16.45,-0.01,-0.061%,0.00,,2024,16484,,
SPME,Sound Point Meridian Capital Inc. 7.875% Series B Preferred Shares due 2030,$25.08,-0.1698,-0.672%,0.00,,,10502,,
SPNS,Sapiens International Corporation N.V. Common Shares (Cayman Islands),$43.17,0.02,0.046%,2412651503.00,Curacao,1992,306472,Technology,Computer Software: Prepackaged Software
SPNT,SiriusPoint Ltd. Common Shares,$20.16,0.34,1.715%,2354983142.00,Bermuda,2013,499591,Finance,Property-Casualty Insurers
SPNT^B,SiriusPoint Ltd. 8.00% Resettable Fixed Rate Preference Shares Series B $25.00 liquidation preference per share,$25.58,0.0137,0.054%,,Bermuda,,6895,,
SPOK,Spok Holdings Inc. Common Stock,$13.50,0.06,0.446%,278075282.00,United States,,134801,Telecommunications,Telecommunications Equipment
SPOT,Spotify Technology S.A. Ordinary Shares,$622.93,6.02,0.976%,126980797698.00,Luxembourg,2018,1658450,Consumer Discretionary,Broadcasting
SPPL,SIMPPLE LTD. Ordinary Shares,$5.36,0.13,2.486%,18973274.00,Singapore,2023,3513,Consumer Discretionary,Diversified Commercial Services
SPR,Spirit Aerosystems Holdings Inc. Common Stock,$35.63,0.03,0.084%,4187352222.00,United States,2006,1457474,Industrials,Military/Government/Technical
SPRB,Spruce Biosciences Inc. Common Stock,$115.61,-11.39,-8.969%,65093286.00,United States,2020,308332,Health Care,Biotechnology: Pharmaceutical Preparations
SPRC,SciSparc Ltd. Ordinary Shares,$2.78,0.03,1.091%,1486077.00,Israel,,18388,Health Care,Biotechnology: Pharmaceutical Preparations
SPRO,Spero Therapeutics Inc. Common Stock,$2.50,0.04,1.626%,140688063.00,United States,2017,481106,Health Care,Biotechnology: Pharmaceutical Preparations
SPRU,Spruce Power Holding Corporation Class A Common Stock,$3.00,0.28,10.294%,53503104.00,United States,2019,334043,Consumer Discretionary,Auto Parts:O.E.M.
SPRY,ARS Pharmaceuticals Inc. Common Stock,$8.88,0.03,0.339%,877577873.00,United States,2020,4106041,Health Care,Biotechnology: Pharmaceutical Preparations
SPSC,SPS Commerce Inc. Common Stock,$81.65,-0.39,-0.475%,3078947525.00,United States,2010,374103,Technology,Computer Software: Prepackaged Software
SPT,Sprout Social Inc Class A Common Stock,$10.64,0.64,6.40%,629774673.00,United States,2019,1735121,Technology,Computer Software: Prepackaged Software
SPWH,Sportsman's Warehouse Holdings Inc. Common Stock,$2.11,0.09,4.455%,81089577.00,United States,2014,327242,Consumer Discretionary,Other Specialty Stores
SPWR,SunPower Inc. Common Stock,$1.69,0.06,3.681%,140453717.00,United States,,2588273,Technology,Semiconductors
SPWRW,SunPower Inc. Warrants,$0.2625,0.0124,4.958%,21816036.00,United States,,18484,Technology,Semiconductors
SPXC,SPX Technologies Inc. Common Stock,$224.93,3.01,1.356%,11209515435.00,United States,,731002,Industrials,Industrial Machinery/Components
SPXX,Nuveen S&P 500 Dynamic Overwrite Fund,$17.50,0.14,0.806%,0.00,United States,,25126,Finance,Trusts Except Educational Religious and Charitable
SQFT,Presidio Property Trust Inc. Class A Common Stock,$5.10,0.24,4.938%,7400549.00,United States,2020,22448,Real Estate,Real Estate Investment Trusts
SQFTP,Presidio Property Trust Inc. 9.375% Series D Cumulative Redeemable Perpetual Preferred Stock $0.01 par value per share,$15.3344,0.0842,0.552%,22251564.00,United States,,1771,Real Estate,Real Estate Investment Trusts
SQFTW,Presidio Property Trust Inc. Series A Common Stock Purchase Warrants,$0.0299,-0.0034,-10.21%,43388.00,United States,,1585,Real Estate,Real Estate Investment Trusts
SQM,Sociedad Quimica y Minera S.A. Common Stock,$51.88,3.05,6.246%,14818889479.00,Chile,1993,1602887,Industrials,Mining & Quarrying of Nonmetallic Minerals (No Fuels)
SQNS,Sequans Communications S.A. American Depositary Shares (each representing one hundred (100) Ordinary Shares),$6.51,0.22,3.498%,93304197.00,France,,379555,Technology,Semiconductors
SR,Spire Inc. Common Stock,$89.58,-0.10,-0.112%,5287466666.00,United States,,308446,Utilities,Oil/Gas Transmission
SR^A,Spire Inc. Depositary Shares each representing a 1/1000th interest in a share of 5.90% Series A Cumulative Redeemable Perpetual Preferred Stock,$24.60,0.10,0.408%,,United States,,12823,,
SRAD,Sportradar Group AG Class A Ordinary Shares,$22.71,-0.26,-1.132%,6800734919.00,Switzerland,2021,2227963,Technology,Computer Software: Programming Data Processing
SRBK,SR Bancorp Inc. Common stock,$15.05,0.05,0.333%,131042818.00,United States,2023,8866,Finance,Banks
SRCE,1st Source Corporation Common Stock,$61.21,0.43,0.707%,1495648232.00,United States,,55122,Finance,Major Banks
SRDX,Surmodics Inc. Common Stock,$27.345,0.555,2.072%,390968501.00,United States,1998,138316,Health Care,Medical/Dental Instruments
SRE,DBA Sempra Common Stock,$92.94,-0.78,-0.832%,60660220562.00,United States,,3807518,Utilities,Natural Gas Distribution
SREA,DBA Sempra 5.750% Junior Subordinated Notes due 2079,$22.73,0.17,0.754%,14391405739.00,United States,2019,29442,Utilities,Natural Gas Distribution
SRFM,Surf Air Mobility Inc. Common Stock,$3.14,-0.18,-5.422%,134473860.00,United States,2023,7062539,Consumer Discretionary,Transportation Services
SRG,Seritage Growth Properties Class A Common Stock,$4.11,0.08,1.985%,231494135.00,United States,2015,149162,Finance,Real Estate
SRG^A,Seritage Growth Properties 7.00% Series A Cumulative Redeemable Preferred Shares of Beneficial Interest,$23.60,0.0988,0.42%,,United States,,726,,
SRI,Stoneridge Inc. Common Stock,$5.99,-0.18,-2.917%,167821417.00,United States,1997,281138,Consumer Discretionary,Auto Parts:O.E.M.
SRL,Scully Royalty Ltd.,$5.9236,0.0236,0.40%,87801086.00,Canada,,521,Finance,Commercial Banks
SRPT,Sarepta Therapeutics Inc. Common Stock (DE),$17.27,-0.36,-2.042%,1809674719.00,United States,,3444382,Health Care,Biotechnology: Pharmaceutical Preparations
SRRK,Scholar Rock Holding Corporation Common Stock,$29.37,0.42,1.451%,2823257773.00,United States,2018,1545323,Health Care,Biotechnology: Biological Products (No Diagnostic Substances)
SRTA,Strata Critical Medical Inc. Class A Common Stock,$4.85,0.42,9.481%,396223684.00,United States,2019,928617,Consumer Discretionary,Transportation Services
SRTAW,Strata Critical Medical Inc. Warrants,$0.16,0.0026,1.652%,13071297.00,United States,2019,67027,Consumer Discretionary,Transportation Services
SRTS,Sensus Healthcare Inc. Common Stock,$4.34,0.14,3.333%,71349756.00,United States,2016,343436,Health Care,Medical/Dental Instruments
SRV,NXG Cushing Midstream Energy Fund Common Shares of Beneficial Interest,$42.30,1.03,2.496%,0.00,United States,,288535,Finance,Finance Companies
SRXH,SRX Health Solutions Inc. Common Stock,$0.2108,-0.0172,-7.544%,5239146.00,,2021,817792,Consumer Staples,Beverages (Production/Distribution)
SRZN,Surrozen Inc. Common Stock,$11.80,-0.40,-3.279%,101130189.00,United States,,15050,Health Care,Biotechnology: Biological Products (No Diagnostic Substances)
SRZNW,Surrozen Inc. Warrant,$0.0126,-0.0028,-18.182%,107986.00,United States,,22838,Health Care,Biotechnology: Biological Products (No Diagnostic Substances)
SSB,SouthState Bank Corporation Common Stock,$88.86,1.01,1.15%,8931794978.00,United States,,942350,Finance,Major Banks
SSBI,Summit State Bank Common Stock,$10.71,-0.04,-0.372%,71469222.00,United States,2006,8434,Finance,Major Banks
SSD,Simpson Manufacturing Company Inc. Common Stock,$168.94,-1.82,-1.066%,7030826324.00,United States,,251447,Consumer Discretionary,Industrial Machinery/Components
SSEA,Starry Sea Acquisition Corp	Ordinary Shares,$9.96,0.00,0.00%,0.00,United States,2025,3,,
SSEAR,Starry Sea Acquisition Corp Rights,$0.229,0.029,14.50%,0.00,United States,2025,115,,
SSII,SS Innovations International Inc. Common Stock,$7.00,0.19,2.79%,1355348043.00,India,,52519,Health Care,Medical/Dental Instruments
SSKN,Strata Skin Sciences Inc. Common Stock,$1.69,0.05,3.049%,7049262.00,United States,2005,134415,Health Care,Medical/Dental Instruments
SSL,Sasol Ltd. American Depositary Shares,$6.83,0.10,1.486%,4435231960.00,South Africa,,1066727,Energy,Oil & Gas Production
SSM,Sono Group N.V. Ordinary Shares,$5.68,0.08,1.429%,,Germany,,11203,,
SSNC,SS&C Technologies Holdings Inc. Common Stock,$84.89,0.64,0.76%,20715486241.00,United States,2010,971892,Technology,Computer Software: Prepackaged Software
SSP,E.W. Scripps Company (The) Class A Common Stock,$2.82,0.26,10.156%,249099432.00,United States,,1218340,Industrials,Broadcasting
SSRM,SSR Mining Inc. Common Stock,$20.82,0.88,4.413%,4221884472.00,Canada,,3005464,Industrials,Precious Metals
SSSS,SuRo Capital Corp. Common Stock,$10.21,0.35,3.55%,256465919.00,United States,2011,216583,Finance,Finance: Consumer Services
SSSSL,SuRo Capital Corp. 6.00% Notes due 2026,$24.9805,0.0305,0.122%,596736857.00,United States,,749,Finance,Finance: Consumer Services
SST,System1 Inc. Class A Common Stock,$4.41,-0.24,-5.161%,44090862.00,United States,2020,17992,Technology,Computer Software: Programming Data Processing
SSTI,SoundThinking Inc. Common Stock,$8.20,0.22,2.757%,104888258.00,United States,2017,114274,Technology,Computer Software: Prepackaged Software
SSTK,Shutterstock Inc. Common Stock,$22.15,0.71,3.312%,786617734.00,United States,2012,206843,Technology,EDP Services
SSYS,Stratasys Ltd. Ordinary Shares (Israel),$9.60,0.10,1.053%,689112096.00,United States,1994,603204,Technology,Computer peripheral equipment
ST,Sensata Technologies Holding plc Ordinary Shares,$31.26,0.24,0.774%,4553917256.00,Netherlands,2010,832947,Industrials,Industrial Machinery/Components
STAA,STAAR Surgical Company Common Stock,$27.41,0.86,3.239%,1363426932.00,United States,,888803,Health Care,Ophthalmic Goods
STAG,Stag Industrial Inc. Common Stock,$38.93,-0.07,-0.179%,7270180225.00,United States,2011,904210,Real Estate,Real Estate Investment Trusts
STAI,ScanTech AI Systems Inc. Common stock,$0.461,0.028,6.467%,29728796.00,United States,,1599255,Industrials,Electrical Products
STAK,STAK Inc. Class A Ordinary Shares,$0.5893,-0.0056,-0.941%,7784859.00,China,2025,222466,Consumer Discretionary,Oil and Gas Field Machinery
STBA,S&T Bancorp Inc. Common Stock,$38.65,0.40,1.046%,1477299625.00,United States,,195027,Finance,Major Banks
STC,Stewart Information Services Corporation Common Stock,$71.87,0.47,0.658%,2014099470.00,United States,,184667,Finance,Specialty Insurers
STE,STERIS plc (Ireland) Ordinary Shares,$264.01,0.24,0.091%,25911791846.00,United States,,1080525,Health Care,Industrial Specialties
STEC,Santech Holdings Limited American Depositary Shares,$0.87,-0.09,-9.375%,73080000.00,China,2021,12341,Finance,Investment Managers
STEL,Stellar Bancorp Inc. Common Stock,$30.23,0.12,0.399%,1547397944.00,United States,,137946,Finance,Major Banks
STEM,Stem Inc. Class A Common Stock,$18.67,0.23,1.247%,156645183.00,United States,1992,392987,Miscellaneous,Industrial Machinery/Components
STEP,StepStone Group Inc. Class A Common Stock,$62.13,0.99,1.619%,7347367241.00,United States,2020,649937,Finance,Investment Managers
STEW,SRH Total Return Fund Inc. Common Stock,$17.89,0.12,0.675%,0.00,United States,,57091,Finance,Investment Managers
STEX,Streamex Corp. Common Stock,$4.275,-0.215,-4.788%,134315349.00,United States,,695977,Health Care,Biotechnology: Electromedical & Electrotherapeutic Apparatus
STFS,Star Fashion Culture Holdings Limited Class A Ordinary Shares,$0.1729,-0.0071,-3.944%,1875965.00,China,2024,834834,Consumer Discretionary,Advertising
STG,Sunlands Technology Group American Depositary Shares representing Class A ordinary shares,$5.74,0.08,1.413%,77583264.00,,2018,4240,Real Estate,Other Consumer Services
STGW,Stagwell Inc. Class A Common Stock,$4.77,-0.05,-1.037%,1202604029.00,Canada,,2336940,Consumer Discretionary,Advertising
STHO,Star Holdings Shares of Beneficial Interest,$7.42,0.21,2.913%,98611934.00,United States,,58301,Real Estate,Real Estate
STI,Solidion Technology Inc. Common Stock,$11.69,-0.17,-1.433%,32431625.00,United States,2022,116332,Miscellaneous,Industrial Machinery/Components
STIM,Neuronetics Inc. Common Stock,$2.14,-0.14,-6.14%,146559873.00,United States,2018,2026884,Health Care,Medical/Dental Instruments
STK,Columbia Seligman Premium Technology Growth Fund Inc,$38.91,0.59,1.54%,0.00,United States,2009,84583,Finance,Investment Managers
STKE,Sol Strategies Inc. Common Shares,$3.08,0.06,1.987%,68028068.00,Canada,,124834,,
STKH,Steakholder Foods Ltd. American Depositary Shares,$2.71,0.16,6.275%,1475562.00,Israel,2021,95474,Consumer Staples,Packaged Foods
STKL,SunOpta Inc. Common Stock,$3.94,-0.03,-0.756%,465653136.00,Canada,,1861657,Industrials,Farming/Seeds/Milling
STKS,The ONE Group Hospitality Inc. Common Stock,$1.85,-0.03,-1.596%,57543845.00,United States,,30952,Consumer Discretionary,Restaurants
STLA,Stellantis N.V. Common Shares,$10.36,0.12,1.172%,29841900010.00,United Kingdom,2014,15995446,Industrials,Auto Manufacturing
STLD,Steel Dynamics Inc.,$152.43,0.49,0.322%,22260093557.00,United States,1996,1268194,Industrials,Steel/Iron Ore
STM,STMicroelectronics N.V. Common Stock,$23.73,0.20,0.85%,21313702432.00,Switzerland,,4268266,Technology,Semiconductors
STN,Stantec Inc Common Stock,$106.94,-1.15,-1.064%,12198324445.00,Canada,,211722,Consumer Discretionary,Military/Government/Technical
STNE,StoneCo Ltd. Class A Common Shares,$17.14,0.31,1.842%,4654231440.00,Brazil,2018,5762357,Technology,EDP Services
STNG,Scorpio Tankers Inc. Common Shares,$64.52,0.55,0.86%,3220615290.00,Monaco,2010,631711,Consumer Discretionary,Marine Transportation
STOK,Stoke Therapeutics Inc. Common Stock,$22.37,-0.49,-2.143%,1277710646.00,United States,2019,722997,Health Care,Biotechnology: Pharmaceutical Preparations
STRA,Strategic Education Inc. Common Stock,$78.42,2.40,3.157%,1841820584.00,United States,1996,265059,Real Estate,Other Consumer Services
STRC,Strategy Inc Variable Rate Series A Perpetual Stretch Preferred Stock,$99.96,0.78,0.786%,28723879351.00,United States,,1212528,Technology,Computer Software: Prepackaged Software
STRD,Strategy Inc 10.00% Series A Perpetual Stride Preferred Stock,$75.20,-0.31,-0.411%,21609000872.00,United States,,265310,Technology,Computer Software: Prepackaged Software
STRF,Strategy Inc 10.00% Series A Perpetual Strife Preferred Stock,$109.82,0.01,0.009%,31557187178.00,United States,,196859,Technology,Computer Software: Prepackaged Software
STRK,Strategy Inc 8.00% Series A Perpetual Strike Preferred Stock,$87.88,-0.22,-0.25%,25252646232.00,United States,,216680,Technology,Computer Software: Prepackaged Software
STRL,Sterling Infrastructure Inc. Common Stock,$384.45,6.61,1.749%,11810062950.00,United States,,478982,Industrials,Military/Government/Technical
STRO,Sutro Biopharma Inc. Common Stock,$0.8061,-0.0102,-1.25%,68627557.00,United States,2018,758919,Health Care,Biotechnology: Biological Products (No Diagnostic Substances)
STRR,Star Equity Holdings Inc. Common Stock,$10.13,0.09,0.896%,35451211.00,United States,,8235,Consumer Discretionary,Professional Services
STRRP,Star Equity Holdings Inc. 10% Series A Cumulative Perpetual Preferred Stock,$9.75,-0.06,-0.612%,34121354.00,United States,,687,,
STRS,Stratus Properties Inc. Common Stock,$18.81,0.20,1.075%,151961363.00,United States,,2523,Real Estate,Homebuilding
STRT,STRATTEC SECURITY CORPORATION Common Stock,$67.69,0.58,0.864%,283300994.00,United States,,55482,Consumer Discretionary,Auto Parts:O.E.M.
STRW,Strawberry Fields REIT Inc. Common Stock,$11.83,0.18,1.545%,155210724.00,,2023,73089,Real Estate,Real Estate Investment Trusts
STRZ,Starz Entertainment Corp. Common Shares,$10.55,0.24,2.328%,176415096.00,United States,,74060,Consumer Discretionary,Movies/Entertainment
STSS,Sharps Technology Inc. Common Stock,$4.04,0.18,4.663%,4133785.00,United States,2022,129502,Health Care,Medical/Dental Instruments
STSSW,Sharps Technology Inc. Warrant,$0.0695,0.0027,4.042%,71113.00,United States,2022,39603,Finance,Finance: Consumer Services
STT,State Street Corporation Common Stock,$119.69,1.38,1.166%,33430905465.00,United States,,1430802,Finance,Major Banks
STT^G,State Street Corporation Depositary shares each representing a 1/4000th ownership interest in a share of Fixed-to-Floating Rate Non-Cumulative,$22.84,0.11,0.484%,,United States,,27694,,
STTK,Shattuck Labs Inc. Common Stock,$1.89,-0.09,-4.545%,119598903.00,United States,2020,125000,Health Care,Biotechnology: Pharmaceutical Preparations
STUB,StubHub Holdings Inc. Class A Common Stock,$19.17,-0.27,-1.389%,7051004406.00,,2025,1088057,Consumer Discretionary,Services-Misc. Amusement & Recreation
STVN,Stevanato Group S.p.A. Ordinary Shares,$24.25,0.15,0.622%,7343931498.00,,2021,262482,Health Care,Medical/Dental Instruments
STWD,STARWOOD PROPERTY TRUST INC. Starwood Property Trust Inc.,$17.89,-0.53,-2.877%,6568111522.00,United States,2009,5252367,Real Estate,Real Estate Investment Trusts
STX,Seagate Technology Holdings PLC Ordinary Shares (Ireland),$293.99,14.64,5.241%,62783949641.00,Ireland,2002,3969032,Technology,Electronic Components
STXS,Stereotaxis Inc. Common Stock,$2.79,0.07,2.574%,252924016.00,United States,,1138352,Health Care,Biotechnology: Electromedical & Electrotherapeutic Apparatus
STZ,Constellation Brands Inc. Common Stock,$128.47,0.82,0.642%,22483963276.00,United States,,2267883,Consumer Staples,Beverages (Production/Distribution)
SU,Suncor Energy  Inc. Common Stock,$43.12,0.50,1.173%,51798619543.00,Canada,,6242296,Energy,Integrated oil Companies
SUGP,SU Group Holdings Limited Ordinary Shares,$7.01,1.58,29.098%,9707098.00,Hong Kong,2024,86944,Consumer Discretionary,Diversified Commercial Services
SUI,Sun Communities Inc. Common Stock,$125.87,-0.75,-0.592%,15566140123.00,United States,1993,396240,Real Estate,Real Estate Investment Trusts
SUIG,Sui Group Holdings Limited Common Stock,$2.43,-0.31,-11.314%,199528875.00,United States,,1560556,Finance,Finance Companies
SUN,Sunoco LP Common Units representing limited partner interests,$51.28,0.48,0.945%,7846626789.00,United States,2012,1386061,Energy,Integrated oil Companies
SUNC,SunocoCorp LLC Common Units representing limited liability company interests,$49.45,0.21,0.426%,10114553538.00,,2025,3537629,,
SUNE,SUNation Energy Inc. Common Stock,$1.49,0.22,17.323%,5075855.00,United States,,305501,Utilities,Telecommunications Equipment
SUNS,Sunrise Realty Trust Inc. Common Stock,$9.29,0.01,0.108%,124680960.00,United States,,67811,Real Estate,Real Estate Investment Trusts
SUPN,Supernus Pharmaceuticals Inc. Common Stock,$45.40,-0.62,-1.347%,2603206490.00,United States,2012,1094154,Health Care,Biotechnology: Pharmaceutical Preparations
SUPV,Grupo Supervielle S.A. American Depositary Shares each Representing five Class B shares,$11.64,-0.17,-1.439%,1063249561.00,,2016,1416671,Finance,Commercial Banks
SUPX,SuperX AI Technology Limited Ordinary Shares,$52.81,5.46,11.531%,1663843901.00,Hong Kong,2024,129999,,
SURG,SurgePays Inc. Common Stock,$2.70,0.29,12.033%,55165182.00,United States,,85588,Consumer Discretionary,Advertising
SUUN,PowerBank Corporation Common Stock,$1.62,0.05,3.185%,57402994.00,Canada,,106534,Utilities,Power Generation
SUZ,Suzano S.A. American Depositary Shares (each representing One Ordinary Share),$8.75,-0.16,-1.796%,11061029131.00,Brazil,2018,5498334,Basic Materials,Paper
SVAC,Spring Valley Acquisition Corp. III Class A Ordinary Shares,$10.40,-0.02,-0.192%,0.00,United States,2025,136,Finance,Blank Checks
SVACU,Spring Valley Acquisition Corp. III Unit,$10.41,0.00,0.00%,0.00,United States,2025,14,Finance,Blank Checks
SVACW,Spring Valley Acquisition Corp. III Warrant,$0.90,0.0901,11.125%,0.00,United States,2025,200,Finance,Blank Checks
SVC,Service Properties Trust Common Stock,$1.91,-0.09,-4.50%,321044648.00,United States,,1888407,Real Estate,Real Estate Investment Trusts
SVCC,Stellar V Capital Corp. Class A Ordinary Shares,$10.335,0.00,0.00%,0.00,United States,2025,50,,
SVCCU,Stellar V Capital Corp. Unit,$10.65,0.00,0.00%,0.00,United States,2025,1,Finance,Blank Checks
SVCCW,Stellar V Capital Corp. Warrant,$0.35,-0.0296,-7.798%,0.00,United States,2025,13413,Finance,Blank Checks
SVCO,Silvaco Group Inc. Common Stock,$5.04,0.08,1.613%,153125819.00,United States,2024,78920,Technology,Computer Software: Prepackaged Software
SVM,Silvercorp Metals Inc. Common Shares,$6.80,0.51,8.108%,1498116731.00,Canada,,5776021,Basic Materials,Precious Metals
SVRA,Savara Inc. Common Stock,$4.00,0.05,1.266%,691347688.00,United States,,874211,Health Care,Biotechnology: Pharmaceutical Preparations
SVRE,SaverOne 2014 Ltd. American Depositary Shares,$1.05,-0.033,-3.047%,368441.00,Israel,2022,48055,Technology,EDP Services
SVREW,SaverOne 2014 Ltd. Warrant,$0.0197,-0.0163,-45.278%,24885592.00,Israel,2022,56011,Technology,EDP Services
SVV,Savers Value Village Inc. Common Stock,$8.20,-0.02,-0.243%,1281065098.00,United States,2023,1185832,Consumer Discretionary,Other Specialty Stores
SW,Smurfit WestRock plc Ordinary Shares,$35.50,-0.31,-0.866%,18537091090.00,Ireland,2024,4847534,Consumer Discretionary,Containers/Packaging
SWAG,Stran & Company Inc. Common Stock,$3.06,0.96,45.714%,56779420.00,United States,2021,6840031,Consumer Discretionary,Advertising
SWAGW,Stran & Company Inc. Warrant,$0.35,0.1498,74.825%,6494378.00,United States,2021,583644,Consumer Discretionary,Advertising
SWBI,Smith & Wesson Brands Inc. Common Stock,$8.61,-0.02,-0.232%,381782734.00,United States,,431682,Industrials,Ordnance And Accessories
SWIM,Latham Group Inc. Common Stock,$6.73,-0.10,-1.464%,785093366.00,United States,2021,364531,Industrials,Plastic Products
SWK,Stanley Black & Decker Inc. Common Stock,$67.94,-0.33,-0.483%,10522884454.00,United States,,1430007,Consumer Discretionary,Industrial Machinery/Components
SWKH,SWK Holdings Corporation Common Stock,$16.64,0.18,1.094%,201275876.00,United States,,3510,Finance,Diversified Financial Services
SWKHL,SWK Holdings Corporation 9.00% Senior Notes due 2027,$25.5799,0.0549,0.215%,310729047.00,United States,,1435,,
SWKS,Skyworks Solutions Inc. Common Stock,$69.10,-0.48,-0.69%,10256344949.00,United States,,3296128,Technology,Semiconductors
SWVL,Swvl Holdings Corp Class A Common Shares,$3.0472,0.1172,4.00%,30162758.00,United Arab Emirates,,2557,Real Estate,Real Estate
SWVLW,Swvl Holdings Corp Warrant,$0.0135,0.0035,35.00%,133630.00,United Arab Emirates,,34122,Real Estate,Real Estate
SWX,Southwest Gas Holdings Inc. Common Stock (DE),$79.22,-0.62,-0.777%,5718324585.00,United States,,269672,Utilities,Oil & Gas Production
SWZ,Total Return Securities Fund Common Stock,$6.045,0.045,0.75%,0.00,United States,,12401,Finance,Finance Companies
SXC,SunCoke Energy Inc. Common Stock,$6.88,0.11,1.625%,582498702.00,United States,2011,1715382,Industrials,Steel/Iron Ore
SXI,Standex International Corporation Common Stock,$237.96,0.79,0.333%,2883361082.00,United States,,149073,Industrials,Industrial Machinery/Components
SXT,Sensient Technologies Corporation Common Stock,$92.88,-0.29,-0.311%,3945723516.00,United States,,309252,Industrials,Major Chemicals
SXTC,China SXT Pharmaceuticals Inc. Ordinary Shares,$1.42,0.0496,3.619%,164759416.00,China,2019,220317,Health Care,Biotechnology: Pharmaceutical Preparations
SXTP,60 Degrees Pharmaceuticals Inc. Common Stock,$1.28,0.05,4.065%,5253720.00,United States,2023,18969,Health Care,Biotechnology: Pharmaceutical Preparations
SXTPW,60 Degrees Pharmaceuticals Inc. Warrant,$0.0535,-0.0115,-17.692%,219589.00,United States,2023,100,Health Care,Biotechnology: Pharmaceutical Preparations
SY,So-Young International Inc. American Depository Shares,$4.26,-0.21,-4.698%,428968994.00,China,2019,2529246,Technology,EDP Services
SYBT,Stock Yards Bancorp Inc. Common Stock,$67.37,0.43,0.642%,1985626865.00,United States,,144026,Finance,Major Banks
SYBX,Synlogic Inc. Common Stock,$1.62,0.03,1.887%,18952249.00,United States,2015,109791,Health Care,Biotechnology: Pharmaceutical Preparations
SYF,Synchrony Financial Common Stock,$74.70,1.51,2.063%,27792698836.00,United States,2014,3134972,Finance,Finance: Consumer Services
SYF^A,Synchrony Financial Depositary Shares each Representing a 1/40th Interest in a Share of 5.625% Fixed Rate Non-Cumulative Perpetual Preferred Stock Series A,$20.21,0.21,1.05%,,United States,,45103,,
SYF^B,Synchrony Financial Depositary Shares Each Representing a 1/40th Interest in a Share of 8.250% Fixed Rate Reset Non-Cumulative Perpetual Preferred Stock Series B,$26.27,0.12,0.459%,,United States,,33256,,
SYK,Stryker Corporation Common Stock,$355.02,-1.01,-0.284%,135768043513.00,United States,,1868816,Health Care,Medical/Dental Instruments
SYM,Symbotic Inc. Class A Common Stock,$70.72,0.92,1.318%,41759686530.00,United States,2021,1234896,Industrials,Industrial Machinery/Components
SYNA,Synaptics Incorporated Common Stock $0.001 Par Value,$68.22,2.14,3.238%,2659902780.00,United States,2002,563525,Technology,Semiconductors
SYNX,Silynxcom Ltd. Ordinary Shares,$1.45,-0.05,-3.333%,7666124.00,,2024,17564,Consumer Staples,Consumer Electronics/Appliances
SYPR,Sypris Solutions Inc. Common Stock,$2.14,0.09,4.39%,49284136.00,United States,,10353,Industrials,Industrial Machinery/Components
SYRE,Spyre Therapeutics Inc. Common Stock,$22.18,-0.34,-1.51%,1720993443.00,United States,2016,416578,Health Care,Biotechnology: Pharmaceutical Preparations
SYY,Sysco Corporation Common Stock,$74.58,-0.60,-0.798%,35713457556.00,United States,,2748834,Consumer Discretionary,Food Distributors
SZZL,Sizzle Acquisition Corp. II Class A ordinary shares,$10.16,-0.01,-0.098%,0.00,United States,2025,11071,Finance,Blank Checks
SZZLR,Sizzle Acquisition Corp. II Right,$0.24,0.00,0.00%,0.00,United States,2025,119,Finance,Blank Checks
SZZLU,Sizzle Acquisition Corp. II Unit,$10.32,0.00,0.00%,0.00,United States,2025,153,Finance,Blank Checks
T,AT&T Inc.,$24.83,0.00,0.00%,176031030961.00,United States,,52669253,Telecommunications,Telecommunications Equipment
T^A,AT&T Inc. Depositary Shares each representing a 1/1000th interest in a share of 5.000% Perpetual Preferred Stock Series A,$20.47,0.10,0.491%,,United States,,71283,,
T^C,AT&T Inc. Depositary Shares each representing a 1/1000th interest in a share of 4.750% Perpetual Preferred Stock Series C,$19.43,0.01,0.051%,,United States,,98428,,
TAC,TransAlta Corporation Ordinary Shares,$15.77,0.26,1.676%,4674228000.00,Canada,,2227939,Utilities,Electric Utilities: Central
TACH,Titan Acquisition Corp. Class A Ordinary Shares,$10.28,0.00,0.00%,0.00,United States,2025,232,,
TACHU,Titan Acquisition Corp. Units,$10.70,0.00,0.00%,0.00,United States,2025,1,Finance,Blank Checks
TACHW,Titan Acquisition Corp. Warrants,$0.4096,0.00,0.00%,0.00,United States,2025,80,,
TACO,Berto Acquisition Corp. Ordinary Shares,$10.19,0.01,0.098%,371346344.00,United States,2025,29433,Finance,Blank Checks
TACOU,Berto Acquisition Corp. Unit,$10.37,-0.02,-0.192%,0.00,United States,2025,11002,Finance,Blank Checks
TACOW,Berto Acquisition Corp. Warrant,$0.41,-0.011,-2.613%,0.00,United States,2025,22489,Finance,Blank Checks
TACT,TransAct Technologies Incorporated Common Stock,$4.32,0.015,0.348%,43598848.00,United States,1996,56453,Technology,Computer peripheral equipment
TAIT,Taitron Components Incorporated Class A Common Stock,$2.16,0.03,1.408%,13005749.00,United States,1995,17715,Technology,Electronic Components
TAK,Takeda Pharmaceutical Company Limited American Depositary Shares (each representing 1/2 of a share of Common Stock),$13.71,0.05,0.366%,43149473293.00,Japan,2018,3996755,Health Care,Biotechnology: Pharmaceutical Preparations
TAL,TAL Education Group American Depositary Shares,$11.84,0.10,0.852%,7222656798.00,China,,3569614,Real Estate,Other Consumer Services
TALK,Talkspace Inc. Common Stock,$3.38,-0.03,-0.88%,559917699.00,United States,2020,1094905,Health Care,Medical/Nursing Services
TALKW,Talkspace Inc. Warrant,$0.0694,0.0024,3.582%,11496535.00,United States,2020,9830,Health Care,Medical/Nursing Services
TALO,Talos Energy Inc. Common Stock,$10.32,-0.06,-0.578%,1754284127.00,United States,2018,1650358,Energy,Oil & Gas Production
TANH,Tantech Holdings Ltd. Common Shares,$1.13,-0.02,-1.739%,1534923.00,China,2015,38445,Industrials,Major Chemicals
TAOP,Taoping Inc. Ordinary Shares ,$2.34,0.06,2.632%,2082600.00,Hong Kong,,16577,Technology,Computer Software: Prepackaged Software
TAOX,Tao Synergies Inc. Common Stock,$7.86,-0.46,-5.529%,27408975.00,United States,,252046,Health Care,Biotechnology: Pharmaceutical Preparations
TAP,Molson Coors Beverage Company Class B Common Stock,$46.84,0.51,1.101%,8799404978.00,Canada,,2972532,Consumer Staples,Beverages (Production/Distribution)
TARA,Protara Therapeutics Inc.  Common Stock,$4.53,0.24,5.594%,174775839.00,United States,2014,463927,Health Care,Biotechnology: Biological Products (No Diagnostic Substances)
TARS,Tarsus Pharmaceuticals Inc. Common Stock,$72.79,4.54,6.652%,3089870353.00,United States,2020,487455,Health Care,Biotechnology: Biological Products (No Diagnostic Substances)
TASK,TaskUs Inc. Class A Common Stock,$12.21,-0.84,-6.437%,1097385728.00,United States,2021,670483,Technology,EDP Services
TATT,TAT Technologies Ltd. Ordinary Shares,$39.99,1.07,2.749%,437504916.00,Israel,,83361,Industrials,Aerospace
TAVI,Tavia Acquisition Corp. Ordinary Shares,$10.4204,0.00,0.00%,0.00,United States,2024,9,Finance,Blank Checks
TAVIR,Tavia Acquisition Corp. Right,$0.24,0.00,0.00%,0.00,United States,2024,5,Finance,Blank Checks
TAYD,Taylor Devices Inc. Common Stock,$48.60,2.10,4.516%,152968354.00,United States,,3531,Industrials,Industrial Machinery/Components
TBB,AT&T Inc. 5.350% Global Notes due 2066,$22.83,0.09,0.396%,163243300508.00,United States,2017,61895,Telecommunications,Telecommunications Equipment
TBBB,BBB Foods Inc. Class A Common Shares,$27.70,-0.34,-1.213%,3179040499.00,Mexico,2024,416995,Consumer Staples,Food Chains
TBBK,The Bancorp Inc Common Stock,$62.44,0.20,0.321%,2876322639.00,United States,2004,453535,Finance,Major Banks
TBCH,Turtle Beach Corporation Common Stock,$15.48,1.05,7.277%,298934497.00,United States,,588671,Telecommunications,Telecommunications Equipment
TBH,Brag House Holdings Inc. Common Stock,$0.95,-0.08,-7.767%,10281459.00,United States,2025,844213,Consumer Discretionary,Services-Misc. Amusement & Recreation
TBHC,The Brand House Collective Inc. Common Stock,$1.41,-0.04,-2.759%,31670550.00,United States,2002,148030,Consumer Discretionary,Other Specialty Stores
TBI,TrueBlue Inc. Common Stock,$4.87,-0.04,-0.815%,145805209.00,United States,,184864,Consumer Discretionary,Professional Services
TBLA,Taboola.com Ltd. Ordinary Shares,$3.80,0.01,0.264%,1095248791.00,Israel,,5616000,Technology,Computer Software: Programming Data Processing
TBLAW,Taboola.com Ltd. Warrant,$0.101,-0.0179,-15.055%,29110560.00,Israel,,12435,Technology,Computer Software: Programming Data Processing
TBLD,Thornburg Income Builder Opportunities Trust Common Stock,$20.35,0.15,0.743%,652866319.00,United States,2021,25066,Finance,Investment Managers
TBMC,Trailblazer Merger Corporation I Class A Common Stock,$11.75,-0.05,-0.424%,0.00,United States,2023,2378,Finance,Blank Checks
TBMCR,Trailblazer Merger Corporation I Rights,$0.285,0.00,0.00%,0.00,United States,2023,200,Finance,Blank Checks
TBN,Tamboran Resources Corporation Common stock,$24.52,-0.61,-2.427%,436964986.00,,2024,21852,Energy,Oil & Gas Production
TBPH,Theravance Biopharma Inc. Ordinary Shares,$15.08,0.33,2.237%,759448344.00,Cayman Islands,,339320,Health Care,Biotechnology: Pharmaceutical Preparations
TBRG,TruBridge Inc. Common Stock,$19.06,-0.36,-1.854%,286121897.00,United States,2002,108236,Technology,EDP Services
TC,Token Cat Limited American Depositary Shares,$18.50,0.3061,1.682%,31296691.00,China,2018,10978,Real Estate,Real Estate
TCBI,Texas Capital Bancshares Inc. Common Stock,$86.90,0.16,0.184%,3966427537.00,United States,2003,427553,Finance,Major Banks
TCBIO,Texas Capital Bancshares Inc. Depositary Shares 5.75% Fixed Rate Non-Cumulative Perpetual Preferred Stock Series B,$21.37,0.27,1.28%,975403411.00,United States,,25747,Finance,Major Banks
TCBK,TriCo Bancshares Common Stock,$45.17,0.27,0.601%,1470688946.00,United States,,64489,Finance,Major Banks
TCBS,Texas Community Bancshares Inc. Common Stock,$15.91,0.00,0.00%,47200881.00,United States,2021,1355,Finance,Banks
TCBX,Third Coast Bancshares Inc. Common Stock,$37.40,0.70,1.907%,519638517.00,United States,,50894,Finance,Banks
TCGL,TechCreate Group Ltd. Class A Ordinary Shares,$5.32,-0.03,-0.561%,106666000.00,,2025,244386,Technology,EDP Services
TCI,Transcontinental Realty Investors Inc. Common Stock,$45.43,-1.09,-2.343%,392484126.00,United States,,857,Real Estate,Real Estate Investment Trusts
TCMD,Tactile Systems Technology Inc. Common Stock,$24.89,0.03,0.121%,555932636.00,United States,2016,619764,Health Care,Medical/Dental Instruments
TCOM,Trip.com Group Limited American Depositary Shares,$73.61,3.34,4.753%,48087257478.00,China,2003,2591981,Real Estate,Real Estate
TCPA,TransCanada PipeLines Limited 6.250% Junior Subordinated Notes due 2085,$24.65,-0.01,-0.041%,0.00,,2025,62915,,
TCPC,BlackRock TCP Capital Corp. Common Stock,$5.67,-0.03,-0.526%,481048680.00,United States,2012,635439,Finance,Finance/Investors Services
TCRT,Alaunos Therapeutics Inc. Common Stock,$2.53,0.07,2.846%,5553201.00,United States,,25367,Health Care,Biotechnology: Pharmaceutical Preparations
TCRX,TScan Therapeutics Inc. Common Stock,$1.09,0.00,0.00%,61855312.00,United States,2021,1415376,Health Care,Biotechnology: Biological Products (No Diagnostic Substances)
TCX,Tucows Inc. Class A Common Stock,$21.01,1.06,5.313%,233293338.00,Canada,,17557,Technology,EDP Services
TD,Toronto Dominion Bank (The) Common Stock,$81.14,0.24,0.297%,138522532560.00,Canada,,1537737,Finance,Commercial Banks
TDAC,Translational Development Acquisition Corp. Ordinary Shares,$10.45,0.00,0.00%,0.00,United States,2025,545,,
TDACU,Translational Development Acquisition Corp. Units,$10.44,0.00,0.00%,0.00,United States,2024,16,,
TDACW,Translational Development Acquisition Corp. Warrants,$0.35,0.00,0.00%,0.00,United States,2025,51,,
TDC,Teradata Corporation Common Stock,$27.92,0.32,1.159%,2602144000.00,United States,,2195577,Technology,Computer Software: Prepackaged Software
TDF,Templeton Dragon Fund Inc. Common Stock,$11.65,0.12,1.041%,0.00,United States,,155678,Finance,Finance/Investors Services
TDG,Transdigm Group Incorporated Common Stock,$1288.91,4.15,0.323%,72630445839.00,United States,2006,294997,Industrials,Military/Government/Technical
TDIC,Dreamland Limited Class A Ordinary Shares,$0.4851,-0.0049,-1.00%,15038100.00,Hong Kong,2025,145117,Consumer Discretionary,Other Consumer Services
TDOC,Teladoc Health Inc. Common Stock,$7.50,-0.03,-0.398%,1331050538.00,United States,2015,5251443,Health Care,Medical/Nursing Services
TDS,Telephone and Data Systems Inc. Common Shares,$38.72,1.03,2.733%,4452800000.00,United States,,733115,Telecommunications,Telecommunications Equipment
TDS^U,Telephone and Data Systems Inc. Depositary Shares Each Representing a 1/1000th Interest in a 6.625% Series UU Cumulative Redeemable Perpetual Preferred Stock,$20.99,0.36,1.745%,,United States,,33610,,
TDS^V,Telephone and Data Systems Inc. Depositary Shares Each Representing a 1/1000th Interest in a 6.000% Series VV Cumulative Redeemable Perpetual Preferred Stock,$19.20,0.34,1.803%,,United States,,59422,,
TDTH,Trident Digital Tech Holdings Ltd American Depository Shares,$0.70,0.1082,18.283%,53844375.00,Singapore,2024,191987,Real Estate,Real Estate
TDUP,ThredUp Inc. Class A Common Stock,$7.74,-0.17,-2.149%,968598252.00,United States,2021,2236510,Consumer Discretionary,Catalog/Specialty Distribution
TDW,Tidewater Inc. Common Stock,$54.68,1.78,3.365%,2706241589.00,United States,2017,1364974,Consumer Discretionary,Marine Transportation
TDWDU,Tailwind 2.0 Acquisition Corp. Unit,$10.04,0.00,0.00%,0.00,United States,2025,402662,,
TDY,Teledyne Technologies Incorporated Common Stock,$520.15,6.98,1.36%,24421555888.00,United States,,332944,Industrials,Industrial Machinery/Components
TE,T1 Energy Inc. Common Stock,$4.50,0.69,18.11%,701721414.00,Luxembourg,2021,14780628,Miscellaneous,Industrial Machinery/Components
TEAD,Teads Holding Co. Common Stock,$0.9762,0.2495,34.333%,93198619.00,United States,2021,25519800,Technology,Computer Software: Programming Data Processing
TEAM,Atlassian Corporation Class A Common Stock,$159.13,1.30,0.824%,41868869025.00,Australia,2015,2392633,Technology,Computer Software: Prepackaged Software
TECH,Bio-Techne Corp Common Stock,$57.46,0.05,0.087%,8952997799.00,United States,,1840123,Health Care,Biotechnology: Biological Products (No Diagnostic Substances)
TECK,Teck Resources Ltd Ordinary Shares,$42.34,1.25,3.042%,20700026000.00,Canada,,3128043,Industrials,Mining & Quarrying of Nonmetallic Minerals (No Fuels)
TECTP,Tectonic Financial Inc. 9.00% Fixed-to-Floating Rate Series B Non-Cumulative Perpetual Preferred Stock,$11.46,0.226,2.012%,77659847.00,United States,2019,905,Finance,Major Banks
TECX,Tectonic Therapeutic Inc. Common Stock,$18.88,-0.44,-2.277%,353363366.00,United States,2018,299307,Health Care,Biotechnology: Biological Products (No Diagnostic Substances)
TEF,Telefonica SA Common Stock,$4.08,-0.08,-1.923%,23134259140.00,Spain,1988,2326521,Telecommunications,Telecommunications Equipment
TEI,Templeton Emerging Markets Income Fund Inc. Common Stock,$6.39,0.11,1.752%,0.00,United States,1993,217373,Finance,Finance Companies
TEL,TE Connectivity plc Ordinary Shares,$247.76,5.34,2.203%,73208494210.00,Ireland,,1681235,Technology,Electronic Components
TELA,TELA Bio Inc. Common Stock,$1.19,0.02,1.709%,47143564.00,United States,2019,93462,Health Care,Medical/Dental Instruments
TELO,Telomir Pharmaceuticals Inc. Common Stock,$1.37,0.06,4.58%,44224929.00,United States,2024,208772,Health Care,Biotechnology: Pharmaceutical Preparations
TEM,Tempus AI Inc. Class A Common Stock,$71.78,0.22,0.307%,12770183051.00,United States,2024,6105728,Technology,Computer Software: Programming Data Processing
TEN,Tsakos Energy Navigation Ltd Common Shares,$24.99,0.34,1.379%,752888799.00,Greece,,273207,Consumer Discretionary,Marine Transportation
TEN^E,Tsakos Energy Navigation Ltd Series E Fixed-to-Floating Rate Cumulative Redeemable Perpetual Preferred Shares par value $1.00,$26.98,-0.09,-0.332%,,Greece,,9521,,
TEN^F,Tsakos Energy Navigation Ltd Series F Fixed-to-Floating Rate Cumulative Redeemable Perpetual Preferred Shares par value $1.00,$26.675,-0.155,-0.578%,,Greece,,40725,,
TENB,Tenable Holdings Inc. Common Stock,$28.06,0.39,1.409%,3348800104.00,United States,2018,1359505,Technology,Computer Software: Prepackaged Software
TENX,Tenax Therapeutics Inc. Common Stock,$6.99,-0.04,-0.569%,31891875.00,United States,,16108,Health Care,Biotechnology: Pharmaceutical Preparations
TEO,Telecom Argentina SA,$12.74,0.85,7.149%,5487597049.00,Argentina,,375491,Telecommunications,Telecommunications Equipment
TER,Teradyne Inc. Common Stock,$184.08,1.80,0.987%,28828456416.00,United States,,2954377,Industrials,Electrical Products
TERN,Terns Pharmaceuticals Inc. Common Stock,$19.12,0.65,3.519%,1673211238.00,United States,2021,3375510,Health Care,Biotechnology: Pharmaceutical Preparations
TEVA,Teva Pharmaceutical Industries Limited American Depositary Shares,$24.26,0.29,1.21%,27833073741.00,Israel,,11579946,Health Care,Biotechnology: Pharmaceutical Preparations
TEX,Terex Corporation Common Stock,$45.56,-0.44,-0.957%,2988736000.00,United States,,1203609,Industrials,Construction/Ag Equipment/Trucks
TFC,Truist Financial Corporation Common Stock,$45.12,0.38,0.849%,57719593552.00,United States,,6576829,Finance,Major Banks
TFC^I,Truist Financial Corporation Depositary Shares,$21.96,0.03,0.137%,,United States,,14308,,
TFC^O,Truist Financial Corporation Depositary Shares Each Representing a 1/1000th Interest in a Share of Series O Non-Cumulative Perpetual Preferred Stock,$22.58,0.29,1.301%,,United States,,33953,,
TFC^R,Truist Financial Corporation Depositary Shares each representing 1/1000th interest in a share of Series R Non-Cumulative Perpetual Preferred Stock,$19.87,0.19,0.965%,,United States,,48052,,
TFII,TFI International Inc. Common Shares,$85.18,-2.16,-2.473%,7009275400.00,Canada,,140710,Industrials,Trucking Freight/Courier Services
TFIN,Triumph Financial Inc. Common Stock,$53.56,-0.30,-0.557%,1272767758.00,United States,,194387,Finance,Major Banks
TFIN^,Triumph Financial Inc. Depositary Shares Each Representing a 1/40th Interest in a Share of 7.125% Series C Fixed-Rate Non-Cumulative Perpetual Preferred Stock,$21.90,0.1953,0.90%,,United States,,1237,,
TFPM,Triple Flag Precious Metals Corp. Common Shares,$29.74,1.22,4.278%,6143139188.00,Canada,2022,704048,Industrials,Precious Metals
TFSA,Terra Income Fund 6 LLC 7.00% Notes due 2026,$24.88,0.00,0.00%,209959558.00,,2021,22,,
TFSL,TFS Financial Corporation Common Stock,$13.83,0.04,0.29%,3881915372.00,United States,2007,370417,Finance,Savings Institutions
TFX,Teleflex Incorporated Common Stock,$107.97,-1.43,-1.307%,4771670232.00,United States,,588366,Health Care,Medical/Dental Instruments
TG,Tredegar Corporation Common Stock,$8.18,1.31,19.068%,285421484.00,United States,,318552,Industrials,Metal Fabrications
TGB,Taseko Mines Ltd. Common Stock,$4.61,0.21,4.773%,1460282561.00,Canada,,5305237,Basic Materials,Precious Metals
TGE,The Generation Essentials Group Class A Ordinary Shares,$1.39,0.19,15.833%,59015152.00,,2025,924411,Consumer Discretionary,Newspapers/Magazines
TGEN,Tecogen Inc. Common Stock,$8.16,-0.15,-1.805%,242276912.00,United States,2025,393766,Industrials,Industrial Machinery/Components
TGHL,The GrowHub Limited Class A Ordinary Shares,$0.61,0.028,4.811%,15432884.00,Singapore,2025,36399,Technology,EDP Services
TGL,Treasure Global Inc. Common Stock,$0.8377,0.0291,3.599%,7112230.00,United States,2022,344406,Real Estate,Real Estate
TGLS,Tecnoglass Inc. Ordinary Shares,$46.89,-2.84,-5.711%,2203227370.00,Colombia,2022,565075,Consumer Discretionary,Electronic Components
TGNA,TEGNA Inc,$19.93,-0.02,-0.10%,3206284928.00,United States,,1063047,Industrials,Broadcasting
TGS,Transportadora de Gas del Sur SA TGS Common Stock,$29.54,0.91,3.178%,4447312342.00,Argentina,,367663,Utilities,Natural Gas Distribution
TGT,Target Corporation Common Stock,$90.73,-0.51,-0.559%,41227634698.00,United States,,6293325,Consumer Discretionary,Department/Specialty Retail Stores
TGTX,TG Therapeutics Inc. Common Stock,$30.30,-1.94,-6.017%,4810411365.00,United States,,4125281,Health Care,Biotechnology: Pharmaceutical Preparations
TH,Target Hospitality Corp. Common Stock,$6.67,0.26,4.056%,665529478.00,United States,2018,586036,Consumer Discretionary,Hotels/Resorts
THAR,Tharimmune Inc. Common Stock,$3.67,-0.52,-12.411%,17011371.00,United States,2022,784097,Health Care,Biotechnology: Pharmaceutical Preparations
THC,Tenet Healthcare Corporation Common Stock,$194.68,-10.58,-5.154%,17109451800.00,United States,,1138710,Health Care,Hospital/Nursing Management
THCH,TH International Limited Ordinary shares,$2.61,-0.06,-2.247%,86765749.00,China,,849,Consumer Discretionary,Restaurants
THFF,First Financial Corporation Common Stock,$56.94,0.82,1.461%,674775726.00,United States,,78012,Finance,Major Banks
THG,Hanover Insurance Group Inc,$181.50,1.94,1.08%,6458489466.00,United States,,142357,Finance,Property-Casualty Insurers
THH,TryHard Holdings Limited Ordinary Shares,$8.72,0.57,6.994%,436403300.00,Japan,2025,32981,Consumer Discretionary,Services-Misc. Amusement & Recreation
THM,International Tower Hill Mines Ltd. Ordinary Shares (Canada),$1.82,0.15,8.982%,378351561.00,Canada,,483728,Basic Materials,Metal Mining
THO,Thor Industries Inc. Common Stock,$102.01,-1.83,-1.762%,5369113752.00,United States,,462194,Industrials,Homebuilding
THQ,abrdn Healthcare Opportunities Fund Shares of Beneficial Interest,$17.59,0.19,1.092%,0.00,United States,2014,182016,Finance,Finance Companies
THR,Thermon Group Holdings Inc. Common Stock,$35.20,0.99,2.894%,1155970640.00,United States,2011,615993,Energy,Industrial Machinery/Components
THRM,Gentherm Inc Common Stock,$36.75,0.59,1.632%,1121799189.00,United States,,138519,Consumer Discretionary,Auto Parts:O.E.M.
THRY,Thryv Holdings Inc. Common Stock,$6.31,0.05,0.799%,274970182.00,United States,,1439768,Consumer Discretionary,Advertising
THS,Treehouse Foods Inc. Common Stock,$23.37,4.32,22.677%,1180185000.00,United States,,8913792,Consumer Staples,Packaged Foods
THW,abrdn World Healthcare Fund Shares of Beneficial Interest,$12.20,0.14,1.161%,0.00,United States,2015,160062,Finance,Finance Companies
TIC,TIC Solutions Inc. Common Stock,$11.22,0.11,0.99%,2250617085.00,United States,2025,2079757,Real Estate,Real Estate
TIGO,Millicom International Cellular S.A. Common Stock,$48.82,1.34,2.822%,8401741610.00,Luxembourg,,668613,Telecommunications,Telecommunications Equipment
TIGR,UP Fintech Holding Ltd American Depositary Share representing fifteen Class A Ordinary Shares,$10.62,0.36,3.509%,1984834437.00,China,2019,2675335,Finance,Investment Bankers/Brokers/Service
TIL,Instil Bio Inc. Common Stock,$14.81,-0.28,-1.856%,99978104.00,United States,2021,50997,Health Care,Biotechnology: Biological Products (No Diagnostic Substances)
TILE,Interface Inc. Common Stock,$26.15,0.39,1.514%,1526914635.00,United States,,443916,Consumer Discretionary,Home Furnishings
TIMB,TIM S.A. American Depositary Shares (Each representing 5 Common Shares) ,$23.05,0.15,0.655%,11159908284.00,Brazil,2020,423966,Telecommunications,Telecommunications Equipment
TIPT,Tiptree Inc. Common Stock,$19.10,0.71,3.861%,716253190.00,United States,,328364,Finance,Property-Casualty Insurers
TIRX,TIAN RUIXIANG Holdings Ltd Class A Ordinary Shares,$0.8594,0.0069,0.809%,20936214.00,China,2021,14822,Finance,Specialty Insurers
TISI,Team Inc. Common Stock,$16.45,0.6104,3.854%,74006148.00,United States,,2797,Consumer Discretionary,Other Consumer Services
TITN,Titan Machinery Inc. Common Stock,$16.14,0.33,2.087%,377239849.00,United States,2007,135834,Consumer Discretionary,Other Specialty Stores
TIVC,Tivic Health Systems Inc. Common Stock,$2.26,0.0299,1.341%,2447646.00,United States,2021,47750,Health Care,Biotechnology: Electromedical & Electrotherapeutic Apparatus
TJX,TJX Companies Inc. (The) Common Stock,$146.72,2.11,1.459%,163290373400.00,United States,,4056343,Consumer Discretionary,Clothing/Shoe/Accessory Stores
TK,Teekay Corporation Ltd. Common Stock,$9.86,0.13,1.336%,823699845.00,Bermuda,,462694,Consumer Discretionary,Marine Transportation
TKC,Turkcell Iletisim Hizmetleri AS Common Stock,$5.79,-0.02,-0.344%,5095200000.00,Turkey,,1058823,Telecommunications,Telecommunications Equipment
TKLF,Tokyo Lifestyle Co. Ltd. American Depositary Shares,$3.04,-0.05,-1.618%,12867654.00,Japan,2022,18988,Consumer Discretionary,Other Specialty Stores
TKNO,Alpha Teknova Inc. Common Stock,$4.61,-0.10,-2.123%,246704920.00,United States,2021,217064,Health Care,Biotechnology: In Vitro & In Vivo Diagnostic Substances
TKO,TKO Group Holdings Inc. Class A Common Stock,$179.17,-3.39,-1.857%,34952658649.00,United States,2023,1378930,Consumer Discretionary,Services-Misc. Amusement & Recreation
TKR,Timken Company (The) Common Stock,$78.90,-0.09,-0.114%,5495825893.00,United States,,501505,Industrials,Metal Fabrications
TLF,Tandy Leather Factory Inc. Common Stock,$2.955,0.005,0.169%,23839468.00,United States,,5876,Consumer Discretionary,Apparel
TLIH,Ten-League International Holdings Limited Ordinary Shares,$0.4103,0.0054,1.334%,12064602.00,Singapore,2025,119485,,
TLK,PT Telekomunikasi Indonesia Tbk,$20.71,0.03,0.145%,20515785058.00,Indonesia,,294522,Telecommunications,Telecommunications Equipment
TLN,Talen Energy Corporation Common Stock,$393.63,7.06,1.826%,17984099736.00,United States,,760142,Utilities,Electric Utilities: Central
TLNC,Talon Capital Corp. Class A Ordinary Shares,$10.09,-0.0004,-0.004%,0.00,United States,2025,142,,
TLNCU,Talon Capital Corp. Units,$10.35,-0.0013,-0.013%,0.00,United States,2025,640,Finance,Blank Checks
TLNCW,Talon Capital Corp. Warrants,$0.90,0.10,12.50%,0.00,United States,2025,461,,
TLPH,Talphera Inc. Common Stock,$1.27,0.03,2.419%,26063772.00,United States,2011,131578,Health Care,Biotechnology: Pharmaceutical Preparations
TLRY,Tilray Brands Inc. Common Stock ,$1.31,0.07,5.645%,1453470045.00,United States,2018,41586959,Health Care, Medicinal Chemicals and Botanical Products 
TLS,Telos Corporation Common Stock,$7.76,1.38,21.63%,564175365.00,United States,2020,3816342,Technology,EDP Services
TLSA,Tiziana Life Sciences Ltd. Common Shares,$1.75,0.00,0.00%,195059580.00,United Kingdom,2018,95869,Health Care,Biotechnology: Pharmaceutical Preparations
TLSI,TriSalus Life Sciences Inc. Common Stock,$4.00,-0.39,-8.884%,199469116.00,United States,2021,203022,Health Care,Medical Specialities
TLSIW,TriSalus Life Sciences Inc. Warrant,$0.86,-0.09,-9.474%,42885860.00,United States,2021,4303,Health Care,Medical Specialities
TLX,Telix Pharmaceuticals Limited American Depositary Shares,$10.08,0.37,3.811%,3374022809.00,Australia,,54299,Health Care,Biotechnology: Pharmaceutical Preparations
TLYS,Tilly's Inc. Common Stock,$1.40,-0.01,-0.709%,42663138.00,United States,2012,31848,Consumer Discretionary,Clothing/Shoe/Accessory Stores
TM,Toyota Motor Corporation Common Stock,$203.94,1.96,0.97%,266119873729.00,Japan,,214477,Industrials,Auto Manufacturing
TMC,TMC the metals company Inc. Common Stock,$5.91,0.18,3.141%,2401782163.00,Canada,,5306233,Basic Materials,Metal Mining
TMCI,Treace Medical Concepts Inc. Common Stock,$3.56,-0.905,-20.269%,226836340.00,United States,2021,2340937,Health Care,Medical/Dental Instruments
TMCWW,TMC the metals company Inc. Warrants,$1.03,0.025,2.488%,418584709.00,Canada,,125470,Basic Materials,Metal Mining
TMDE,TMD Energy Limited Ordinary Shares,$0.7346,0.0247,3.479%,17310849.00,,2025,52457,Energy,Oil Refining/Marketing
TMDX,TransMedics Group Inc. Common Stock,$122.39,3.22,2.702%,4182595637.00,United States,2019,638992,Health Care,Biotechnology: Electromedical & Electrotherapeutic Apparatus
TME,Tencent Music Entertainment Group American Depositary Shares each representing two Class A Ordinary Shares,$21.55,0.27,1.269%,33378892061.00,United States,2018,6102989,Consumer Discretionary,Broadcasting
TMHC,Taylor Morrison Home Corporation Common Stock,$59.51,0.20,0.337%,5882159130.00,United States,2013,1072762,Consumer Discretionary,Homebuilding
TMO,Thermo Fisher Scientific Inc Common Stock,$576.35,3.94,0.688%,216539339805.00,United States,,1380248,Industrials,Industrial Machinery/Components
TMP,Tompkins Financial Corporation Common Stock,$67.55,0.87,1.305%,974873494.00,United States,1997,48405,Finance,Major Banks
TMQ,Trilogy Metals Inc. Common Stock,$3.94,-0.12,-2.956%,647386955.00,Canada,,4712792,Basic Materials,Precious Metals
TMUS,T-Mobile US Inc. Common Stock,$205.87,-1.13,-0.546%,230266959095.00,United States,,4077962,Telecommunications,Telecommunications Equipment
TMUSI,T-Mobile US Inc. 5.500% Senior Notes due June 2070,$23.19,0.19,0.826%,0.00,United States,,12275,Telecommunications,Telecommunications Equipment
TMUSL,T-Mobile US Inc. 6.250% Senior Notes due 2069,$25.01,0.07,0.281%,0.00,United States,,13925,Telecommunications,Telecommunications Equipment
TMUSZ,T-Mobile US Inc. 5.500% Senior Notes due March 2070,$23.35,0.07,0.301%,0.00,United States,,33492,Telecommunications,Telecommunications Equipment
TNC,Tennant Company Common Stock,$73.93,-0.65,-0.872%,1340052888.00,United States,,91557,Industrials,Industrial Machinery/Components
TNDM,Tandem Diabetes Care Inc. Common Stock,$16.37,0.11,0.677%,1109924617.00,United States,2013,3311790,Health Care,Medical/Dental Instruments
TNET,TriNet Group Inc. Common Stock,$54.52,-1.26,-2.259%,2618615282.00,United States,2014,427450,Real Estate,Real Estate
TNGX,Tango Therapeutics Inc.,$7.93,0.06,0.762%,1067330404.00,United States,2020,2808014,Health Care,Biotechnology: Pharmaceutical Preparations
TNK,Teekay Tankers Ltd.,$61.14,0.20,0.328%,2102126607.00,Bermuda,2007,313723,Consumer Discretionary,Marine Transportation
TNL,Travel   Leisure Co. Common  Stock,$64.45,1.08,1.704%,4184118298.00,United States,,714627,Consumer Discretionary,Hotels/Resorts
TNMG,TNL Mediagene Ordinary Shares,$0.2817,-0.0009,-0.318%,7967922.00,Taiwan,,307174,Consumer Discretionary,Advertising
TNON,Tenon Medical Inc. Common Stock,$1.20,0.04,3.448%,10655064.00,United States,2022,142036,Health Care,Medical/Dental Instruments
TNONW,Tenon Medical Inc. Warrant,$0.0131,-0.002,-13.245%,116318.00,United States,,2178,Health Care,Medical/Dental Instruments
TNXP,Tonix Pharmaceuticals Holding Corp. Common Stock,$16.84,-0.16,-0.941%,147617689.00,United States,,506177,Health Care,Biotechnology: Pharmaceutical Preparations
TNYA,Tenaya Therapeutics Inc. Common Stock,$1.43,0.15,11.719%,233055826.00,United States,2021,6433587,Health Care,Biotechnology: Biological Products (No Diagnostic Substances)
TOI,The Oncology Institute Inc. Common Stock,$3.31,-0.235,-6.629%,309500779.00,United States,2020,2892121,Health Care,Medical/Nursing Services
TOIIW,The Oncology Institute Inc. Warrant,$0.1649,0.0148,9.86%,15418936.00,United States,2020,7962,Health Care,Medical/Nursing Services
TOL,Toll Brothers Inc. Common Stock,$134.25,0.47,0.351%,12939417750.00,United States,,749779,Consumer Discretionary,Homebuilding
TOMZ,TOMI Environmental Solutions Inc. Common Stock,$0.87,0.0194,2.281%,17465428.00,United States,,3730,Industrials,Major Chemicals
TONX,TON Strategy Company Common Stock,$3.22,-0.08,-2.424%,194234718.00,United States,,290605,Consumer Discretionary,Other Consumer Services
TOON,Kartoon Studios Inc. Common Stock,$0.6705,0.0118,1.791%,32173584.00,United States,,184433,Consumer Discretionary,Movies/Entertainment
TOP,TOP Financial Group Limited Class A Ordinary Shares,$1.1099,0.0099,0.90%,41142001.00,Hong Kong,2022,18699,Finance,Investment Bankers/Brokers/Service
TOPP,Toppoint Holdings Inc. Common Stock,$1.28,0.02,1.587%,22400000.00,,2025,8929,Industrials,Trucking Freight/Courier Services
TOPS,TOP Ships Inc. Common Stock,$5.9183,0.0683,1.168%,27379222.00,Greece,,5392,Consumer Discretionary,Marine Transportation
TORO,Toro Corp. Common Stock,$3.73,0.21,5.966%,71220072.00,Cyprus,,139804,Consumer Discretionary,Marine Transportation
TOST,Toast Inc. Class A Common Stock,$38.18,1.18,3.189%,22449840000.00,United States,2021,8855243,Technology,EDP Services
TOUR,Tuniu Corporation American Depositary Shares,$0.7913,-0.017,-2.103%,91811678.00,China,2014,101000,Consumer Discretionary,Transportation Services
TOVX,Theriva Biologics Inc. Common Stock,$0.291,0.0138,4.978%,2793004.00,United States,,1706713,Health Care,Biotechnology: Pharmaceutical Preparations
TOWN,TowneBank Common Stock,$33.15,0.16,0.485%,2473564490.00,United States,,221813,Finance,Major Banks
TOYO,TOYO Co. Ltd Ordinary Shares,$7.29,0.40,5.806%,339682966.00,Japan,,16173,Consumer Discretionary,Miscellaneous manufacturing industries
TPB,Turning Point Brands Inc. Common Stock,$101.64,-1.36,-1.32%,1938351741.00,United States,2016,410137,Consumer Discretionary,Tobacco
TPC,Tutor Perini Corporation Common Stock,$63.97,1.03,1.636%,3373985575.00,United States,1970,596621,Consumer Discretionary,General Bldg Contractors - Nonresidential Bldgs
TPCS,TechPrecision Corporation Common stock,$4.67,-0.0551,-1.166%,46480277.00,United States,,25308,Industrials,Metal Fabrications
TPET,Trio Petroleum Corp. Common Stock,$1.05,0.0901,9.386%,8862891.00,,2023,351253,Energy,Oil & Gas Production
TPG,TPG Inc. Class A Common Stock,$55.07,-0.06,-0.109%,20820332963.00,United States,2022,2263499,Finance,Investment Managers
TPGXL,TPG Operating Group II L.P. 6.950% Fixed-Rate Junior Subordinated Notes due 2064,$25.80,0.10,0.389%,9412504995.00,United States,,6983,,
TPH,Tri Pointe Homes Inc. Common Stock,$31.73,0.14,0.443%,2727304460.00,United States,2013,625810,Consumer Discretionary,Homebuilding
TPL,Texas Pacific Land Corporation Common Stock,$993.86,12.17,1.24%,22838316423.00,United States,,98771,Energy,Oil & Gas Production
TPR,Tapestry Inc. Common Stock,$106.08,2.40,2.315%,21709245692.00,United States,,3607571,Consumer Discretionary,Apparel
TPST,Tempest Therapeutics Inc. Common Stock,$9.79,0.27,2.836%,43469176.00,United States,,14581,Health Care,Biotechnology: Pharmaceutical Preparations
TPTA,Terra Property Trust Inc. 6.00% Notes due 2026,$23.40,0.00,0.00%,569534168.00,,2021,505,Real Estate,Real Estate Investment Trusts
TPVG,TriplePoint Venture Growth BDC Corp. Common Stock,$5.48,-0.18,-3.18%,221390888.00,United States,2014,535658,Consumer Discretionary,Other Consumer Services
TR,Tootsie Roll Industries Inc. Common Stock,$38.14,0.47,1.248%,2783710068.00,United States,,139832,Consumer Staples,Specialty Foods
TRAK,ReposiTrak Inc. Common Stock,$15.00,-0.02,-0.133%,274258545.00,United States,,36278,Technology,EDP Services
TRAW,Traws Pharma Inc. Common Stock,$1.94,-0.01,-0.513%,13703828.00,United States,2013,84653,Health Care,Biotechnology: Pharmaceutical Preparations
TRC,Tejon Ranch Co Common Stock,$16.06,0.02,0.125%,431916917.00,United States,2000,85907,Finance,Real Estate
TRDA,Entrada Therapeutics Inc. Common Stock,$7.26,0.35,5.065%,277471624.00,United States,2021,199003,Health Care,Biotechnology: Pharmaceutical Preparations
TREE,LendingTree Inc. Common Stock,$53.52,1.48,2.844%,731655650.00,United States,,253534,Finance,Finance: Consumer Services
TREX,Trex Company Inc. Common Stock,$32.23,-0.74,-2.244%,3456821688.00,United States,,5718587,Basic Materials,Forest Products
TRGP,Targa Resources Inc. Common Stock,$169.48,-2.58,-1.499%,36380333427.00,United States,2010,1593143,Utilities,Natural Gas Distribution
TRI,Thomson Reuters Corporation Common Shares,$135.59,-1.98,-1.439%,60316192812.00,United States,,1351268,Consumer Discretionary,Publishing
TRIB,Trinity Biotech plc American Depositary Shares,$0.9402,-0.0049,-0.518%,17517824.00,Ireland,1992,21976,Health Care,Biotechnology: In Vitro & In Vivo Diagnostic Substances
TRIN,Trinity Capital Inc. Common Stock,$14.72,0.12,0.822%,1114058986.00,United States,2021,1122992,Finance,Finance: Consumer Services
TRINI,Trinity Capital Inc. 7.875% Notes Due 2029,$25.5913,0.0013,0.005%,1799430763.00,United States,,12372,Finance,Finance: Consumer Services
TRINZ,Trinity Capital Inc. 7.875% Notes due 2029,$25.47,0.02,0.079%,1790901655.00,United States,,13084,Finance,Finance: Consumer Services
TRIP,TripAdvisor Inc. Common Stock,$15.33,-0.09,-0.584%,1792204837.00,United States,,2745742,Technology,Computer Software: Programming Data Processing
TRMB,Trimble Inc. Common Stock,$79.70,0.80,1.014%,18962300671.00,United States,1990,1302791,Industrials,Industrial Machinery/Components
TRMD,TORM plc Class A Common Stock,$23.48,0.70,3.073%,2296673917.00,United Kingdom,,584532,Consumer Discretionary,Marine Transportation
TRMK,Trustmark Corporation Common Stock,$38.32,0.14,0.367%,2297600332.00,United States,,255584,Finance,Major Banks
TRN,Trinity Industries Inc. Common Stock,$25.84,0.19,0.741%,2071864714.00,United States,,450415,Industrials,Railroads
TRNO,Terreno Realty Corporation Common Stock,$61.16,0.20,0.328%,6323651716.00,United States,2010,927872,Finance,Real Estate
TRNR,Interactive Strength Inc. Common Stock,$2.70,0.00,0.00%,4176951.00,United States,2023,28838,Technology,Consumer Electronics/Appliances
TRNS,Transcat Inc. Common Stock,$58.76,3.41,6.161%,548137489.00,United States,,225644,Industrials,Electrical Products
TRON,Tron Inc. Common Stock,$2.24,-0.01,-0.444%,567768345.00,United States,2023,1420957,Consumer Discretionary,Recreational Games/Products/Toys
TROO,TROOPS Inc. Ordinary Shares ,$1.24,0.035,2.905%,139512606.00,China,,16620,Finance,Diversified Financial Services
TROW,T. Rowe Price Group Inc. Common Stock,$103.00,0.34,0.331%,22478411000.00,United States,1986,1661663,Finance,Investment Bankers/Brokers/Service
TROX,Tronox Holdings plc Ordinary Shares (UK),$3.61,0.19,5.556%,572373904.00,United States,,6367017,Industrials,Major Chemicals
TRP,TC Energy Corporation Common Stock,$53.35,1.12,2.144%,55447738752.00,Canada,,3299559,Utilities,Natural Gas Distribution
TRS,TriMas Corporation Common Stock,$31.58,0.42,1.348%,1283590290.00,United States,2007,676579,Industrials,Industrial Specialties
TRSG,Tungray Technologies Inc Class A Ordinary Shares,$1.4299,0.0599,4.372%,23383848.00,Singapore,2024,516,Industrials,Industrial Machinery/Components
TRST,TrustCo Bank Corp NY Common Stock,$39.46,0.35,0.895%,743861012.00,United States,,86152,Finance,Major Banks
TRT,Trio-Tech International Common Stock,$6.65,-0.17,-2.493%,28680153.00,United States,1998,6029,Technology,Industrial Machinery/Components
TRTN^A,Triton International Limited 8.50% Series A Cumulative Redeemable Perpetual  Preference Shares,$25.725,0.125,0.488%,,United States,,4478,,
TRTN^B,Triton International Limited 8.00% Series B Cumulative Redeemable Perpetual Preference Shares,$25.33,0.07,0.277%,,United States,,3569,,
TRTN^C,Triton International Limited 7.375% Series C Cumulative Redeemable Perpetual Preference Shares,$24.96,0.04,0.161%,,United States,,13646,,
TRTN^D,Triton International Limited 6.875% Series D Cumulative Redeemable Perpetual Preference Shares,$23.2304,0.0374,0.161%,,United States,,2694,,
TRTN^E,Triton International Limited 5.75% Series E Cumulative Redeemable Perpetual Preference Shares,$19.40,-0.08,-0.411%,,United States,,2408,,
TRTN^F,Triton International Limited 7.625% Series F Cumulative Redeemable Perpetual Preference Shares,$25.22,0.28,1.123%,,United States,,6255,,
TRTX,TPG RE Finance Trust Inc. Common Stock,$8.95,0.03,0.336%,700439047.00,United States,2017,510577,Real Estate,Real Estate Investment Trusts
TRTX^C,TPG RE Finance Trust Inc. 6.25% Series C Cumulative Redeemable Preferred Stock $0.001 par value per share,$17.9094,0.1094,0.615%,,United States,,6988,,
TRU,TransUnion Common Stock,$80.44,-0.10,-0.124%,15621448000.00,United States,2015,1958738,Finance,Finance: Consumer Services
TRUE,TrueCar Inc. Common Stock,$2.16,-0.03,-1.37%,192110508.00,United States,2014,423413,Technology,Computer Software: Programming Data Processing
TRUG,TruGolf Holdings Inc. Class A Common Stock,$1.65,-0.05,-2.941%,2174045.00,United States,2021,84681,Consumer Discretionary,Recreational Games/Products/Toys
TRUP,Trupanion Inc. Common Stock,$39.33,0.75,1.944%,1698983790.00,United States,,632694,Health Care,Medical Specialities
TRV,The Travelers Companies Inc. Common Stock,$282.39,2.58,0.922%,62990878327.00,United States,,1503754,Finance,Property-Casualty Insurers
TRVG,trivago N.V. American Depositary Shares,$3.11,-0.03,-0.955%,218655719.00,Germany,2016,24139,Technology,EDP Services
TRVI,Trevi Therapeutics Inc. Common Stock,$11.67,0.66,5.995%,1421135898.00,United States,2019,1506637,Health Care,Biotechnology: Pharmaceutical Preparations
TRX,TRX Gold Corporation Common Stock,$0.6241,0.0282,4.732%,176547544.00,Canada,,963415,Basic Materials,Precious Metals
TS,Tenaris S.A. American Depositary Shares,$41.00,0.42,1.035%,22227579936.00,Luxembourg,,574320,Industrials,Steel/Iron Ore
TSAT,Telesat Corporation Class A Common Shares and Class B Variable Voting Shares ,$25.43,-0.67,-2.567%,919754147.00,Canada,,153243,Industrials,Metal Fabrications
TSBK,Timberland Bancorp Inc. Common Stock,$32.86,-0.15,-0.454%,259503274.00,United States,,9264,Finance,Banks
TSCO,Tractor Supply Company Common Stock,$55.46,1.19,2.193%,29305263379.00,United States,1994,6493124,Consumer Discretionary,RETAIL: Building Materials
TSE,Trinseo PLC Ordinary Shares ,$1.18,-0.05,-4.065%,42424039.00,United States,2014,467533,Industrials,Major Chemicals
TSEM,Tower Semiconductor Ltd. Ordinary Shares,$98.10,14.03,16.688%,10963324716.00,Israel,1994,5266307,Technology,Semiconductors
TSHA,Taysha Gene Therapies Inc. Common Stock,$3.89,0.06,1.567%,1065546361.00,United States,2020,2527791,Health Care,Biotechnology: Biological Products (No Diagnostic Substances)
TSI,TCW Strategic Income Fund Inc. Common Stock,$4.92,0.01,0.204%,0.00,United States,,28683,Finance,Investment Managers
TSLA,Tesla Inc. Common Stock,$445.23,15.71,3.658%,1480754467723.00,United States,2010,76346590,Industrials,Auto Manufacturing
TSLX,Sixth Street Specialty Lending Inc. Common Stock,$20.99,-0.20,-0.944%,1983427486.00,,2014,462961,Finance,Investment Managers
TSM,Taiwan Semiconductor Manufacturing Company Ltd.,$295.27,8.77,3.061%,1531431628755.00,Taiwan,1997,10856562,Technology,Semiconductors
TSN,Tyson Foods Inc. Common Stock,$53.90,1.22,2.316%,19175969959.00,United States,,6188057,Consumer Staples,Meat/Poultry/Fish
TSQ,Townsquare Media Inc. Class A Common Stock,$5.42,-0.69,-11.293%,89134350.00,United States,2014,172607,Consumer Discretionary,Broadcasting
TSSI,TSS Inc. Common Stock,$16.98,0.37,2.228%,430684863.00,United States,,1186093,Consumer Discretionary,Professional Services
TT,Trane Technologies plc,$433.50,-1.00,-0.23%,96123858234.00,Ireland,,943644,Industrials,Auto Parts:O.E.M.
TTAM,Titan America SA Common Shares,$16.02,0.47,3.023%,2953486689.00,,2025,180738,Industrials,Mining & Quarrying of Nonmetallic Minerals (No Fuels)
TTAN,ServiceTitan Inc. Class A Common Stock,$95.03,0.78,0.828%,8832918477.00,United States,2024,813464,Technology,Computer Software: Prepackaged Software
TTC,Toro Company (The) Common Stock,$72.21,-0.54,-0.742%,7066625346.00,United States,,696238,Consumer Discretionary,Tools/Hardware
TTD,The Trade Desk Inc. Class A Common Stock,$43.26,0.26,0.605%,20920313946.00,United States,2016,23415404,Technology,Computer Software: Programming Data Processing
TTE,TotalEnergies SE,$62.93,0.67,1.076%,137304563326.00,France,,729281,Energy,Oil & Gas Production
TTEC,TTEC Holdings Inc. Common Stock,$2.57,-0.15,-5.515%,124772642.00,United States,1996,831123,Consumer Discretionary,Professional Services
TTEK,Tetra Tech Inc. Common Stock,$32.07,-0.145,-0.45%,8427143323.00,United States,1991,5187040,Consumer Discretionary,Military/Government/Technical
TTGT,TechTarget Inc. Common Stock,$5.21,0.44,9.224%,372457690.00,United States,,521871,Telecommunications,Telecommunications Equipment
TTI,Tetra Technologies Inc. Common Stock,$8.04,0.48,6.349%,1075323581.00,United States,,2521382,Energy,Oil & Gas Production
TTMI,TTM Technologies Inc. Common Stock,$69.89,3.17,4.751%,7221784370.00,United States,2000,1765038,Technology,Electrical Products
TTRX,Turn Therapeutics Inc. Common Stock,$4.13,0.11,2.736%,115734271.00,United States,,70449,Health Care,Biotechnology: Pharmaceutical Preparations
TTSH,Tile Shop Holdings Inc. Common Stock,$6.33,0.09,1.442%,283045956.00,United States,,171739,Consumer Discretionary,Home Furnishings
TTWO,Take-Two Interactive Software Inc. Common Stock,$234.06,2.06,0.888%,43177097821.00,United States,1997,3221540,Consumer Discretionary,Services-Misc. Amusement & Recreation
TU,Telus Corporation Ordinary Shares,$14.77,-0.03,-0.203%,22671950000.00,Canada,,6386928,Telecommunications,Telecommunications Equipment
TURB,Turbo Energy S.A. American Depositary Shares,$2.49,-0.07,-2.734%,27432679.00,Spain,2023,50143,Miscellaneous,Industrial Machinery/Components
TUSK,Mammoth Energy Services Inc. Common Stock,$1.96,-0.01,-0.508%,94460309.00,United States,2016,151213,Energy,Oilfield Services/Equipment
TUYA,Tuya Inc. American Depositary Shares each representing one Class A Ordinary Share,$2.18,0.02,0.926%,1329193849.00,China,2021,664384,Technology,Computer Software: Prepackaged Software
TV,Grupo Televisa S.A.B. Common Stock,$2.93,0.08,2.807%,5596300000.00,Mexico,1993,1330152,Industrials,Broadcasting
TVA,Texas Ventures Acquisition III Corp Class A Ordinary Share,$11.01,0.06,0.548%,0.00,United States,2025,24498,,
TVACU,Texas Ventures Acquisition III Corp Unit,$12.00,0.00,0.00%,0.00,United States,2025,5,Finance,Blank Checks
TVACW,Texas Ventures Acquisition III Corp Warrants,$1.39,-0.01,-0.714%,0.00,United States,2025,93253,,
TVAI,Thayer Ventures Acquisition Corporation II Class A Ordinary Shares,$10.0694,0.0194,0.193%,0.00,United States,2025,1125,,
TVAIR,Thayer Ventures Acquisition Corporation II Rights,$0.23,-0.0044,-1.877%,0.00,United States,2025,7800,,
TVAIU,Thayer Ventures Acquisition Corporation II Unit,$10.35,0.00,0.00%,0.00,United States,2025,18,Finance,Blank Checks
TVC,Tennessee Valley Authority Common Stock,$24.06,-0.03,-0.125%,0.00,United States,,16692,Utilities,Electric Utilities: Central
TVE,Tennessee Valley Authority,$24.24,0.02,0.083%,0.00,United States,,8733,Utilities,Electric Utilities: Central
TVGN,Tevogen Bio Holdings Inc. Common Stock,$0.4799,-0.0192,-3.847%,94398762.00,United States,2022,418127,Health Care,Biotechnology: Biological Products (No Diagnostic Substances)
TVGNW,Tevogen Bio Holdings Inc. Warrant,$0.0492,-0.0002,-0.405%,9677889.00,United States,2022,87707,Health Care,Biotechnology: Biological Products (No Diagnostic Substances)
TVRD,Tvardi Therapeutics Inc. Common Stock,$4.19,0.17,4.229%,39291444.00,United States,2014,157622,Health Care,Biotechnology: Pharmaceutical Preparations
TVTX,Travere Therapeutics Inc. Common Stock,$34.38,2.04,6.308%,3076058602.00,United States,,1788021,Health Care,Biotechnology: Pharmaceutical Preparations
TW,Tradeweb Markets Inc. Class A Common Stock,$109.51,0.40,0.367%,25896748160.00,United States,2019,944726,Finance,Investment Bankers/Brokers/Service
TWFG,TWFG Inc. Class A Common Stock,$25.17,-0.19,-0.749%,1413973202.00,United States,2024,160972,Finance,Specialty Insurers
TWG,Top Wealth Group Holding Limited Class A Ordinary Shares,$5.42,-0.025,-0.459%,3372443.00,Hong Kong,2024,12053,Consumer Staples,Packaged Foods
TWI,Titan International Inc. (DE) Common Stock,$7.92,0.10,1.279%,506495832.00,United States,,660935,Industrials,Steel/Iron Ore
TWIN,Twin Disc Incorporated Common Stock,$16.47,-0.51,-3.004%,236970871.00,United States,,95092,Industrials,Industrial Machinery/Components
TWLO,Twilio Inc. Class A Common Stock,$130.61,2.93,2.295%,19802150159.00,United States,2016,1223144,Technology,Computer Software: Prepackaged Software
TWN,Taiwan Fund Inc. (The) Common Stock,$56.78,0.97,1.738%,0.00,United States,1986,41856,Finance,Trusts Except Educational Religious and Charitable
TWNP,Twin Hospitality Group Inc. Class A Common Stock,$3.5169,0.0469,1.352%,201609303.00,United States,,4651,Consumer Discretionary,Restaurants
TWO,Two Harbors Investment Corp,$9.64,-0.04,-0.413%,1004062086.00,United States,,996625,Real Estate,Real Estate Investment Trusts
TWO^A,Two Harbors Investments Corp 8.125% Series A Fixed-to-Floating Rate Cumulative Redeemable Preferred Stock ($25.00 liquidation preference per share),$23.3836,0.2236,0.965%,,United States,,3110,,
TWO^B,Two Harbors Investments Corp 7.625% Series B Fixed-to-Floating Rate Cumulative Redeemable Preferred Stock,$22.7461,0.5461,2.46%,,United States,,12373,,
TWO^C,Two Harbors Investments Corp 7.25% Series C Fixed-to-Floating Rate Cumulative Redeemable Preferred Stock,$23.935,0.025,0.105%,,United States,,26208,,
TWOD,Two Harbors Investments Corp 9.375% Senior Notes due 2030,$25.53,-0.02,-0.078%,0.00,United States,2025,34849,Real Estate,Real Estate Investment Trusts
TWST,Twist Bioscience Corporation Common Stock,$30.96,0.69,2.279%,1868774238.00,United States,2018,1303864,Health Care,Biotechnology: Biological Products (No Diagnostic Substances)
TX,Ternium S.A. Ternium S.A. American Depositary Shares (each representing ten shares USD1.00 par value),$35.78,-0.51,-1.405%,7172972028.00,Luxembourg,,215852,Industrials,Steel/Iron Ore
TXG,10x Genomics Inc. Class A Common Stock,$17.08,1.83,12.00%,2126295007.00,United States,2019,5043217,Industrials,Biotechnology: Laboratory Analytical Instruments
TXMD,TherapeuticsMD Inc. Common Stock,$1.35,-0.04,-2.878%,15625389.00,United States,,64700,Health Care,Biotechnology: Pharmaceutical Preparations
TXN,Texas Instruments Incorporated Common Stock,$160.58,0.03,0.019%,145906684552.00,United States,,7674853,Technology,Semiconductors
TXNM,TXNM Energy Inc. Common Stock,$57.79,0.45,0.785%,6294565163.00,United States,,786279,Utilities,Electric Utilities: Central
TXO,TXO Partners L.P. Common Units Representing Limited Partner Interests,$13.52,0.27,2.038%,740683628.00,United States,2023,204576,Energy,Oil & Gas Production
TXRH,Texas Roadhouse Inc. Common Stock,$161.74,-3.29,-1.994%,10747721985.00,United States,2004,1297740,Consumer Discretionary,Restaurants
TXT,Textron Inc. Common Stock,$82.06,0.03,0.037%,14460946692.00,United States,,1442747,Industrials,Aerospace
TY,Tri Continental Corporation Common Stock,$34.15,0.41,1.215%,1856084430.00,United States,,33080,Finance,Finance Companies
TY^,Tri Continental Corporation Preferred Stock,$45.0101,0.00,0.00%,,United States,,12,,
TYG,Tortoise Energy Infrastructure Corporation Common Stock,$43.38,0.56,1.308%,517432432.00,United States,2004,106398,Finance,Investment Managers
TYGO,Tigo Energy Inc. Common Stock,$2.26,0.04,1.802%,158996080.00,United States,2021,272070,Technology,Semiconductors
TYL,Tyler Technologies Inc. Common Stock,$464.48,1.05,0.227%,19985519101.00,United States,,414407,Technology,Computer Software: Prepackaged Software
TYRA,Tyra Biosciences Inc. Common Stock,$14.50,0.18,1.257%,773895421.00,United States,2021,236844,Health Care,Biotechnology: Pharmaceutical Preparations
TZOO,Travelzoo Common Stock,$7.54,0.04,0.533%,82796280.00,United States,,98637,Consumer Discretionary,Advertising
TZUP,Thumzup Media Corporation Common Stock,$3.83,-0.605,-13.641%,62330741.00,United States,,373525,Technology,EDP Services
U,Unity Software Inc. Common Stock,$43.13,3.10,7.744%,18455880919.00,United States,2020,13205934,Technology,Computer Software: Prepackaged Software
UA,Under Armour Inc. Class C Common Stock,$4.28,-0.16,-3.604%,1814246469.00,United States,2016,4064685,Consumer Discretionary,Apparel
UAA,Under Armour Inc. Class A Common Stock,$4.48,-0.18,-3.863%,1899024342.00,United States,,10215397,Consumer Discretionary,Apparel
UAL,United Airlines Holdings Inc. Common Stock,$96.14,-1.29,-1.324%,31124170262.00,United States,,5967370,Consumer Discretionary,Air Freight/Delivery Services
UAMY,United States Antimony Corporation Common Stock,$7.67,-0.65,-7.813%,925947864.00,United States,,16196769,Industrials,Metal Fabrications
UAN,CVR Partners LP Common Units representing Limited Partner Interests,$97.21,-2.46,-2.468%,1027474413.00,United States,2011,61717,Industrials,Agricultural Chemicals
UAVS,AgEagle Aerial Systems Inc. Common Stock,$1.41,0.06,4.444%,47985590.00,United States,,1493235,Industrials,Aerospace
UBCP,United Bancorp Inc. Common Stock,$12.8094,0.1493,1.179%,73961617.00,United States,,1397,Finance,Major Banks
UBER,Uber Technologies Inc. Common Stock,$94.10,2.11,2.294%,195523838852.00,United States,2019,13303177,Real Estate,Real Estate
UBFO,United Security Bancshares Common Stock,$9.73,0.16,1.672%,170045635.00,United States,,12059,Finance,Major Banks
UBS,UBS Group AG Registered Ordinary Shares,$38.43,0.12,0.313%,122008534396.00,Switzerland,2014,2133234,Finance,Major Banks
UBSI,United Bankshares Inc. Common Stock,$36.63,0.08,0.219%,5188537888.00,United States,,497943,Finance,Major Banks
UBXG,U-BX Technology Ltd. Ordinary Shares,$2.34,0.11,4.933%,70864892.00,China,2024,8106,Technology,Computer Software: Programming Data Processing
UCAR,U Power Limited Class A Ordinary Shares,$2.15,0.05,2.381%,9502690.00,China,2023,27559,Consumer Discretionary,Auto Parts:O.E.M.
UCB,United Community Banks Inc. Common Stock,$30.09,0.12,0.40%,3655166501.00,United States,2024,542909,Finance,Major Banks
UCL,uCloudlink Group Inc. American Depositary Shares,$2.215,-0.005,-0.225%,83356306.00,Hong Kong,2020,3200,Consumer Discretionary,Telecommunications Equipment
UCTT,Ultra Clean Holdings Inc. Common Stock,$27.01,0.95,3.645%,1225905247.00,United States,2004,361020,Technology,Semiconductors
UDMY,Udemy Inc. Common Stock,$5.26,0.11,2.136%,769941784.00,United States,2021,1740285,Real Estate,Other Consumer Services
UDR,UDR Inc. Common Stock,$34.57,0.10,0.29%,11424894797.00,United States,,3607556,Real Estate,Real Estate Investment Trusts
UE,Urban Edge Properties Common Shares of Beneficial Interest,$18.87,-0.27,-1.411%,2374858828.00,United States,2015,569257,Finance,Real Estate
UEC,Uranium Energy Corp. Common Stock,$12.94,0.74,6.066%,6013273189.00,Canada,,9856071,Basic Materials,Other Metals and Minerals
UEIC,Universal Electronics Inc. Common Stock,$3.13,-0.45,-12.57%,41835912.00,United States,1993,230910,Consumer Staples,Consumer Electronics/Appliances
UFCS,United Fire Group Inc. Common Stock,$36.26,0.93,2.632%,925149570.00,United States,,139219,Finance,Property-Casualty Insurers
UFG,Uni-Fuels Holdings Limited Class A Ordinary Shares,$1.08,0.00,0.00%,35008200.00,Singapore,2025,131633,Energy,Oil Refining/Marketing
UFI,Unifi Inc. New Common Stock,$3.63,-0.21,-5.469%,66649207.00,United States,,81791,Consumer Discretionary,Textiles
UFPI,UFP Industries Inc. Common Stock,$91.47,-0.53,-0.576%,5328788279.00,United States,1993,411045,Basic Materials,Forest Products
UFPT,UFP Technologies Inc. Common Stock,$234.53,8.42,3.724%,1808490381.00,United States,1993,150470,Health Care,Medical/Dental Instruments
UG,United-Guardian Inc. Common Stock,$6.30,-0.05,-0.787%,28944210.00,United States,,2542,Consumer Discretionary,Package Goods/Cosmetics
UGI,UGI Corporation Common Stock,$34.23,0.28,0.825%,7356855571.00,United States,,1334520,Utilities,Natural Gas Distribution
UGP,Ultrapar Participacoes S.A. (New) American Depositary Shares (Each representing one Common Share),$4.25,0.08,1.918%,4598808520.00,Brazil,,1257403,Utilities,Oil/Gas Transmission
UGRO,urban-gro Inc. Common Stock,$0.306,0.003,0.99%,3885146.00,United States,,236464,Consumer Discretionary,Industrial Specialties
UHAL,U-Haul Holding Company Common Stock,$52.46,-0.66,-1.242%,10286245585.00,United States,2022,163195,Consumer Discretionary,Rental/Leasing Companies
UHG,United Homes Group Inc Class A Common Stock,$1.38,0.09,6.977%,81147945.00,United States,2021,289301,Consumer Discretionary,Homebuilding
UHGWW,United Homes Group Inc. Warrant,$0.1301,0.0401,44.556%,7650252.00,United States,2021,76959,Consumer Discretionary,Homebuilding
UHS,Universal Health Services Inc. Common Stock,$222.64,-6.59,-2.875%,14168517942.00,United States,,976254,Health Care,Hospital/Nursing Management
UHT,Universal Health Realty Income Trust Common Stock,$39.05,0.18,0.463%,541784777.00,United States,,86647,Real Estate,Real Estate Investment Trusts
UI,Ubiquiti Inc. Common Stock,$589.43,-22.76,-3.718%,35659756404.00,United States,,235790,Technology,Radio And Television Broadcasting And Communications Equipment
UIS,Unisys Corporation New Common Stock,$2.80,0.08,2.941%,199657097.00,United States,,1037819,Technology,EDP Services
UK,Ucommune International Ltd Ordinary Shares,$0.8749,0.0301,3.563%,1854677.00,United States,2019,7104,Real Estate,Real Estate
UKOMW,Ucommune International Ltd Warrant,$0.0051,-0.0024,-32.00%,10811.00,United States,2019,146208,Real Estate,Real Estate
UL,Unilever PLC Common Stock,$60.81,-0.66,-1.074%,149099142417.00,United Kingdom,,2892000,Consumer Discretionary,Package Goods/Cosmetics
ULBI,Ultralife Corporation Common Stock,$6.24,-0.51,-7.556%,103856151.00,United States,1992,100459,Miscellaneous,Industrial Machinery/Components
ULCC,Frontier Group Holdings Inc. Common Stock,$3.81,-0.12,-3.053%,872302982.00,United States,2021,4378547,Consumer Discretionary,Air Freight/Delivery Services
ULH,Universal Logistics Holdings Inc. Common Stock,$13.98,-1.13,-7.478%,368094211.00,United States,2005,41200,Industrials,Trucking Freight/Courier Services
ULS,UL Solutions Inc. Class A Common Stock,$86.93,1.28,1.494%,17462834819.00,United States,2024,329785,Health Care,Precision Instruments
ULTA,Ulta Beauty Inc. Common Stock,$516.56,-1.23,-0.238%,23161705308.00,United States,2007,411061,Consumer Discretionary,Other Specialty Stores
ULY,Urgent.ly Inc. Common Stock,$2.50,0.05,2.041%,3488815.00,United States,,10830,Technology,EDP Services
UMAC,Unusual Machines Inc. Common Stock,$11.48,0.89,8.404%,423331303.00,United States,2024,3118971,Technology,Radio And Television Broadcasting And Communications Equipment
UMBF,UMB Financial Corporation Common Stock,$110.23,1.24,1.138%,8372482172.00,United States,,515814,Finance,Major Banks
UMBFO,UMB Financial Corporation Depositary Shares Each Representing a 1/400th Interest in a Share of 7.750% Fixed-Rate Reset Non-Cumulative Perpetual Preferred Stock Series B,$26.85,-0.11,-0.408%,2039382621.00,United States,,13040,Finance,Major Banks
UMC,United Microelectronics Corporation (NEW) Common Stock,$7.43,0.02,0.27%,18665224578.00,Taiwan,,7133991,Technology,Semiconductors
UMH,UMH Properties Inc. Common Stock,$15.07,-0.12,-0.79%,1284426197.00,United States,1994,631244,Real Estate,Real Estate Investment Trusts
UMH^D,UMH Properties Inc. 6.375% Series D Cumulative Redeemable Preferred Stock Liquidation Preference $25 per share,$22.705,0.065,0.287%,,United States,,15221,,
UNB,Union Bankshares Inc. Common Stock,$23.24,-0.07,-0.30%,105773072.00,United States,,1517,Finance,Major Banks
UNCY,Unicycive Therapeutics Inc. Common Stock,$4.71,0.09,1.948%,83186598.00,United States,2021,347253,Health Care,Biotechnology: Pharmaceutical Preparations
UNF,Unifirst Corporation Common Stock,$152.91,1.57,1.037%,2770258849.00,United States,,142705,Consumer Discretionary,Other Consumer Services
UNFI,United Natural Foods Inc. Common Stock,$39.55,1.09,2.834%,2398802460.00,United States,2019,1184065,Consumer Discretionary,Food Distributors
UNH,UnitedHealth Group Incorporated Common Stock (DE),$321.58,-2.63,-0.811%,291299583420.00,United States,,9260728,Health Care,Medical Specialities
UNIT,Uniti Group Inc. Common Stock,$6.53,0.04,0.616%,1607631311.00,United States,,2327722,Real Estate,Real Estate Investment Trusts
UNM,Unum Group Common Stock,$77.33,-0.82,-1.049%,12939727032.00,United States,,918622,Finance,Accident &Health Insurance
UNMA,Unum Group 6.250% Junior Subordinated Notes due 2058,$23.73,0.10,0.423%,4041533185.00,United States,2018,6487,Finance,Accident &Health Insurance
UNP,Union Pacific Corporation Common Stock,$223.88,2.40,1.084%,132796859829.00,United States,,4095266,Industrials,Railroads
UNTY,Unity Bancorp Inc. Common Stock,$47.41,0.78,1.673%,475970040.00,United States,,31325,Finance,Major Banks
UOKA,MDJM LTD Class A Ordinary Shares,$2.92,-0.03,-1.017%,3120490.00,China,2019,2483,Finance,Real Estate
UONE,Urban One Inc. Class A Common Stock,$1.20,-0.06,-4.762%,53945384.00,United States,,27213,Consumer Discretionary,Broadcasting
UONEK,Urban One Inc. Class D Common Stock,$0.479,-0.0287,-5.653%,21533199.00,United States,,13341,Consumer Discretionary,Broadcasting
UP,Wheels Up Experience Inc. Class A Common Stock,$1.28,-0.14,-9.859%,923786058.00,Singapore,2020,3412313,Consumer Discretionary,Transportation Services
UPB,Upstream Bio Inc. Common Stock,$23.50,0.54,2.352%,1269906889.00,United States,2024,490481,Health Care,Biotechnology: Pharmaceutical Preparations
UPBD,Upbound Group Inc. Common Stock,$17.52,-0.28,-1.573%,1014508407.00,United States,,808204,Consumer Discretionary,Diversified Commercial Services
UPC,Universe Pharmaceuticals Inc. Ordinary Shares,$3.695,-0.075,-1.989%,2081534.00,China,2021,19688,Health Care,Biotechnology: Pharmaceutical Preparations
UPLD,Upland Software Inc. Common Stock,$1.81,0.09,5.233%,52293340.00,United States,2014,345860,Technology,Computer Software: Prepackaged Software
UPS,United Parcel Service Inc. Common Stock,$93.06,-2.89,-3.012%,78950763843.00,United States,1999,9763210,Industrials,Trucking Freight/Courier Services
UPST,Upstart Holdings Inc. Common stock,$38.77,0.17,0.44%,3771796985.00,United States,2020,8357983,Finance,Finance: Consumer Services
UPWK,Upwork Inc. Common Stock,$17.60,0.15,0.86%,2299525941.00,United States,2018,2564669,Technology,EDP Services
UPXI,Upexi Inc. Common Stock,$3.35,0.045,1.362%,197277333.00,United States,2021,6977709,Health Care, Medicinal Chemicals and Botanical Products 
URBN,Urban Outfitters Inc. Common Stock,$62.02,-1.88,-2.942%,5563064688.00,United States,1993,2093202,Consumer Discretionary,Clothing/Shoe/Accessory Stores
URG,Ur Energy Inc Common Shares (Canada),$1.31,0.07,5.645%,492839850.00,Canada,,5940937,Basic Materials,Precious Metals
URGN,UroGen Pharma Ltd. Ordinary Shares,$23.13,-0.11,-0.473%,1082689672.00,Israel,2017,2591519,Health Care,Biotechnology: Pharmaceutical Preparations
URI,United Rentals Inc. Common Stock,$854.53,6.28,0.74%,54981504436.00,United States,1997,429872,Consumer Discretionary,Diversified Commercial Services
UROY,Uranium Royalty Corp. Common Stock,$3.89,0.15,4.011%,519852283.00,Canada,,3980025,Finance,Investment Bankers/Brokers/Service
USA,Liberty All-Star Equity Fund Common Stock,$6.26,0.12,1.954%,0.00,United States,1986,1485639,Finance,Finance Companies
USAC,USA Compression Partners LP Common Units Representing Limited Partner Interests,$23.45,-0.30,-1.263%,2876974295.00,United States,2013,431033,Utilities,Natural Gas Distribution
USAR,USA Rare Earth Inc. Class A Common Stock,$17.23,-0.13,-0.749%,2285362406.00,United States,2023,11019278,Basic Materials,Metal Mining
USARW,USA Rare Earth Inc. Warrant,$5.765,-0.255,-4.236%,764661304.00,United States,2023,320405,Basic Materials,Metal Mining
USAS,Americas Gold and Silver Corporation Common Shares no par value,$4.27,0.38,9.769%,1160341295.00,Canada,2017,4095588,Basic Materials,Metal Mining
USAU,U.S. Gold Corp. Common Stock,$15.64,0.36,2.356%,224559824.00,United States,,267944,Basic Materials,Metal Mining
USB,U.S. Bancorp Common Stock,$47.58,0.26,0.549%,73959972908.00,United States,,5685881,Finance,Major Banks
USB^A,U.S. Bancorp Depositary Shares Each representing a 1/100th interest in a share of Series A Non-CumulativePerpetual Pfd Stock,$777.03,-0.70,-0.09%,,United States,,742,,
USB^H,U.S. Bancorp Depositary Shares repstg 1/1000th Pfd Ser B,$18.84,-0.01,-0.053%,,United States,,94444,,
USB^P,U.S. Bancorp Depositary Shares each representing a 1/1000th interest in a share of Series K Non-Cumulative Perpetual Preferred Stock,$23.58,0.10,0.426%,,United States,,23512,,
USB^Q,U.S. Bancorp Depositary Shares Each Representing a 1/1000th Interest in a Share of Series L Non-Cumulative Perpetual Preferred Stock,$15.79,0.15,0.959%,,United States,,12898,,
USB^R,U.S. Bancorp Depositary Shares Each Representing a 1/1000th Interest in a Share of Series M Non-Cumulative Perpetual Preferred Stock,$16.69,0.13,0.785%,,United States,,44814,,
USB^S,U.S. Bancorp Depositary Shares each representing a 1/1000th interest in a share of Series O Non-Cumulative Perpetual Preferred Stock,$18.97,0.11,0.583%,,United States,,24070,,
USBC,USBC Inc. Common Stock,$0.8355,0.0055,0.663%,321027616.00,,,221854,Industrials,Industrial Machinery/Components
USCB,USCB Financial Holdings Inc. Class A Common Stock,$18.06,0.21,1.176%,362615633.00,United States,2021,77898,Finance,Major Banks
USEA,United Maritime Corporation Common Stock,$1.555,0.065,4.362%,13752835.00,Greece,,9259,Consumer Discretionary,Marine Transportation
USEG,U.S. Energy Corp. Common Stock (DE),$1.08,0.02,1.887%,36745433.00,United States,,271678,Energy,Oil & Gas Production
USFD,US Foods Holding Corp. Common Stock,$72.30,-1.18,-1.606%,16118664088.00,United States,2016,2202908,Consumer Discretionary,Food Distributors
USGO,U.S. GoldMining Inc. Common stock,$10.28,0.025,0.244%,130377909.00,United States,2023,90899,Basic Materials,Precious Metals
USGOW,U.S. GoldMining Inc. Warrant,$0.6903,-0.084,-10.849%,8754851.00,United States,2023,33224,Basic Materials,Precious Metals
USIO,Usio Inc. Common Stock,$1.45,-0.01,-0.685%,38418884.00,United States,,22540,Finance,Investment Bankers/Brokers/Service
USLM,United States Lime & Minerals Inc. Common Stock,$119.35,3.65,3.155%,3418112271.00,United States,,45500,Industrials,Mining & Quarrying of Nonmetallic Minerals (No Fuels)
USNA,USANA Health Sciences Inc. Common Stock,$19.18,0.05,0.261%,350626837.00,United States,,195618,Health Care, Medicinal Chemicals and Botanical Products 
USPH,U.S. Physical Therapy Inc. Common Stock,$73.30,-0.57,-0.772%,1114461923.00,United States,1992,233696,Health Care,Medical/Nursing Services
UTF,Cohen & Steers Infrastructure Fund Inc Common Stock,$23.97,0.28,1.182%,0.00,United States,2004,535232,Finance,Finance Companies
UTG,Reaves Utility Income Fund Common Shares of Beneficial Interest,$37.94,0.64,1.716%,0.00,United States,2004,234014,Finance,Investment Managers
UTHR,United Therapeutics Corporation Common Stock,$453.93,5.02,1.118%,19544681984.00,United States,1999,518502,Health Care,Biotechnology: Pharmaceutical Preparations
UTI,Universal Technical Institute Inc Common Stock,$29.65,1.34,4.733%,1613660066.00,United States,2003,686074,Real Estate,Other Consumer Services
UTL,UNITIL Corporation Common Stock,$47.58,-0.30,-0.627%,852385851.00,United States,1985,78263,Utilities,Power Generation
UTMD,Utah Medical Products Inc. Common Stock,$57.28,-0.12,-0.209%,183623813.00,United States,,4554,Health Care,Medical/Dental Instruments
UTSI,UTStarcom Holdings Corp. Ordinary Shares,$2.48,0.01,0.405%,23486232.00,China,2000,3189,Telecommunications,Telecommunications Equipment
UTZ,Utz Brands Inc Class A Common Stock ,$9.99,0.08,0.807%,1427159152.00,United States,2018,1282495,Consumer Staples,Packaged Foods
UUU,Universal Safety Products Inc. Common Stock,$4.47,-0.08,-1.758%,10338605.00,United States,2003,35151,Technology,Electronic Components
UUUU,Energy Fuels Inc Ordinary Shares (Canada),$16.49,0.84,5.367%,3912858804.00,Canada,,14590274,Industrials,Mining & Quarrying of Nonmetallic Minerals (No Fuels)
UVE,UNIVERSAL INSURANCE HOLDINGS INC Common Stock,$34.58,0.97,2.886%,969930305.00,United States,,233488,Finance,Property-Casualty Insurers
UVSP,Univest Financial Corporation Common Stock,$30.53,0.98,3.316%,869363518.00,United States,,154549,Finance,Major Banks
UVV,Universal Corporation Common Stock,$52.76,-0.56,-1.05%,1314840138.00,United States,,225062,Industrials,Farming/Seeds/Milling
UWMC,UWM Holdings Corporation Class A Common Stock,$5.44,0.19,3.619%,8703378371.00,United States,,14998281,Finance,Finance: Consumer Services
UXIN,Uxin Limited ADS,$2.92,-0.05,-1.684%,602014172.00,China,2018,39083,Real Estate,Real Estate
UYSC,UY Scuti Acquisition Corp. Ordinary Shares,$10.18,0.00,0.00%,0.00,United States,2025,1295,Finance,Blank Checks
UYSCR,UY Scuti Acquisition Corp. Rights,$0.2999,0.0299,11.074%,0.00,United States,2025,7820,Finance,Blank Checks
UZD,Array Digital Infrastructure Inc. 6.250% Senior Notes due 2069,$21.31,0.04,0.188%,1832660000.00,United States,2020,1036,Telecommunications,Telecommunications Equipment
UZE,Array Digital Infrastructure Inc. 5.500% Senior Notes due 2070,$18.26,0.10,0.551%,1570360000.00,United States,2020,4623,Telecommunications,Telecommunications Equipment
UZF,Array Digital Infrastructure Inc. 5.500% Senior Notes due 2070,$18.17,-0.19,-1.035%,1562620000.00,United States,2021,4655,Telecommunications,Telecommunications Equipment
V,Visa Inc.,$334.85,-1.17,-0.348%,610010579594.00,United States,,5293584,Real Estate,Real Estate
VABK,Virginia National Bankshares Corporation Common Stock,$39.795,0.795,2.038%,214573804.00,United States,,11347,Finance,Major Banks
VAC,Marriott Vacations Worldwide Corporation Common Stock,$50.22,3.07,6.511%,1738314628.00,United States,,1275259,Finance,Real Estate
VACH,Voyager Acquisition Corp Class A Ordinary Shares,$10.51,0.01,0.095%,0.00,United States,2024,10725,,
VACHU,Voyager Acquisition Corp Unit,$10.62,0.02,0.189%,0.00,United States,2024,234,Finance,Blank Checks
VACHW,Voyager Acquisition Corp Warrants,$0.2214,-0.008,-3.487%,0.00,United States,2024,1155,Finance,Blank Checks
VAL,Valaris Limited Common Shares,$55.99,1.58,2.904%,3895631795.00,United States,2021,969574,Energy,Oil & Gas Production
VALE,VALE S.A.  American Depositary Shares Each Representing one common share,$12.30,0.15,1.235%,52505979080.00,Brazil,,19429162,Basic Materials,Metal Mining
VALN,Valneva SE American Depositary Shares,$8.885,0.165,1.892%,722001870.00,France,2021,26451,Health Care,Biotechnology: Biological Products (No Diagnostic Substances)
VALU,Value Line Inc. Common Stock,$37.40,-0.26,-0.69%,351854301.00,United States,1983,2577,Finance,Investment Managers
VANI,Vivani Medical Inc. Common Stock (DE),$1.51,-0.01,-0.658%,89458294.00,United States,2014,206477,Health Care,Biotechnology: Electromedical & Electrotherapeutic Apparatus
VATE,INNOVATE Corp. Common Stock,$5.50,-0.18,-3.169%,73348820.00,United States,,8923,Industrials,Metal Fabrications
VBF,Invesco Bond Fund Common Stock,$15.61,-0.01,-0.064%,0.00,United States,,85000,Finance,Trusts Except Educational Religious and Charitable
VBIX,Viewbix Inc. Common Stock,$2.07,-0.02,-0.957%,22045119.00,Israel,,46988,Technology,Computer Software: Prepackaged Software
VBNK,VersaBank Common Shares,$11.64,-0.01,-0.086%,374431376.00,Canada,,12553,Finance,Commercial Banks
VC,Visteon Corporation Common Stock,$107.22,0.55,0.516%,2925596557.00,United States,,311697,Consumer Discretionary,Auto Parts:O.E.M.
VCEL,Vericel Corporation Common Stock,$38.99,0.05,0.128%,1971881274.00,United States,,465591,Health Care,Biotechnology: Biological Products (No Diagnostic Substances)
VCIC,Vine Hill Capital Investment Corp. Class A Ordinary Shares,$11.07,0.00,0.00%,0.00,United States,2024,69907,,
VCICW,Vine Hill Capital Investment Corp. Warrant,$1.87,0.17,10.00%,0.00,United States,2024,239,Finance,Blank Checks
VCIG,VCI Global Limited Ordinary Share,$1.77,0.74,71.845%,2118155.00,Malaysia,2023,25273713,Consumer Discretionary,Diversified Commercial Services
VCTR,Victory Capital Holdings Inc. Class A Common Stock,$61.245,0.035,0.057%,4090147986.00,United States,2018,371030,Finance,Investment Managers
VCV,Invesco California Value Municipal Income Trust Common Stock,$11.18,-0.01,-0.089%,535416070.00,United States,,68016,Finance,Trusts Except Educational Religious and Charitable
VCYT,Veracyte Inc. Common Stock,$42.35,0.65,1.559%,3347732477.00,United States,2013,769468,Health Care,Medical Specialities
VECO,Veeco Instruments Inc. Common Stock,$31.06,0.65,2.137%,1868647561.00,United States,1994,551396,Technology,Industrial Machinery/Components
VEEA,Veea Inc. Common Stock,$0.5555,-0.0173,-3.02%,27876589.00,United States,2021,45387,Finance,Blank Checks
VEEAW,Veea Inc. Warrant,$0.0697,-0.0004,-0.571%,3497747.00,United States,2021,950,Finance,Blank Checks
VEEE,Twin Vee PowerCats Co. Common Stock,$2.03,-0.01,-0.49%,4541717.00,United States,2021,10043,Industrials,Marine Transportation
VEEV,Veeva Systems Inc. Class A Common Stock,$295.75,0.89,0.302%,48475794845.00,United States,2013,743610,Technology,Computer Software: Prepackaged Software
VEL,Velocity Financial Inc. Common Stock,$18.44,-0.47,-2.485%,708807397.00,United States,2020,56849,Finance,Finance: Consumer Services
VELO,Velo3D Inc. Common stock,$4.90,0.19,4.034%,97514332.00,United States,,533050,Technology,Industrial Machinery/Components
VENU,Venu Holding Corporation Common Stock,$11.90,-0.93,-7.249%,479703649.00,United States,2024,72044,Consumer Discretionary,Services-Misc. Amusement & Recreation
VEON,VEON Ltd. ADS,$50.00,6.435,14.771%,3698381350.00,Netherlands,,321691,Telecommunications,Telecommunications Equipment
VERA,Vera Therapeutics Inc. Class A Common Stock,$27.75,3.56,14.717%,1774003832.00,United States,2021,3350192,Health Care,Biotechnology: Pharmaceutical Preparations
VERI,Veritone Inc. Common Stock,$5.37,-0.34,-5.954%,296809620.00,United States,2017,6188910,Technology,EDP Services
VERO,Venus Concept Inc. Common Stock,$2.19,0.26,13.472%,4071479.00,United States,2017,33662636,Health Care,Medical/Dental Instruments
VERU,Veru Inc. Common Stock,$2.60,0.04,1.563%,38091019.00,United States,,103959,Health Care,Biotechnology: Pharmaceutical Preparations
VERX,Vertex Inc. Class A Common Stock,$19.19,-0.32,-1.64%,3061341629.00,United States,2020,1639339,Technology,Computer Software: Prepackaged Software
VET,Vermilion Energy Inc. Common (Canada),$8.68,0.33,3.952%,1331807120.00,Canada,,1502590,Energy,Oil & Gas Production
VFC,V.F. Corporation Common Stock,$14.63,-0.01,-0.068%,5716303210.00,United States,,4550041,Industrials,Garments and Clothing
VFF,Village Farms International Inc. Common Shares,$3.46,0.50,16.892%,389748825.00,Canada,,7858595,,
VFL,abrdn National Municipal Income Fund Common Stock,$10.17,0.09,0.893%,0.00,United States,1993,11965,Finance,Finance/Investors Services
VFS,VinFast Auto Ltd. Ordinary Shares,$3.53,0.10,2.915%,8256008746.00,Singapore,,779959,Industrials,Auto Manufacturing
VFSWW,VinFast Auto Ltd. Warrant,$0.20,0.027,15.607%,467762535.00,Singapore,,466,Industrials,Auto Manufacturing
VG,Venture Global Inc. Class A common stock,$8.49,0.50,6.258%,20613268086.00,United States,2025,18863160,Utilities,Oil/Gas Transmission
VGAS,Verde Clean Fuels Inc. Class A Common Stock,$3.22,-0.13,-3.881%,143449780.00,United States,2021,9891,Industrials,Major Chemicals
VGASW,Verde Clean Fuels Inc. Warrant,$0.0951,0.0004,0.422%,4236669.00,United States,2021,661,Industrials,Major Chemicals
VGI,Virtus Global Multi-Sector Income Fund Common Shares of Beneficial Interest,$7.91,0.07,0.893%,0.00,United States,2012,31967,Finance,Investment Managers
VGM,Invesco Trust for Investment Grade Municipals Common Stock (DE),$10.21,0.06,0.591%,553708393.00,United States,,129806,Finance,Trusts Except Educational Religious and Charitable
VGZ,Vista Gold Corp Common Stock,$1.77,0.12,7.273%,221570529.00,United States,1986,1685190,Basic Materials,Precious Metals
VHC,VirnetX Holding Corp Common Stock,$23.21,0.21,0.913%,99131813.00,United States,,8343,Miscellaneous,Multi-Sector Companies
VHI,Valhi Inc. Common Stock,$13.52,-0.40,-2.874%,382647001.00,United States,,6839,Basic Materials,Major Chemicals
VIA,Via Transportation Inc. Class A Common Stock,$51.56,0.69,1.356%,4091648931.00,,2025,219296,Technology,Computer Software: Prepackaged Software
VIASP,Via Renewables Inc. 8.75% Series A Fixed-to-Floating Rate Cumulative Redeemable Perpetual Preferred Stock,$25.5001,-0.0151,-0.059%,186745622.00,United States,,692,Utilities,Power Generation
VIAV,Viavi Solutions Inc. Common Stock,$18.16,0.35,1.965%,4053291243.00,United States,,3789039,Technology,Semiconductors
VICI,VICI Properties Inc. Common Stock,$30.43,0.09,0.297%,32523930020.00,United States,2018,9783891,Real Estate,Real Estate Investment Trusts
VICR,Vicor Corporation Common Stock,$92.39,4.96,5.673%,4125456670.00,United States,,346255,Technology,Industrial Machinery/Components
VIK,Viking Holdings Ltd Ordinary Shares,$59.63,1.24,2.124%,26413140342.00,United States,2024,2323305,Consumer Discretionary,Marine Transportation
VINP,Vinci Compass Investments Ltd. Class A Common Shares,$12.00,0.05,0.418%,758935908.00,Brazil,2021,45704,Finance,Investment Managers
VIOT,Viomi Technology Co. Ltd American Depositary Shares,$2.83,-0.20,-6.601%,192336626.00,China,2018,1347381,Consumer Discretionary,Consumer Electronics/Appliances
VIPS,Vipshop Holdings Limited American Depositary Shares each representing two ordinary shares,$19.69,1.03,5.52%,11669969717.00,China,2012,4454277,Consumer Discretionary,Catalog/Specialty Distribution
VIR,Vir Biotechnology Inc. Common Stock,$5.37,0.24,4.678%,747101422.00,United States,2019,1569089,Health Care,Biotechnology: Biological Products (No Diagnostic Substances)
VIRC,Virco Manufacturing Corporation Common Stock,$7.07,0.24,3.514%,111431267.00,United States,,64021,Consumer Discretionary,Industrial Specialties
VIRT,Virtu Financial Inc. Class A Common Stock,$35.95,0.31,0.87%,5499222177.00,United States,,951047,Finance,Investment Bankers/Brokers/Service
VIST,Vista Energy S.A.B. de C.V. American Depositary Shares each representing one series A share with no par value,$49.10,1.00,2.079%,4678515742.00,Mexico,2019,899112,Energy,Oil & Gas Production
VITL,Vital Farms Inc. Common Stock,$32.97,-1.71,-4.931%,1476215924.00,United States,2020,1343278,Consumer Staples,Packaged Foods
VIV,Telefonica Brasil S.A. American Depositary Shares (Each representing One Common Share),$12.59,0.04,0.319%,20479933984.00,Brazil,2020,752338,Telecommunications,Telecommunications Equipment
VIVK,Vivakor Inc. Common Stock,$0.17,0.0058,3.532%,8168686.00,United States,,137469344,Utilities,Environmental Services
VIVS,VivoSim Labs Inc. Common Stock,$2.27,0.09,4.128%,5920074.00,United States,,38159,Health Care,Biotechnology: Biological Products (No Diagnostic Substances)
VKI,Invesco Advantage Municipal Income Trust II Common Shares of Beneficial Interest (DE),$8.98,-0.02,-0.222%,398766060.00,United States,1993,63516,Finance,Finance Companies
VKQ,Invesco Municipal Trust Common Stock,$9.72,0.01,0.103%,537861206.00,United States,,135433,Finance,Trusts Except Educational Religious and Charitable
VKTX,Viking Therapeutics Inc. Common Stock,$37.77,1.00,2.72%,4269382713.00,United States,2015,4001397,Health Care,Biotechnology: Pharmaceutical Preparations
VLGEA,Village Super Market Inc. Class A Common Stock,$32.88,0.22,0.674%,485126974.00,United States,,27754,Consumer Staples,Food Chains
VLN,Valens Semiconductor Ltd. Ordinary Shares,$1.60,0.02,1.266%,169149859.00,,,540994,Technology,Semiconductors
VLO,Valero Energy Corporation Common Stock,$179.18,3.56,2.027%,54651609198.00,United States,,2145920,Energy,Integrated oil Companies
VLRS,Controladora Vuela Compania de Aviacion S.A.B. de C.V. American Depositary Shares each representing ten (10) Ordinary Participation Certificates,$6.50,-0.13,-1.961%,757884842.00,,2013,274699,Consumer Discretionary,Air Freight/Delivery Services
VLT,Invesco High Income Trust II,$11.24,0.0734,0.657%,0.00,United States,1989,27391,Finance,Trusts Except Educational Religious and Charitable
VLTO,Veralto Corp Common Stock ,$98.26,-0.35,-0.355%,24397697120.00,United States,2023,1526939,Industrials,Electrical Products
VLY,Valley National Bancorp Common Stock,$11.02,-0.03,-0.271%,6168125409.00,United States,,6615537,Finance,Major Banks
VLYPN,Valley National Bancorp 8.250% Fixed-Rate Reset Non-Cumulative Perpetual Preferred Stock Series C,$25.65,0.00,0.00%,14356843624.00,United States,,19841,Finance,Major Banks
VLYPO,Valley National Bancorp 5.50% Fixed-to-Floating Rate Non-Cumulative Perpetual Preferred Stock Series B,$25.00,0.23,0.929%,13993024975.00,United States,,7630,Finance,Major Banks
VLYPP,Valley National Bancorp 6.25% Fixed-to-Floating Rate Non-Cumulative Perpetual Preferred Stock Series A,$25.41,0.00,0.00%,14222510585.00,United States,,1297,Finance,Major Banks
VMAR,Vision Marine Technologies Inc. Common Shares,$1.34,0.12,9.836%,1550564.00,Canada,2020,188770,Industrials,Marine Transportation
VMC,Vulcan Materials Company (Holding Company) Common Stock,$292.84,5.54,1.928%,38693214220.00,United States,,1140678,Industrials,Mining & Quarrying of Nonmetallic Minerals (No Fuels)
VMD,Viemed Healthcare Inc. Common Shares,$6.39,0.02,0.314%,242934426.00,United States,,152986,Health Care,Misc Health and Biotechnology Services
VMEO,Vimeo Inc. Common Stock,$7.82,-0.01,-0.128%,1308673903.00,United States,,1566661,Technology,Computer Software: Programming Data Processing
VMI,Valmont Industries Inc. Common Stock,$410.44,2.66,0.652%,8085519831.00,United States,,175287,Industrials,Metal Fabrications
VMO,Invesco Municipal Opportunity Trust Common Stock,$9.70,0.04,0.414%,654174645.00,United States,,295145,Finance,Trusts Except Educational Religious and Charitable
VNCE,Vince Holding Corp. Common Stock,$2.70,0.085,3.25%,35015080.00,United States,,81126,Consumer Discretionary,Clothing/Shoe/Accessory Stores
VNDA,Vanda Pharmaceuticals Inc. Common Stock,$4.42,0.02,0.455%,261207105.00,United States,2006,340645,Health Care,Biotechnology: Pharmaceutical Preparations
VNET,VNET Group Inc. American Depositary Shares,$9.70,0.05,0.518%,2609551240.00,China,2011,2946393,Technology,Computer Software: Programming Data Processing
VNME,Vendome Acquisition Corporation I Class A Ordinary Shares,$10.03,0.00,0.00%,0.00,United States,2025,1232,Finance,Blank Checks
VNMEU,Vendome Acquisition Corporation I Unit,$10.14,0.00,0.00%,0.00,United States,2025,2,Finance,Blank Checks
VNMEW,Vendome Acquisition Corporation I Warrant,$0.30,0.01,3.448%,0.00,United States,2025,3558,Finance,Blank Checks
VNO,Vornado Realty Trust Common Stock,$36.26,-0.95,-2.553%,6963908208.00,United States,,1056848,Real Estate,Real Estate Investment Trusts
VNO^L,Vornado Realty Trust Pfd Ser L %,$17.92,0.4299,2.458%,,United States,,23940,,
VNO^M,Vornado Realty Trust 5.25% Series M Cumulative Redeemable Preferred Shares of Beneficial Interest liquidation preference $25.00 per share no par value per share,$17.83,0.42,2.412%,,United States,,21059,,
VNO^N,Vornado Realty Trust 5.25% Series N Cumulative Redeemable Preferred Shares of Beneficial Interest liquidation preference $25.00 per share,$17.72,0.35,2.015%,,United States,,18418,,
VNO^O,Vornado Realty Trust 4.45% Series O Cumulative Redeemable Preferred Shares Liquidation Preference $25.00 Per Share,$15.11,0.57,3.92%,,United States,,100741,,
VNOM,Viper Energy Inc. Class A Common Stock,$37.71,0.16,0.426%,13557086162.00,United States,2014,1432093,Energy,Oil & Gas Production
VNRX,VolitionRX Limited Common Stock,$0.3932,0.0022,0.563%,42306520.00,Singapore,2015,482483,Health Care,Biotechnology: In Vitro & In Vivo Diagnostic Substances
VNT,Vontier Corporation Common Stock ,$37.89,-0.07,-0.184%,5497839000.00,United States,2020,972717,Industrials,Industrial Machinery/Components
VNTG,Vantage Corp Class A Ordinary Shares,$1.00,-0.08,-7.407%,31737500.00,,2025,127760,Industrials,Integrated Freight & Logistics
VOC,VOC Energy Trust Units of Beneficial Interest,$2.85,-0.035,-1.213%,48450000.00,United States,2011,40174,Energy,Oil & Gas Production
VOD,Vodafone Group Plc American Depositary Shares,$11.70,0.12,1.036%,28167184761.00,United Kingdom,,5154295,Telecommunications,Telecommunications Equipment
VOR,Vor Biopharma Inc. Common Stock,$18.80,0.10,0.535%,128613319.00,United States,2021,369847,Health Care,Biotechnology: Biological Products (No Diagnostic Substances)
VOXR,Vox Royalty Corp. Common Stock,$4.11,0.16,4.051%,209166482.00,Canada,,365253,Basic Materials,Precious Metals
VOYA,Voya Financial Inc. Common Stock,$71.05,-0.96,-1.333%,6761325750.00,United States,2013,798326,Finance,Life Insurance
VOYA^B,Voya Financial Inc. Depositary Shares each representing a 1/40th interest in a share of 5.35% Fixed-Rate Reset Non-Cumulative Preferred Stock Series B,$24.22,0.12,0.498%,,United States,,36188,,
VOYG,Voyager Technologies Inc. Class A Common Stock,$24.03,0.58,2.473%,1430933177.00,United States,2025,1527897,Industrials,Military/Government/Technical
VPG,Vishay Precision Group Inc. Common Stock,$34.19,1.23,3.732%,454011882.00,United States,,92746,Technology,Electrical Products
VPV,Invesco Pennsylvania Value Municipal Income Trust Common Stock (DE),$10.73,0.05,0.468%,255691007.00,United States,,29881,Finance,Trusts Except Educational Religious and Charitable
VRA,Vera Bradley Inc. Common Stock,$2.35,0.00,0.00%,65650827.00,United States,2010,96194,Consumer Discretionary,Apparel
VRAR,The Glimpse Group Inc. Common Stock,$1.30,-0.05,-3.704%,27385808.00,United States,2021,99781,Technology,EDP Services
VRAX,Virax Biolabs Group Limited Ordinary Shares,$0.463,-0.018,-3.742%,2010326.00,United Kingdom,2022,56281,Health Care,Biotechnology: In Vitro & In Vivo Diagnostic Substances
VRCA,Verrica Pharmaceuticals Inc. Common Stock,$3.87,0.41,11.85%,36555122.00,United States,2018,117464,Health Care,Biotechnology: Pharmaceutical Preparations
VRDN,Viridian Therapeutics Inc. Common Stock,$27.65,0.21,0.765%,2638971521.00,United States,2014,1339901,Health Care,Medical Specialities
VRE,Veris Residential Inc. Common Stock,$15.00,-0.01,-0.067%,1401326535.00,United States,,412890,Real Estate,Real Estate Investment Trusts
VREX,Varex Imaging Corporation Common Stock,$12.06,0.09,0.752%,500490000.00,United States,,219030,Technology,Industrial Machinery/Components
VRM,Vroom Inc. Common Stock,$24.25,0.60,2.537%,126089548.00,United States,,938,Consumer Discretionary,Retail-Auto Dealers and Gas Stations
VRME,VerifyMe Inc. Common Stock,$0.849,0.0241,2.922%,10462792.00,United States,,89082,Technology,EDP Services
VRNS,Varonis Systems Inc. Common Stock,$34.44,0.30,0.879%,4060383288.00,United States,2014,1337251,Technology,Computer Software: Prepackaged Software
VRNT,Verint Systems Inc. Common Stock,$20.32,0.03,0.148%,1225980337.00,United States,2010,866562,Technology,EDP Services
VRRM,Verra Mobility Corporation Class A Common Stock,$23.06,0.25,1.096%,3679556148.00,United States,2017,1335249,Consumer Discretionary,Transportation Services
VRSK,Verisk Analytics Inc. Common Stock,$212.94,-1.72,-0.801%,29677995056.00,United States,2009,1248638,Industrials,Diversified Commercial Services
VRSN,VeriSign Inc. Common Stock,$247.65,5.68,2.347%,22957155000.00,United States,1998,740971,Technology,EDP Services
VRT,Vertiv Holdings LLC Class A Common Stock,$187.84,8.04,4.472%,71729834166.00,United States,2018,5578502,Technology,Industrial Machinery/Components
VRTS,Virtus Investment Partners Inc. Common Stock,$162.17,-0.99,-0.607%,1094337431.00,United States,,61979,Finance,Investment Managers
VRTX,Vertex Pharmaceuticals Incorporated Common Stock,$421.20,11.73,2.865%,106866371617.00,United States,1991,1493939,Health Care,Biotechnology: Pharmaceutical Preparations
VS,Versus Systems Inc. Common Stock,$1.68,-0.027,-1.582%,8234817.00,Canada,,4833,Technology,EDP Services
VSA,VisionSys AI Inc. American Depositary Shares,$1.71,-0.12,-6.557%,80965494.00,China,2014,48538,Real Estate,Other Consumer Services
VSAT,ViaSat Inc. Common Stock,$36.98,1.17,3.267%,4965040415.00,United States,1996,4523547,Technology,Radio And Television Broadcasting And Communications Equipment
VSCO,Victorias Secret & Co. Common Stock ,$34.99,-0.08,-0.228%,2804955330.00,United States,2021,2262117,Consumer Discretionary,Clothing/Shoe/Accessory Stores
VSEC,VSE Corporation Common Stock,$177.73,1.00,0.566%,3676586941.00,United States,,153736,Consumer Discretionary,Military/Government/Technical
VSEE,VSee Health Inc. Common Stock,$0.86,-0.1182,-12.083%,14639513.00,United States,2021,3466242,Health Care,Medical/Nursing Services
VSEEW,VSee Health Inc. Warrant,$0.1712,-0.0513,-23.056%,2914285.00,United States,2021,40815,Health Care,Medical/Nursing Services
VSH,Vishay Intertechnology Inc. Common Stock,$14.68,0.31,2.157%,1990437639.00,United States,,1881659,Technology,Electrical Products
VSME,VS Media Holdings Limited Class A Ordinary Shares,$0.25,-0.045,-15.254%,2373348.00,China,2023,2238500,Consumer Discretionary,Publishing
VSSYW,Versus Systems Inc. Class A Warrants,$0.0239,0.0002,0.844%,117150.00,Canada,,161,Technology,EDP Services
VST,Vistra Corp. Common Stock,$188.28,-2.72,-1.424%,63793090603.00,United States,,4269095,Utilities,Electric Utilities: Central
VSTA,Vasta Platform Limited Class A Ordinary Shares,$4.97,0.00,0.00%,398604054.00,Brazil,2020,6804,Real Estate,Other Consumer Services
VSTD,Vestand Inc. Class A Common Stock,$0.5504,0.0399,7.816%,7829429.00,United States,2022,7000415,Consumer Discretionary,Restaurants
VSTM,Verastem Inc. Common Stock,$8.25,0.18,2.23%,550902050.00,United States,2012,1243908,Health Care,Biotechnology: Pharmaceutical Preparations
VSTS,Vestis Corporation Common Stock,$5.44,0.14,2.642%,717209138.00,United States,2023,1708593,,
VTAK,Catheter Precision Inc. Common Stock,$2.23,0.01,0.45%,2737914.00,,2018,8732,Health Care,Medical/Dental Instruments
VTEX,VTEX Class A Common Shares,$4.00,0.08,2.041%,761454624.00,United Kingdom,2021,3628360,Technology,Computer Software: Prepackaged Software
VTGN,Vistagen Therapeutics Inc. Common Stock,$3.98,-0.01,-0.251%,122108275.00,United States,,289157,Health Care,Biotechnology: Pharmaceutical Preparations
VTLE,Vital Energy Inc. Common Stock par value $0.01 per share,$16.75,0.05,0.299%,1385224514.00,United States,2011,361367,Energy,Oil & Gas Production
VTMX,Corporacion Inmobiliaria Vesta S.A.B de C.V. American Depositary Shares each representing ten (10) Common Shares,$31.30,0.48,1.557%,2768442557.00,,2023,55528,Finance,Real Estate
VTN,Invesco Trust for Investment Grade New York Municipals Common Stock,$11.06,0.10,0.912%,215514928.00,United States,,12100,Finance,Finance Companies
VTOL,Bristow Group Inc. Common Stock,$37.94,0.95,2.568%,1097224800.00,United States,,212409,Consumer Discretionary,Transportation Services
VTR,Ventas Inc. Common Stock,$75.97,-0.10,-0.131%,35685602639.00,United States,,2614154,Real Estate,Real Estate Investment Trusts
VTRS,Viatris Inc. Common Stock,$10.17,0.05,0.494%,11713499598.00,United States,,9796474,Health Care,Biotechnology: Pharmaceutical Preparations
VTS,Vitesse Energy Inc. Common Stock,$21.22,0.10,0.473%,820654471.00,United States,2023,611653,Energy,Oil & Gas Production
VTSI,VirTra Inc. Common Stock,$5.42,0.03,0.557%,61037807.00,United States,,87248,Consumer Discretionary,Miscellaneous manufacturing industries
VTVT,vTv Therapeutics Inc. Class A Common Stock,$27.99,1.97,7.571%,110231869.00,United States,2015,10006,Health Care,Biotechnology: Pharmaceutical Preparations
VTYX,Ventyx Biosciences Inc. Common Stock,$9.24,0.47,5.359%,659353815.00,United States,2021,2170198,Health Care,Biotechnology: Pharmaceutical Preparations
VUZI,Vuzix Corporation Common Stock,$2.75,-0.10,-3.509%,212689653.00,United States,,1493784,Technology,Radio And Television Broadcasting And Communications Equipment
VVOS,Vivos Therapeutics Inc. Common Stock,$2.54,-0.03,-1.167%,19062210.00,United States,2020,38045,Health Care,Medical/Dental Instruments
VVPR,VivoPower International PLC Ordinary Shares,$3.59,0.38,11.838%,44972691.00,United Kingdom,,343429,Utilities,Power Generation
VVR,Invesco Senior Income Trust Common Stock (DE),$3.36,0.01,0.299%,0.00,United States,1998,1008340,Finance,Trusts Except Educational Religious and Charitable
VVV,Valvoline Inc. Common Stock,$31.37,-0.19,-0.602%,3987592029.00,United States,2016,2083322,Industrials,Major Chemicals
VVX,V2X Inc. Common Stock,$56.23,0.44,0.789%,1773217717.00,United States,2014,290374,Consumer Discretionary,Diversified Commercial Services
VWAV,VisionWave Holdings Inc. Common Stock,$11.72,0.62,5.586%,170187210.00,United States,,154596,Technology,Computer Software: Prepackaged Software
VWAVW,VisionWave Holdings Inc. Warrant,$1.4891,0.0663,4.66%,21623360.00,United States,,86883,Technology,Computer Software: Prepackaged Software
VYGR,Voyager Therapeutics Inc. Common Stock,$4.26,0.03,0.709%,236297114.00,United States,2015,557172,Health Care,Biotechnology: Biological Products (No Diagnostic Substances)
VYNE,VYNE Therapeutics Inc. Common Stock,$0.363,0.0107,3.037%,11994834.00,United States,2018,1104871,Health Care,Biotechnology: Pharmaceutical Preparations
VYX,NCR Voyix Corporation Common Stock,$11.33,0.42,3.85%,1569176936.00,United States,,2657328,Miscellaneous,Office Equipment/Supplies/Services
VZ,Verizon Communications Inc. Common Stock,$39.85,-0.18,-0.45%,168024555737.00,United States,,22401249,Telecommunications,Telecommunications Equipment
VZLA,Vizsla Silver Corp. Common Shares,$4.22,0.30,7.653%,1452077494.00,Canada,2024,3034929,Basic Materials,Precious Metals
W,Wayfair Inc. Class A Common Stock,$112.50,5.62,5.258%,14663034113.00,United States,2014,5842529,Consumer Discretionary,Catalog/Specialty Distribution
WAB,Westinghouse Air Brake Technologies Corporation Common Stock,$210.00,3.69,1.789%,35900167170.00,United States,,1273431,Industrials,Railroads
WABC,Westamerica Bancorporation Common Stock,$48.27,0.29,0.604%,1229043693.00,United States,,92778,Finance,Major Banks
WAFD,WaFd Inc. Common Stock,$30.38,0.18,0.596%,2393702601.00,United States,,417754,Finance,Major Banks
WAFDP,WaFd Inc. Depositary Shares,$16.6101,0.0066,0.04%,1308743896.00,United States,,24791,Finance,Major Banks
WAFU,Wah Fu Education Group Limited Ordinary Shares,$1.77,0.05,2.907%,7806689.00,China,2019,3387,Real Estate,Other Consumer Services
WAI,Top KingWin Ltd Class A Ordinary Shares,$3.07,-0.03,-0.968%,5084298.00,China,2023,54903,Real Estate,Real Estate
WAL,Western Alliance Bancorporation Common Stock (DE),$79.61,-0.38,-0.475%,8761372430.00,United States,2005,662387,Finance,Major Banks
WAL^A,Western Alliance Bancorporation Depositary Shares Each Representing a 1/400th Interest in a Share of 4.250% Fixed-Rate Non-Cumulative Perpetual Preferred Stock Series A,$21.52,0.06,0.28%,,United States,,18076,,
WALD,Waldencast plc Class A Ordinary Share,$1.79,-0.03,-1.648%,219670431.00,United States,2021,49949,Consumer Discretionary,Package Goods/Cosmetics
WALDW,Waldencast plc Warrant ,$0.035,0.0029,9.034%,4295232.00,United States,2021,247,Consumer Discretionary,Package Goods/Cosmetics
WASH,Washington Trust Bancorp Inc. Common Stock,$28.19,0.03,0.107%,536594818.00,United States,,120437,Finance,Major Banks
WAT,Waters Corporation Common Stock,$376.57,4.88,1.313%,22418997042.00,United States,1995,511886,Industrials,Biotechnology: Laboratory Analytical Instruments
WATT,Energous Corporation Common Stock,$7.50,0.29,4.022%,10915193.00,United States,2014,31499,Technology,Radio And Television Broadcasting And Communications Equipment
WAVE,Eco Wave Power Global AB (publ) American Depositary Shares,$8.08,0.66,8.895%,377609460.00,Israel,2021,31187,Utilities,Electric Utilities: Central
WAY,Waystar Holding Corp. Common Stock,$36.11,-0.11,-0.304%,6908441812.00,United States,2024,1401973,Technology,EDP Services
WB,Weibo Corporation American Depositary Share,$10.80,0.36,3.448%,2644113024.00,China,2014,973497,Technology,Computer Software: Programming Data Processing
WBD,Warner Bros. Discovery Inc. Series A Common Stock ,$22.98,0.31,1.367%,56943854217.00,United States,,30445438,Consumer Discretionary,Services-Misc. Amusement & Recreation
WBI,WaterBridge Infrastructure LLC Class A Shares Representing Limited Liability Company Interests,$25.11,0.79,3.248%,2862540000.00,,2025,633594,Energy,Oilfield Services/Equipment
WBS,Webster Financial Corporation Common Stock,$57.30,-0.26,-0.452%,9522609530.00,United States,,833405,Finance,Major Banks
WBS^F,Webster Financial Corporation Depositary Shares Each Representing 1/1000th Interest in a Share of 5.25% Series F Non-Cumulative Perpetual Preferred Stock,$20.16,0.06,0.299%,,United States,,3467,,
WBS^G,Webster Financial Corporation Depositary Shares each representing a 1/40th interest in a share of 6.50% Series G non-cumulative perpetual preferred stock,$24.53,-0.1191,-0.483%,,United States,,10517,,
WBTN,WEBTOON Entertainment Inc. Common stock,$16.78,0.37,2.255%,2191606871.00,United States,2024,359633,Consumer Discretionary,Publishing
WBUY,WEBUY GLOBAL LTD. Class A Ordinary Shares,$2.00,-0.05,-2.439%,1561158.00,Singapore,2023,12661,Consumer Discretionary,Other Specialty Stores
WBX,Wallbox N.V. Class A Ordinary Shares,$3.85,-0.19,-4.703%,62862781.00,Spain,,36778,Consumer Discretionary,Industrial Specialties
WCC,WESCO International Inc. Common Stock,$260.59,5.16,2.02%,12676721076.00,United States,1999,420092,Consumer Discretionary,Telecommunications Equipment
WCN,Waste Connections Inc. Common Shares,$165.94,-0.24,-0.144%,42742878467.00,Canada,,1086206,Utilities,Environmental Services
WCT,Wellchange Holdings Company Limited Class A Ordinary shares,$0.2352,0.0006,0.256%,10881528.00,Hong Kong,2024,156327,Technology,Computer Software: Prepackaged Software
WD,Walker & Dunlop Inc Common Stock,$66.28,-3.09,-4.454%,2257777297.00,United States,2010,451487,Finance,Finance: Consumer Services
WDAY,Workday Inc. Class A Common Stock,$227.97,2.80,1.244%,60867990000.00,United States,,1998557,Technology,EDP Services
WDC,Western Digital Corporation Common Stock,$174.22,11.265,6.913%,59565692736.00,United States,,11216000,Technology,Electronic Components
WDFC,WD-40 Company Common Stock,$198.01,-0.27,-0.136%,2678646608.00,United States,1973,101397,Industrials,Major Chemicals
WDH,Waterdrop Inc. American Depositary Shares (each representing the right to receive 10 Class A Ordinary Shares),$1.66,0.06,3.75%,600359767.00,Cayman Islands,2021,304809,Finance,Specialty Insurers
WDI,Western Asset Diversified Income Fund Common Shares of Beneficial Interest,$14.39,0.07,0.489%,0.00,United States,2021,216389,Finance,Trusts Except Educational Religious and Charitable
WDS,Woodside Energy Group Limited American Depositary Shares each representing one Ordinary Share,$17.21,0.32,1.895%,32677483559.00,Australia,2022,658687,Energy,Oil & Gas Production
WEA,Western Asset Bond Fund Share of Beneficial Interest,$11.09,0.04,0.362%,0.00,United States,2002,15001,Finance,Trusts Except Educational Religious and Charitable
WEAV,Weave Communications Inc. Common Stock,$6.39,0.00,0.00%,498584587.00,United States,2021,1191624,Technology,Computer Software: Prepackaged Software
WEC,WEC Energy Group Inc. Common Stock,$112.42,-0.45,-0.399%,36569579810.00,United States,,2188004,Utilities,Power Generation
WELL,Welltower Inc. Common Stock,$191.06,0.81,0.426%,131129835896.00,United States,,3429087,Real Estate,Real Estate Investment Trusts
WEN,Wendy's Company (The) Common Stock,$8.54,-0.43,-4.794%,1627425963.00,United States,,10703918,Consumer Discretionary,Restaurants
WENN,Wen Acquisition Corp Class A Ordinary Shares,$10.24,-0.01,-0.098%,0.00,United States,2025,32793,,
WENNU,Wen Acquisition Corp Unit,$10.80,0.10,0.935%,0.00,United States,2025,2294,Finance,Blank Checks
WENNW,Wen Acquisition Corp Warrant,$0.68,-0.02,-2.857%,0.00,United States,2025,107,Finance,Blank Checks
WERN,Werner Enterprises Inc. Common Stock,$25.35,-0.85,-3.244%,1516698536.00,United States,1986,1119778,Industrials,Trucking Freight/Courier Services
WES,Western Midstream Partners LP Common Units Representing Limited Partner Interests,$39.17,0.18,0.462%,15981192548.00,United States,2012,2039236,Utilities,Natural Gas Distribution
WEST,Westrock Coffee Company Common Stock,$4.18,0.31,8.01%,404728124.00,United States,,727061,Consumer Staples,Beverages (Production/Distribution)
WETH,Wetouch Technology Inc. Common Stock,$2.56,0.09,3.644%,30544727.00,China,,285338,Technology,Computer peripheral equipment
WETO,Webus International Limited Ordinary Shares,$1.065,0.005,0.472%,23430000.00,China,2025,5844,Industrials,Other Transportation
WEX,WEX Inc. common stock,$146.68,1.00,0.686%,5029440847.00,United States,,335513,Real Estate,Real Estate
WEYS,Weyco Group Inc. Common Stock,$32.65,0.43,1.335%,311460724.00,United States,,9325,Consumer Staples,Apparel
WF,Woori Financial Group Inc. American Depositary Shares (each representing three (3) shares of Common Stock),$54.86,0.96,1.781%,13555678441.00,South Korea,,51458,Finance,Commercial Banks
WFC,Wells Fargo & Company Common Stock,$86.10,0.06,0.07%,270275179066.00,United States,,13138212,Finance,Major Banks
WFC^A,Wells Fargo & Company Depositary Shares each representing a 1/1000th interest in a share of Non-Cumulative Perpetual Class A Preferred Stock Series AA,$19.76,0.0815,0.414%,,United States,,46182,,
WFC^C,Wells Fargo & Company Depositary Shares each representing a 1/1000th interest in a share of Non-Cumulative Perpetual Class A Preferred Stock Series CC,$18.40,0.088,0.481%,,United States,,35365,,
WFC^D,Wells Fargo & Company Depositary Shares each representing a 1/1000th interest in  a share of Non-Cumulative Perpetual Class A Preferred Stock Series DD,$17.77,0.04,0.226%,,United States,,72160,,
WFC^L,Wells Fargo & Company 7.50% Non-Cumulative Perpetual Convertible Class A Preferred Stock Series L,$1244.98,4.48,0.361%,,United States,,1586,,
WFC^Y,Wells Fargo & Company Depositary Shares each representing a 1/1000th interest in a share of Non-Cumulative Perpetual Class A Preferred Stock Series Y,$24.60,0.09,0.367%,,United States,,40919,,
WFC^Z,Wells Fargo & Company Depositary Shares each representing a 1/1000th interest in a share of Non-Cumulative Perpetual Class A Preferred Stock Series Z,$19.85,0.08,0.405%,,United States,,118917,,
WFCF,Where Food Comes From Inc. Common Stock,$12.33,0.00,0.00%,63723610.00,United States,,88,Technology,Computer Software: Prepackaged Software
WFF,WF Holding Limited Ordinary Shares,$0.6251,0.005,0.806%,15596245.00,Malaysia,2025,29892,Consumer Discretionary,Miscellaneous manufacturing industries
WFG,West Fraser Timber Co. Ltd Common stock,$58.01,-0.99,-1.678%,4545282880.00,,2021,177203,Basic Materials,Forest Products
WFRD,Weatherford International plc Ordinary Shares,$74.95,1.69,2.307%,5384033400.00,United States,,616334,Consumer Discretionary,Oil and Gas Field Machinery
WGO,Winnebago Industries Inc. Common Stock,$35.45,-1.16,-3.169%,993682643.00,United States,,325848,Industrials,Homebuilding
WGRX,Wellgistics Health Inc. Common Stock,$0.5896,-0.0494,-7.731%,49564193.00,United States,2025,1502960,Health Care,Other Pharmaceuticals
WGS,GeneDx Holdings Corp. Class A Common Stock,$142.62,2.89,2.068%,4122372626.00,United States,2020,691699,Technology,Retail: Computer Software & Peripheral Equipment
WGSWW,GeneDx Holdings Corp. Warrant,$0.0885,0.001,1.143%,2558056.00,United States,2020,11483,Technology,Retail: Computer Software & Peripheral Equipment
WH,Wyndham Hotels & Resorts Inc. Common Stock ,$73.29,-0.44,-0.597%,5537202049.00,United States,2018,885072,Consumer Discretionary,Hotels/Resorts
WHD,Cactus Inc. Class A Common Stock,$43.38,0.52,1.213%,3463782988.00,United States,2018,697777,Consumer Discretionary,Oil and Gas Field Machinery
WHF,WhiteHorse Finance Inc. Common Stock,$6.75,-0.36,-5.063%,156890844.00,United States,,611452,Finance,Finance Companies
WHFCL,WhiteHorse Finance Inc. 7.875% Notes due 2028,$25.3513,-0.0787,-0.309%,589242497.00,United States,,4470,,
WHG,Westwood Holdings Group Inc Common Stock,$16.78,0.07,0.419%,157868421.00,United States,,8300,Finance,Investment Managers
WHLR,Wheeler Real Estate Investment Trust Inc. Common Stock,$1.89,0.04,2.162%,2320801.00,United States,2012,218659,Real Estate,Real Estate Investment Trusts
WHLRD,Wheeler Real Estate Investment Trust Inc. Series D Cumulative Preferred Stock,$35.3301,-0.2199,-0.619%,43383137.00,United States,,4598,Real Estate,Real Estate Investment Trusts
WHLRL,Wheeler Real Estate Investment Trust Inc. 7.00% Senior Subordinated Convertible Notes Due 2031,$119.50,0.00,0.00%,146738472.00,United States,,95,Real Estate,Real Estate Investment Trusts
WHLRP,Wheeler Real Estate Investment Trust Inc. Class B Preferred Stock,$3.80,0.12,3.261%,4666161.00,United States,,5987,Real Estate,Real Estate Investment Trusts
WHR,Whirlpool Corporation Common Stock,$65.50,-2.09,-3.092%,3677736313.00,United States,,1720029,Consumer Discretionary,Consumer Electronics/Appliances
WHWK,Whitehawk Therapeutics Inc. Common Stock,$2.18,0.11,5.314%,102739829.00,United States,,170536,Health Care,Biotechnology: Pharmaceutical Preparations
WIA,Western Asset Inflation-Linked Income Fund,$8.40,0.015,0.179%,0.00,United States,2003,11796,Finance,Trusts Except Educational Religious and Charitable
WILC,G. Willi-Food International  Ltd. Ordinary Shares,$22.15,0.38,1.746%,307154427.00,Israel,,9859,Consumer Discretionary,Food Distributors
WIMI,WiMi Hologram Cloud Inc. Class B Ordinary Shares,$3.21,0.04,1.262%,15762394.00,China,2020,54407,Technology,Computer Software: Prepackaged Software
WINA,Winmark Corporation Common Stock,$429.27,9.18,2.185%,1529117691.00,United States,,71662,Consumer Discretionary,Other Specialty Stores
WING,Wingstop Inc. Common Stock,$238.00,-0.18,-0.076%,6613271252.00,United States,2015,774468,Consumer Discretionary,Restaurants
WIT,Wipro Limited Common Stock,$2.62,0.02,0.769%,27436996448.00,India,,4855919,Technology,EDP Services
WIW,Western Asset Inflation-Linked Opportunities & Income Fund,$8.84,-0.02,-0.226%,0.00,United States,2004,66791,Finance,Finance Companies
WIX,Wix.com Ltd. Ordinary Shares,$131.35,-4.58,-3.369%,7312014655.00,Israel,2013,1358520,Technology,Computer Software: Programming Data Processing
WK,Workiva Inc. Class A Common Stock,$89.15,0.15,0.169%,5003815568.00,United States,2014,660232,Technology,Computer Software: Prepackaged Software
WKC,World Kinect Corporation Common Stock,$25.58,0.03,0.117%,1421193413.00,United States,,527182,Energy,Oil Refining/Marketing
WKEY,WISeKey International Holding Ltd American Depositary Shares,$14.17,0.69,5.119%,129088048.00,Switzerland,,1149138,Technology,EDP Services
WKHS,Workhorse Group Inc. Common Stock,$0.783,-0.0035,-0.445%,12037267.00,United States,,3051169,Industrials,Auto Manufacturing
WKSP,Worksport Ltd. Common Stock,$2.70,-0.02,-0.735%,17933503.00,Canada,,166787,Consumer Discretionary,Auto Parts:O.E.M.
WLAC,Willow Lane Acquisition Corp. Class A Ordinary Shares,$12.49,-0.02,-0.16%,0.00,United States,2024,176345,,
WLACU,Willow Lane Acquisition Corp. Unit,$13.45,0.00,0.00%,0.00,United States,2024,32,Finance,Blank Checks
WLACW,Willow Lane Acquisition Corp. Warrants,$3.55,-0.05,-1.389%,0.00,United States,2024,31926,,
WLDN,Willdan Group Inc. Common Stock,$94.17,3.23,3.552%,1381011243.00,United States,2006,374426,Consumer Discretionary,Military/Government/Technical
WLDS,Wearable Devices Ltd. Ordinary Share,$1.80,-0.01,-0.552%,1852164.00,Israel,2022,175500,Telecommunications,Computer Communications Equipment
WLDSW,Wearable Devices Ltd. Warrant,$2.36,-0.09,-3.673%,2428393.00,Israel,2022,445,Telecommunications,Computer Communications Equipment
WLFC,Willis Lease Finance Corporation Common Stock,$121.62,1.24,1.03%,828737409.00,United States,1996,45635,Consumer Discretionary,Industrial Specialties
WLK,Westlake Corporation Common Stock,$65.18,0.23,0.354%,8360848480.00,United States,2004,1203104,Industrials,Major Chemicals
WLKP,Westlake Chemical Partners LP Common Units representing limited partner interests,$18.38,-0.31,-1.659%,647819256.00,United States,2014,134799,Industrials,Major Chemicals
WLY,John Wiley & Sons Inc. Common Stock,$36.82,0.29,0.794%,1958916750.00,United States,,371148,Consumer Discretionary,Books
WLYB,John Wiley & Sons Inc. Common Stock,$36.95,0.18,0.49%,1965833077.00,United States,,470,Consumer Discretionary,Books
WM,Waste Management Inc. Common Stock,$200.47,-1.45,-0.718%,80762757714.00,United States,,2175328,Utilities,Environmental Services
WMB,Williams Companies Inc. (The) Common Stock,$60.60,1.02,1.712%,74005863340.00,United States,,7619467,Utilities,Natural Gas Distribution
WMG,Warner Music Group Corp. Class A Common Stock,$29.80,-0.43,-1.422%,15533752994.00,United States,2020,1452796,Consumer Discretionary,Services-Misc. Amusement & Recreation
WMK,Weis Markets Inc. Common Stock,$63.72,-0.87,-1.347%,1576725721.00,United States,,125639,Consumer Staples,Food Chains
WMS,Advanced Drainage Systems Inc. Common Stock,$147.40,-0.62,-0.419%,11462485384.00,United States,2014,746978,Consumer Discretionary,Containers/Packaging
WMT,Walmart Inc. Common Stock,$102.42,-0.17,-0.166%,816579411915.00,United States,,14502803,Consumer Discretionary,Department/Specialty Retail Stores
WNC,Wabash National Corporation Common Stock,$7.84,0.10,1.292%,317650434.00,United States,1991,496384,Industrials,Construction/Ag Equipment/Trucks
WNEB,Western New England Bancorp Inc. Common Stock,$11.82,0.06,0.51%,242215038.00,United States,,25624,Finance,Savings Institutions
WNW,Meiwu Technology Company Limited Ordinary Shares,$1.6453,0.0953,6.148%,5212529.00,China,2020,9647,Consumer Discretionary,Catalog/Specialty Distribution
WOK,WORK Medical Technology Group LTD Class A Ordinary Shares,$3.86,0.20,5.464%,3344574.00,China,2024,40173,Health Care,Medical/Dental Instruments
WOLF,Wolfspeed Inc. Common Stock New,$17.88,-0.07,-0.39%,2797719342.00,United States,2025,1606635,Technology,Semiconductors
WOOF,Petco Health and Wellness Company Inc. Class A Common Stock,$3.14,0.02,0.641%,998672023.00,United States,2021,1191080,Consumer Discretionary,Other Specialty Stores
WOR,Worthington Enterprises Inc. Common Shares,$55.05,0.23,0.42%,2734061333.00,United States,,171205,Industrials,Steel/Iron Ore
WORX,SCWorx Corp. Common Stock,$0.2857,-0.0172,-5.678%,2251628.00,United States,2016,4441010,Consumer Discretionary,Services-Misc. Amusement & Recreation
WOW,WideOpenWest Inc. Common Stock,$5.13,-0.01,-0.195%,439660304.00,United States,2017,217413,Telecommunications,Cable & Other Pay Television Services
WPC,W. P. Carey Inc. REIT,$66.86,-0.51,-0.757%,14652036305.00,United States,,1119932,Real Estate,Real Estate Investment Trusts
WPM,Wheaton Precious Metals Corp Common Shares (Canada),$102.31,3.25,3.281%,46449775991.00,Canada,,2653367,Basic Materials,Precious Metals
WPP,WPP plc American Depositary Shares,$19.10,0.57,3.076%,4121025015.00,Ireland,,966503,Consumer Discretionary,Advertising
WPRT,Westport Fuel Systems Inc Common Shares,$1.98,-0.01,-0.503%,34354990.00,Canada,2008,73120,Industrials,Industrial Machinery/Components
WRAP,Wrap Technologies Inc. Common Stock,$2.14,0.085,4.136%,108756294.00,United States,,122624,Industrials,Ordnance And Accessories
WRB,W.R. Berkley Corporation Common Stock,$75.84,0.87,1.16%,28820805836.00,United States,,2866734,Finance,Property-Casualty Insurers
WRB^E,W.R. Berkley Corporation 5.70% Subordinated Debentures due 2058,$22.77,0.14,0.619%,,United States,,9252,,
WRB^F,W.R. Berkley Corporation 5.10% Subordinated Debentures due 2059,$20.4571,-0.0129,-0.063%,,United States,,26037,,
WRB^G,W.R. Berkley Corporation 4.25% Subordinated Debentures due 2060,$17.51,0.07,0.401%,,United States,,2981,,
WRB^H,W.R. Berkley Corporation 4.125% Subordinated Debentures due 2061,$17.56,0.26,1.503%,,United States,,9307,,
WRBY,Warby Parker Inc. Class A Common Stock,$17.39,0.17,0.987%,2124446098.00,United States,2021,3187672,Health Care,Ophthalmic Goods
WRD,WeRide Inc. American Depositary Shares,$8.17,0.18,2.253%,2324601154.00,China,2024,9753461,Technology,EDP Services
WRLD,World Acceptance Corporation Common Stock,$133.42,1.34,1.015%,672180233.00,United States,1991,67380,Finance,Finance: Consumer Services
WRN,Western Copper and Gold Corporation Common Stock,$2.11,0.19,9.896%,425477191.00,Canada,2011,1142914,Basic Materials,Metal Mining
WS,Worthington Steel Inc. Common Shares,$31.78,0.28,0.889%,1615474551.00,United States,2023,136658,Industrials,Steel/Iron Ore
WSBC,WesBanco Inc. Common Stock,$31.28,0.38,1.23%,3002561663.00,United States,,474760,Finance,Major Banks
WSBCO,WesBanco Inc. Depositary Shares each representing 1/40th interest in a share of 7.375% Fixed-Rate Reset Non-Cumulative Perpetual Preferred Stock Series B,$25.475,-0.005,-0.02%,2445340741.00,United States,,9896,Finance,Major Banks
WSBCP,WesBanco Inc. Depositary Shares Each Representing a 1/40th Interest in a Share of 6.75% Fixed-Rate Reset Non-Cumulative Perpetual Preferred Stock Series A,$24.985,0.0105,0.042%,2398305728.00,United States,,19703,Finance,Major Banks
WSBF,Waterstone Financial Inc. Common Stock (MD),$15.40,0.14,0.917%,284236537.00,United States,2005,31212,Finance,Savings Institutions
WSBK,Winchester Bancorp Inc. Common Stock,$9.62,0.00,0.00%,0.00,United States,2025,160,,
WSC,WillScot Holdings Corporation Class A Common Stock,$18.26,-0.015,-0.082%,3322328281.00,United States,2015,5435583,Industrials,Misc Corporate Leasing Services
WSFS,WSFS Financial Corporation Common Stock,$54.84,0.47,0.864%,2998429043.00,United States,,293245,Finance,Major Banks
WSM,Williams-Sonoma Inc. Common Stock (DE),$194.65,-2.30,-1.168%,23706488318.00,United States,,782295,Consumer Discretionary,Home Furnishings
WSO,Watsco Inc. Common Stock,$350.88,-0.76,-0.216%,14226967148.00,United States,,393552,Consumer Discretionary,Industrial Machinery/Components
WSO/B,Watsco Inc.,$351.50,-14.63,-3.996%,,United States,,189,,
WSR,Whitestone REIT Common Shares,$13.40,0.05,0.375%,683669662.00,United States,2010,282841,Real Estate,Real Estate Investment Trusts
WST,West Pharmaceutical Services Inc. Common Stock,$275.47,4.43,1.634%,19818251704.00,United States,,574726,Health Care,Medical/Dental Instruments
WSTNU,Westin Acquisition Corp Units,$10.04,0.005,0.05%,0.00,Singapore,2025,59911,,
WT,WisdomTree Inc. Common Stock,$11.72,0.14,1.209%,1649180738.00,United States,2022,1562851,Finance,Investment Bankers/Brokers/Service
WTBA,West Bancorporation Common Stock,$21.70,-0.04,-0.184%,367615035.00,United States,,17792,Finance,Major Banks
WTF,Waton Financial Limited Ordinary Shares,$4.99,-0.22,-4.223%,240704985.00,Hong Kong,2025,82411,Finance,Investment Bankers/Brokers/Service
WTFC,Wintrust Financial Corporation Common Stock,$131.61,0.99,0.758%,8814074104.00,United States,,488131,Finance,Major Banks
WTFCN,Wintrust Financial Corporation Depositary Shares Each Representing a 1/1000th Interest in a Share of 7.875% Fixed-Rate Reset Non-Cumulative Perpetual Preferred StocK,$26.26,0.01,0.038%,1758662609.00,United States,,20234,Finance,Major Banks
WTG,Wintergreen Acquisition Corp. Ordinary Shares,$10.11,0.00,0.00%,0.00,China,2025,307,Finance,Blank Checks
WTGUR,Wintergreen Acquisition Corp. Rights,$0.228,-0.002,-0.87%,0.00,China,2025,1252,Finance,Blank Checks
WTI,W&T Offshore Inc. Common Stock,$1.90,-0.14,-6.863%,282676726.00,United States,2005,2019766,Energy,Oil & Gas Production
WTM,White Mountains Insurance Group Ltd. Common Stock,$1901.76,-6.70,-0.351%,4855394867.00,United States,,19348,Finance,Property-Casualty Insurers
WTO,UTime Limited Class A Ordinary Shares,$0.0375,-0.0055,-12.791%,3786930.00,China,2021,66410870,Technology,Consumer Electronics/Appliances
WTRG,Essential Utilities Inc. Common Stock,$39.26,-0.39,-0.984%,11109618954.00,United States,,1513545,Utilities,Water Supply
WTS,Watts Water Technologies Inc. Class A Common Stock,$275.85,2.64,0.966%,9200403258.00,United States,1986,150740,Industrials,Metal Fabrications
WTTR,Select Water Solutions Inc. Class A common stock,$11.00,0.04,0.365%,1332426755.00,United States,2017,995705,Energy,Oilfield Services/Equipment
WTW,Willis Towers Watson Public Limited Company Ordinary Shares,$321.61,-4.44,-1.362%,30793711427.00,United Kingdom,,640481,Finance,Specialty Insurers
WU,Western Union Company (The) Common Stock,$8.88,-0.22,-2.418%,2822462756.00,United States,,9140812,Real Estate,Real Estate
WULF,TeraWulf Inc. Common Stock,$14.30,0.36,2.582%,5604547134.00,United States,,43014942,Technology,EDP Services
WVE,Wave Life Sciences Ltd. Ordinary Shares,$7.05,-0.81,-10.305%,1121940243.00,Singapore,2015,3995116,Health Care,Biotechnology: Pharmaceutical Preparations
WVVI,Willamette Valley Vineyards Inc. Common Stock,$2.62,-0.20,-7.092%,13007066.00,United States,,55558,Consumer Staples,Beverages (Production/Distribution)
WVVIP,Willamette Valley Vineyards Inc. Series A Redeemable Preferred Stock,$3.2678,0.0064,0.196%,16223088.00,United States,,179,Consumer Staples,Beverages (Production/Distribution)
WW,WW International Inc.  Common Stock,$29.00,-3.48,-10.714%,289620912.00,United States,,527046,Consumer Discretionary,Other Consumer Services
WWD,Woodward Inc. Common Stock,$271.49,5.18,1.945%,16280229339.00,United States,,437282,Energy,Industrial Machinery/Components
WWR,Westwater Resources Inc. Common Stock,$1.06,-0.17,-13.821%,91399648.00,United States,,5791180,Basic Materials,Metal Mining
WWW,Wolverine World Wide Inc. Common Stock,$16.34,0.42,2.638%,1339355437.00,United States,,3987302,Consumer Discretionary,Shoe Manufacturing
WXM,WF International Limited Ordinary Shares,$0.82,-0.129,-13.593%,5658000.00,China,2025,242347,Consumer Discretionary,Engineering & Construction
WY,Weyerhaeuser Company Common Stock,$22.68,-0.40,-1.733%,16349127480.00,United States,,7552387,Real Estate,Real Estate Investment Trusts
WYFI,WhiteFiber Inc. Ordinary Shares,$29.05,0.30,1.043%,1098816250.00,United States,2025,573470,Finance,Finance: Consumer Services
WYHG,Wing Yip Food Holdings Group Limited American Depositary Shares,$0.9051,-0.1049,-10.386%,45554523.00,China,2024,51744,Consumer Staples,Specialty Foods
WYNN,Wynn Resorts Limited Common stock,$128.88,2.74,2.172%,13400230854.00,United States,2002,2398912,Consumer Discretionary,Hotels/Resorts
WYY,WidePoint Corporation Common Stock,$6.57,-0.26,-3.807%,64234272.00,United States,,73252,Technology,EDP Services
XAIR,Beyond Air Inc. Common Stock,$1.74,-0.02,-1.136%,9093611.00,United States,,426750,Health Care,Medical/Dental Instruments
XBIO,Xenetic Biosciences Inc. Common Stock,$2.65,0.07,2.713%,4086668.00,United States,,89449,Health Care,Biotechnology: Pharmaceutical Preparations
XBIT,XBiotech Inc. Common Stock,$2.45,0.11,4.701%,74694941.00,United States,2015,100263,Health Care,Biotechnology: Pharmaceutical Preparations
XBP,XBP Global Holdings Inc. Common Stock,$0.588,0.0494,9.172%,69099392.00,United States,2021,195754,Real Estate,Real Estate
XBPEW,XBP Europe Holdings Inc. Warrant,$0.04,-0.0068,-14.53%,4700639.00,United States,2021,2705,Real Estate,Real Estate
XCH,XCHG Limited American Depositary Share,$1.45,-0.02,-1.361%,86204730.00,Germany,2024,17964,Industrials,Electrical Products
XCUR,Exicure Inc. Common Stock,$3.87,-0.09,-2.273%,24449859.00,United States,,10135,Health Care,Biotechnology: Pharmaceutical Preparations
XEL,Xcel Energy Inc. Common Stock,$80.40,-0.51,-0.63%,47559797749.00,United States,,5354079,Utilities,Power Generation
XELB,Xcel Brands Inc. Common Stock,$1.0933,0.0033,0.303%,5206688.00,United States,,15007,Miscellaneous,Multi-Sector Companies
XELLL,Xcel Energy Inc. 6.25% Junior Subordinated Notes Series due 2085,$25.035,-0.005,-0.02%,0.00,United States,,95193,Utilities,Power Generation
XENE,Xenon Pharmaceuticals Inc. Common Shares,$38.41,0.16,0.418%,2968132942.00,Canada,2014,432393,Health Care,Biotechnology: Pharmaceutical Preparations
XERS,Xeris Biopharma Holdings Inc. Common Stock,$7.72,0.29,3.903%,1280935511.00,United States,2018,3526730,Health Care,Biotechnology: Pharmaceutical Preparations
XFLT,XAI Octagon Floating Rate & Alternative Income Trust Common Shares of Beneficial Interest,$4.89,-0.03,-0.61%,173441121.00,United States,2017,704489,Finance,Investment Managers
XFOR,X4 Pharmaceuticals Inc. Common Stock,$3.63,-0.08,-2.156%,317395177.00,United States,2017,517863,Health Care,Biotechnology: Biological Products (No Diagnostic Substances)
XGN,Exagen Inc. Common Stock,$9.46,-0.10,-1.046%,214392917.00,United States,2019,534193,Health Care,Medical Specialities
XHG,XChange TEC.INC American Depositary Shares ,$0.861,0.041,5.00%,883640.00,China,2019,14136,Finance,Real Estate
XHLD,TEN Holdings Inc. Common Stock,$0.289,-0.0107,-3.57%,10166669.00,United States,2025,1659645,Real Estate,Real Estate
XHR,Xenia Hotels & Resorts Inc. Common Stock,$13.82,0.23,1.692%,1310215437.00,United States,2015,1018998,Consumer Discretionary,Hotels/Resorts
XIFR,XPLR Infrastructure LP Common Units representing limited partner interests,$9.77,0.43,4.604%,918051200.00,United States,2014,2285243,Utilities,Electric Utilities: Central
XLO,Xilio Therapeutics Inc. Common Stock,$0.8048,-0.0022,-0.273%,41711102.00,United States,2021,1247943,Health Care,Biotechnology: Pharmaceutical Preparations
XMTR,Xometry Inc. Class A Common Stock,$66.39,1.58,2.438%,3402331882.00,United States,2021,754343,Real Estate,Real Estate
XNCR,Xencor Inc. Common Stock,$13.74,-0.16,-1.151%,981179844.00,United States,2013,959420,Health Care,Biotechnology: Pharmaceutical Preparations
XNET,Xunlei Limited American Depositary Shares,$7.92,0.06,0.763%,2469933822.00,China,2014,380602,Technology,Computer Software: Prepackaged Software
XOM,Exxon Mobil Corporation Common Stock,$118.22,1.00,0.853%,498553318887.00,United States,,13042363,Energy,Integrated oil Companies
XOMA,XOMA Royalty Corporation Common Stock,$33.49,0.30,0.904%,404817709.00,United States,1986,35047,Health Care,Biotechnology: Pharmaceutical Preparations
XOMAO,XOMA Royalty Corporation Depositary Shares Rep Series B 8.375% Cumulative Preferred Stock,$25.42,0.06,0.237%,307269817.00,United States,,1768,Health Care,Biotechnology: Pharmaceutical Preparations
XOMAP,XOMA Royalty Corporation 8.625% Series A Cumulative Perpetual Preferred Stock,$26.0789,-0.4211,-1.589%,315234415.00,United States,,973,Health Care,Biotechnology: Pharmaceutical Preparations
XOS,Xos Inc. Common Stock,$2.42,0.00,0.00%,21031211.00,United States,2020,23346,Consumer Discretionary,Auto Parts:O.E.M.
XOSWW,Xos Inc. Warrants,$0.0101,0.00,0.00%,87775.00,United States,2020,50878,Consumer Discretionary,Auto Parts:O.E.M.
XP,XP Inc. Class A Common Stock,$18.92,0.31,1.666%,10168051125.00,Brazil,2019,4289697,Finance,Investment Bankers/Brokers/Service
XPEL,XPEL Inc. Common Stock,$38.65,0.88,2.33%,1069551672.00,United States,,242270,Industrials,Industrial Specialties
XPER,Xperi Inc. Common Stock ,$6.57,-0.02,-0.303%,304423479.00,United States,2022,492557,Technology,Computer Software: Prepackaged Software
XPEV,XPeng Inc. American depositary shares each representing two Class A ordinary shares,$26.04,3.62,16.146%,24743839809.00,China,2020,39053457,Industrials,Auto Manufacturing
XPL,Solitario Resources Corp. Common Stock,$0.6185,0.0253,4.265%,56222469.00,United States,,297348,Basic Materials,Precious Metals
XPO,XPO Inc. Common Stock,$139.40,-1.37,-0.973%,16363366262.00,United States,,1174810,Consumer Discretionary,Transportation Services
XPOF,Xponential Fitness Inc. Class A Common Stock,$6.40,0.00,0.00%,312544000.00,United States,2021,846006,Consumer Discretionary,Services-Misc. Amusement & Recreation
XPON,Expion360 Inc. Common Stock,$1.26,0.10,8.621%,4378147.00,United States,2022,311232,Miscellaneous,Industrial Machinery/Components
XPRO,Expro Group Holdings N.V. Common Stock,$13.82,0.87,6.718%,1569405018.00,United States,2013,1599101,Energy,Oilfield Services/Equipment
XRAY,DENTSPLY SIRONA Inc. Common Stock,$11.00,-0.18,-1.61%,2195071659.00,United States,1987,5413926,Health Care,Medical/Dental Instruments
XRPN,Armada Acquisition Corp. II Class A Ordinary Shares,$10.25,0.02,0.196%,0.00,United States,2025,140173,Finance,Blank Checks
XRPNU,Armada Acquisition Corp. II Units,$11.00,-0.40,-3.509%,0.00,United States,2025,1385,Finance,Blank Checks
XRPNW,Armada Acquisition Corp. II Warrant,$1.10,0.035,3.286%,0.00,United States,2025,26352,Finance,Blank Checks
XRTX,XORTX Therapeutics Inc. Common Stock,$0.595,0.0369,6.612%,3101270.00,Canada,,91824,Health Care,Biotechnology: Pharmaceutical Preparations
XRX,Xerox Holdings Corporation Common Stock,$3.03,-0.03,-0.98%,381263076.00,United States,,2890780,Technology,Computer peripheral equipment
XTIA,XTI Aerospace Inc. Common Stock,$1.64,0.18,12.329%,33215438.00,United States,2014,1716167,Technology,EDP Services
XTKG,X3 Holdings Co. Ltd. Ordinary Shares,$1.53,-0.09,-5.556%,21065300.00,China,2019,476241,Technology,EDP Services
XTLB,XTL Biopharmaceuticals Ltd. American Depositary Shares,$0.9431,-0.0569,-5.69%,8312344.00,Israel,,267074,Health Care,Biotechnology: Pharmaceutical Preparations
XTNT,Xtant Medical Holdings Inc. Common Stock,$0.761,0.0084,1.116%,99170264.00,United States,,274428,Health Care,Biotechnology: Biological Products (No Diagnostic Substances)
XWEL,XWELL Inc. Common Stock,$0.8599,0.0199,2.369%,4950189.00,United States,,2374,Consumer Discretionary,Other Consumer Services
XWIN,XMAX Inc. Common Stock,$5.77,5.77,,79460528.00,United States,,794280,,
XXII,22nd Century Group Inc. Common Stock,$1.29,0.05,4.032%,9013604.00,United States,,244874,Health Care, Medicinal Chemicals and Botanical Products 
XYF,X Financial American Depositary Shares each representing six Class A Ordinary Shares,$12.32,-0.14,-1.124%,520019734.00,Cayman Islands,2018,139895,Finance,Finance: Consumer Services
XYL,Xylem Inc. Common Stock New,$151.05,-0.26,-0.172%,36776001966.00,United States,2011,947562,Industrials,Fluid Controls
XYZ,Block Inc. Class A Common Stock,$66.80,1.35,2.063%,40592022000.00,United States,2015,8014982,Technology,Computer Software: Prepackaged Software
XZO,Exzeo Group Inc. Common Stock,$19.37,-0.01,-0.052%,1758327033.00,,2025,280823,Finance,Property-Casualty Insurers
YAAS,Youxin Technology Ltd Class A Ordinary shares,$1.79,0.14,8.485%,3832055.00,China,2024,43521,Technology,Computer Software: Prepackaged Software
YALA,Yalla Group Limited American Depositary Shares each representing one Class A Ordinary Share,$7.65,0.45,6.25%,1205149275.00,United Arab Emirates,2020,757010,Technology,Computer Software: Programming Data Processing
YB,Yuanbao Inc. American Depositary Shares,$21.95,0.11,0.504%,989614938.00,China,2025,22641,Finance,Specialty Insurers
YCBD,cbdMD Inc. Common Stock,$0.804,0.001,0.125%,7166019.00,United States,2017,148100,Consumer Discretionary,Package Goods/Cosmetics
YCY,AA Mission Acquisition Corp. II Class A Ordinary Shares,$10.02,-0.01,-0.10%,0.00,,2025,4487,,
YDDL,One and One Green Technologies. Inc Class A Ordinary Shares,$4.57,0.45,10.922%,249065000.00,Philippines,2025,180023,Consumer Discretionary,Industrial Specialties
YDES,YD Bio Limited Ordinary Shares,$8.67,-0.32,-3.56%,609672874.00,United States,,54075,Health Care,Medical Specialities
YDESW,YD Bio Limited Warrants,$0.581,-0.429,-42.475%,40855818.00,United States,,60890,Health Care,Medical Specialities
YDKG,Yueda Digital Holding Class A Ordinary Share,$0.0324,-0.0178,-35.458%,968379.00,China,2007,320644242,Consumer Discretionary,Advertising
YELP,Yelp Inc. Common Stock,$29.21,0.30,1.038%,1842001733.00,United States,2012,1500104,Consumer Discretionary,Other Consumer Services
YETI,YETI Holdings Inc. Common Stock,$36.51,0.23,0.634%,2840774206.00,United States,2018,3178534,Consumer Discretionary,Recreational Games/Products/Toys
YEXT,Yext Inc. Common Stock,$8.52,0.04,0.472%,1049977510.00,United States,2017,793804,Technology,EDP Services
YGMZ,MingZhu Logistics Holdings Limited Ordinary Shares,$0.1062,-0.0409,-27.804%,8143317.00,China,2020,9114118,Consumer Discretionary,Transportation Services
YHC,LQR House Inc. Common Stock,$0.884,-0.0023,-0.26%,9174226.00,United States,2023,78615,Consumer Staples,Beverages (Production/Distribution)
YHGJ,Yunhong Green CTI Ltd. Common Stock,$5.41,0.60,12.474%,15006593.00,United States,,22450,Industrials,Specialty Chemicals
YHNA,YHN Acquisition I Limited Ordinary Shares,$10.51,-0.0104,-0.099%,0.00,Hong Kong,2024,308962,,
YI,111 Inc. American Depositary Shares,$4.1104,-0.0696,-1.665%,35626629.00,China,2018,3181,Consumer Staples,Retail-Drug Stores and Proprietary Stores
YIBO,Planet Image International Limited Class A Ordinary Shares,$1.25,0.00,0.00%,67352000.00,China,2024,4642,Industrials,Industrial Machinery/Components
YJ,Yunji Inc. American Depository Shares,$1.74,0.03,1.754%,8570440.00,China,2019,2845,Consumer Discretionary,Other Specialty Stores
YMAT,J-Star Holding Co. Ltd. Ordinary Shares,$0.8312,0.0191,2.352%,14141112.00,Taiwan,2025,140129,Consumer Discretionary,Recreational Games/Products/Toys
YMM,Full Truck Alliance Co. Ltd. American Depositary Shares (each representing 20 Class A Ordinary Shares),$12.68,0.32,2.589%,13261938367.00,China,2021,2879784,Technology,Computer Software: Prepackaged Software
YMT,Yimutian Inc. American Depositary Shares,$1.464,0.09,6.55%,167448032.00,China,2025,87608,Technology,EDP Services
YORW,York Water Company (The) Common Stock,$31.95,-0.12,-0.374%,461188026.00,United States,,69544,Utilities,Water Supply
YOU,Clear Secure Inc. Class A Common Stock,$36.58,0.50,1.386%,4871003847.00,United States,2021,2242885,Technology,Computer Software: Prepackaged Software
YOUL,Youlife Group Inc. American Depositary Shares,$1.96,0.06,3.158%,149055256.00,China,,66937,Real Estate,Other Consumer Services
YPF,YPF Sociedad Anonima Common Stock,$37.21,0.95,2.62%,14635169028.00,Argentina,1993,2359741,Energy,Integrated oil Companies
YQ,17 Education & Technology Group Inc. American Depositary Shares,$5.10,0.13,2.616%,45143721.00,China,2020,21712,Real Estate,Other Consumer Services
YRD,Yiren Digital Ltd. American Depositary Shares each representing two ordinary shares,$5.50,0.20,3.774%,475235662.00,China,2015,34723,Finance,Finance: Consumer Services
YSG,Yatsen Holding Limited American Depositary Shares each representing twenty (20) Class A Ordinary Shares,$6.75,0.29,4.489%,633475850.00,China,,81979,Consumer Discretionary,Package Goods/Cosmetics
YSXT,YSX Tech. Co. Ltd Class A Ordinary Shares,$2.40,0.01,0.418%,56250000.00,China,2024,313300,Consumer Discretionary,Automotive Aftermarket
YTRA,Yatra Online Inc. Ordinary Shares,$1.57,0.16,11.348%,97427528.00,India,,174302,Consumer Discretionary,Transportation Services
YUM,Yum! Brands Inc.,$148.26,-0.86,-0.577%,41147442289.00,United States,,2142126,Consumer Discretionary,Restaurants
YUMC,Yum China Holdings Inc. Common Stock,$44.79,1.20,2.753%,16514886566.00,United States,2016,1656957,Consumer Discretionary,Restaurants
YXT,YXT.COM GROUP HOLDING LIMITED American Depository Shares,$0.8822,-0.0078,-0.876%,52998634.00,China,2024,42538,Technology,Computer Software: Prepackaged Software
YYAI,AiRWA Inc. Common Stock,$1.28,-0.02,-1.538%,24296095.00,United States,,2013095,Consumer Discretionary,Recreational Games/Products/Toys
YYGH,YY Group Holding Limited Class A Ordinary Shares,$0.2749,0.0039,1.439%,11297716.00,Singapore,2024,792611,Consumer Discretionary,Professional Services
Z,Zillow Group Inc. Class C Capital Stock,$73.05,0.05,0.068%,17681798522.00,United States,,2141633,Real Estate,Real Estate
ZBAI,ATIF Holdings Limited Ordinary Shares,$8.47,0.37,4.568%,87354269.00,United States,2019,3398,Consumer Discretionary,Professional Services
ZBAO,Zhibao Technology Inc. Class A Ordinary Shares,$0.95,0.00,0.00%,29947577.00,China,2024,9521,Finance,Specialty Insurers
ZBH,Zimmer Biomet Holdings Inc. Common Stock,$88.73,0.23,0.26%,17584649375.00,United States,,3073773,Health Care,Industrial Specialties
ZBIO,Zenas BioPharma Inc. Common Stock,$32.47,-1.14,-3.392%,1367321863.00,United States,2024,552685,Health Care,Biotechnology: Pharmaceutical Preparations
ZBRA,Zebra Technologies Corporation Class A Common Stock,$260.63,1.09,0.42%,13203578872.00,United States,1991,658124,Industrials,Industrial Machinery/Components
ZCMD,Zhongchao Inc. Class A Ordinary Shares,$0.6605,-0.0352,-5.06%,16769370.00,China,2020,6267,Real Estate,Other Consumer Services
ZD,Ziff Davis Inc. Common Stock,$32.22,-0.37,-1.135%,1321113535.00,United States,,731343,Telecommunications,Telecommunications Equipment
ZDAI,DirectBooking Technology Co. Ltd. Ordinary Shares,$0.411,0.0164,4.156%,10850400.00,Hong Kong,2024,322837,Consumer Discretionary,General Bldg Contractors - Nonresidential Bldgs
ZDGE,Zedge Inc. Class B Common Stock ,$2.82,0.01,0.356%,36671029.00,,2016,11577,Technology,Computer Software: Prepackaged Software
ZENA,ZenaTech Inc. Common Stock,$3.92,-0.15,-3.686%,99964406.00,Canada,,656184,Technology,Computer Software: Prepackaged Software
ZENV,Zenvia Inc. Class A Common Stock,$1.338,0.058,4.531%,69488540.00,Brazil,2021,7829,Technology,Computer Software: Prepackaged Software
ZEO,Zeo Energy Corporation Class A Common Stock,$1.57,0.21,15.441%,86086290.00,United States,2021,323104,Miscellaneous,Industrial Machinery/Components
ZEOWW,Zeo Energy Corporation Warrants,$0.0444,-0.0001,-0.225%,2434542.00,United States,2021,1909,Miscellaneous,Industrial Machinery/Components
ZEPP,Zepp Health Corporation American depositary shares each representing sixteen Class A ordinary shares,$22.40,-4.89,-17.919%,321844589.00,China,,732170,Technology,Computer Manufacturing
ZETA,Zeta Global Holdings Corp. Class A Common Stock,$19.89,0.38,1.948%,4785280940.00,United States,2021,6470147,Technology,Computer Software: Prepackaged Software
ZEUS,Olympic Steel Inc. Common Stock,$34.26,-0.09,-0.262%,383630495.00,United States,1994,185907,Industrials,Metal Fabrications
ZG,Zillow Group Inc. Class A Common Stock,$70.82,0.01,0.014%,17142025617.00,United States,2011,611672,Real Estate,Real Estate
ZGM,Zenta Group Company Limited Ordinary Shares,$2.35,-0.12,-4.858%,27222022.00,Macau,2025,10561,Consumer Discretionary,Professional Services
ZGN,Ermenegildo Zegna N.V. Ordinary Shares,$9.98,0.17,1.733%,2520747192.00,,2021,335683,Consumer Discretionary,Apparel
ZH,Zhihu Inc. American Depositary Shares each representing three (3) Class A Ordinary Shares,$4.23,0.08,1.928%,370399362.00,China,,54038,Real Estate,Real Estate
ZIM,ZIM Integrated Shipping Services Ltd. Ordinary Shares,$15.25,0.52,3.53%,1836977028.00,,2021,5466767,Consumer Discretionary,Marine Transportation
ZION,Zions Bancorporation N.A. Common Stock,$52.61,0.37,0.708%,7767394799.00,United States,,1515419,Finance,Major Banks
ZIONP,Zions Bancorporation N.A. Depositary Shares (Each representing 1/40th Interest in a Share of Series A Floating-Rate Non-Cumulative Perpetual Preferred Stock),$21.30,-0.0985,-0.46%,3144754024.00,United States,,10548,Finance,Major Banks
ZIP,ZipRecruiter Inc. Class A Common Stock,$4.47,0.10,2.288%,382450692.00,United States,2021,628801,Technology,Computer Software: Programming Data Processing
ZJK,ZJK Industrial Co. Ltd. Ordinary Shares,$2.11,-0.08,-3.653%,129514435.00,China,2024,23530,Industrials,Metal Fabrications
ZJYL,JIN MEDICAL INTERNATIONAL LTD. Ordinary Shares,$0.2618,-0.0074,-2.749%,40984031.00,China,2023,1160755,Health Care,Industrial Specialties
ZK,ZEEKR Intelligent Technology Holding Limited American Depositary Shares (each representing ten (10) Ordinary Shares),$27.90,0.33,1.197%,7092099481.00,Cayman Islands,2024,108144,Industrials,Auto Manufacturing
ZKH,ZKH Group Limited American Depositary Shares each representing thirty-five (35) Class A Ordinary Shares,$3.03,0.03,1.00%,484235002.00,Cayman Islands,2023,31514,Consumer Discretionary,RETAIL: Building Materials
ZKIN,ZK International Group Co. Ltd Ordinary Share,$2.73,-0.06,-2.151%,14097573.00,China,2017,11580,Industrials,Metal Fabrications
ZLAB,Zai Lab Limited American Depositary Shares,$21.89,-0.01,-0.046%,2420897406.00,China,2017,1242886,Health Care,Biotechnology: Pharmaceutical Preparations
ZM,Zoom Communications Inc. Class A Common Stock,$83.16,1.47,1.799%,24888903510.00,United States,2019,2074668,Technology,Computer Software: Programming Data Processing
ZNB,Zeta Network Group Class A Ordinary Shares,$1.08,-0.01,-0.917%,1233784.00,United States,,775381,Consumer Discretionary,Engineering & Construction
ZNTL,Zentalis Pharmaceuticals Inc. Common Stock,$1.32,0.04,3.125%,95218798.00,United States,2020,368062,Health Care,Biotechnology: Pharmaceutical Preparations
ZONE,CleanCore Solutions Inc. Class B Common Stock,$0.52,-0.3301,-38.831%,5811440.00,,2024,40408005,Industrials,Industrial Machinery/Components
ZOOZ,ZOOZ Strategy Ltd. Ordinary Shares,$0.64,0.001,0.156%,103615860.00,Israel,,1342076,Technology,Industrial Machinery/Components
ZOOZW,ZOOZ Strategy Ltd. Warrant,$0.0817,0.0016,1.998%,13227212.00,Israel,,2739,Technology,Industrial Machinery/Components
ZS,Zscaler Inc. Common Stock,$328.90,8.89,2.778%,52065140685.00,United States,2018,1027719,Technology,EDP Services
ZSPC,zSpace Inc. Common stock,$0.75,-0.0474,-5.944%,17888076.00,United States,2024,373207,Technology,Computer Software: Prepackaged Software
ZTEK,Zentek Ltd. Common Stock,$0.7921,-0.0108,-1.345%,82941155.00,Canada,,91222,Industrials,Major Chemicals
ZTO,ZTO Express (Cayman) Inc. American Depositary Shares each representing one Class A ordinary share.,$18.92,0.08,0.425%,15220543831.00,China,2016,1302514,Industrials,Trucking Freight/Courier Services
ZTR,Virtus Total Return Fund Inc.,$6.51,0.06,0.93%,0.00,United States,1988,364520,Finance,Investment Managers
ZTS,Zoetis Inc. Class A Common Stock,$119.79,-0.45,-0.374%,52790640105.00,United States,2013,4828380,Health Care,Biotechnology: Pharmaceutical Preparations
ZUMZ,Zumiez Inc. Common Stock,$22.17,0.46,2.119%,380293738.00,United States,2005,132026,Consumer Discretionary,Clothing/Shoe/Accessory Stores
ZURA,Zura Bio Limited Class A Ordinary Shares,$3.91,0.24,6.54%,254220607.00,Cayman Islands,,366596,Health Care,Biotechnology: Biological Products (No Diagnostic Substances)
ZVIA,Zevia PBC Class A Common Stock,$2.61,-0.06,-2.247%,195760411.00,United States,2021,1206382,Consumer Staples,Beverages (Production/Distribution)
ZVRA,Zevra Therapeutics Inc. Common Stock,$9.10,0.29,3.292%,512307569.00,United States,,2269122,Health Care,Biotechnology: Pharmaceutical Preparations
ZWS,Zurn Elkay Water Solutions Corporation Common Stock,$47.60,0.14,0.295%,7965898937.00,United States,2012,430430,Industrials,Industrial Machinery/Components
ZYBT,Zhengye Biotechnology Holding Limited Ordinary Shares,$2.07,0.02,0.976%,98100148.00,China,2025,54223,Health Care,Biotechnology: Pharmaceutical Preparations
ZYME,Zymeworks Inc. Common Stock,$18.05,1.59,9.66%,1350799439.00,United States,,1484138,Health Care,Biotechnology: Pharmaceutical Preparations
ZYXI,Zynex Inc. Common Stock,$1.18,0.14,13.462%,35750982.00,United States,,185039,Health Care,Biotechnology: Electromedical & Electrotherapeutic Apparatus
